ISO-10303-21;
HEADER;
/* Generated by software containing ST-Developer
 * from STEP Tools, Inc. (www.steptools.com) 
 */

FILE_DESCRIPTION(
/* description */ (''),
/* implementation_level */ '2;1');

FILE_NAME(
/* name */ '01 - STANDARD EXTERNAL INVOLUTE MITER BEVEL GEAR.step',
/* time_stamp */ '2026-10-08T16:57:46+05:30',
/* author */ (''),
/* organization */ (''),
/* preprocessor_version */ 'ST-DEVELOPER v20.2',
/* originating_system */ 'Autodesk Translation Framework v15.15.0.0',
/* authorisation */ '');

FILE_SCHEMA (('AUTOMOTIVE_DESIGN { 1 0 10303 214 3 1 1 }'));
ENDSEC;

DATA;
#10=MECHANICAL_DESIGN_GEOMETRIC_PRESENTATION_REPRESENTATION('',(#17),#7007);
#11=ITEM_DEFINED_TRANSFORMATION($,$,#2637,#2818);
#12=(
REPRESENTATION_RELATIONSHIP($,$,#7018,#7017)
REPRESENTATION_RELATIONSHIP_WITH_TRANSFORMATION(#11)
SHAPE_REPRESENTATION_RELATIONSHIP()
);
#13=CONTEXT_DEPENDENT_SHAPE_REPRESENTATION(#12,#7016);
#14=NEXT_ASSEMBLY_USAGE_OCCURRENCE(
'01 - STANDARD EXTERNAL INVOLUTE MITER BEVEL GEAR:1',
'01 - STANDARD EXTERNAL INVOLUTE MITER BEVEL GEAR:1',
'01 - STANDARD EXTERNAL INVOLUTE MITER BEVEL GEAR:1',#7020,#7021,
'01 - STANDARD EXTERNAL INVOLUTE MITER BEVEL GEAR:1');
#15=SHAPE_REPRESENTATION_RELATIONSHIP('SRR','None',#7018,#16);
#16=ADVANCED_BREP_SHAPE_REPRESENTATION('',(#18),#7006);
#17=STYLED_ITEM('',(#7031),#18);
#18=MANIFOLD_SOLID_BREP(
'01 - STANDARD EXTERNAL INVOLUTE MITER BEVEL GEAR',#2623);
#19=ELLIPSE('',#2716,47.3201691832783,35.925);
#20=ELLIPSE('',#2717,47.3201691832783,35.925);
#21=ELLIPSE('',#2718,47.3201691832783,35.925);
#22=ELLIPSE('',#2719,47.3201691832783,35.925);
#23=ELLIPSE('',#2720,47.3201691832783,35.925);
#24=ELLIPSE('',#2721,47.3201691832783,35.925);
#25=ELLIPSE('',#2722,47.3201691832783,35.925);
#26=ELLIPSE('',#2723,47.3201691832783,35.925);
#27=ELLIPSE('',#2724,47.3201691832783,35.925);
#28=ELLIPSE('',#2725,47.3201691832783,35.925);
#29=ELLIPSE('',#2726,47.3201691832783,35.925);
#30=ELLIPSE('',#2727,47.3201691832783,35.925);
#31=ELLIPSE('',#2728,47.3201691832783,35.925);
#32=ELLIPSE('',#2729,47.3201691832783,35.925);
#33=ELLIPSE('',#2730,47.3201691832783,35.925);
#34=ELLIPSE('',#2731,47.3201691832783,35.925);
#35=ELLIPSE('',#2732,47.3201691832783,35.925);
#36=ELLIPSE('',#2733,47.3201691832783,35.925);
#37=ELLIPSE('',#2734,47.3201691832783,35.925);
#38=CYLINDRICAL_SURFACE('',#2715,35.925);
#39=CYLINDRICAL_SURFACE('',#2807,2.6);
#40=CYLINDRICAL_SURFACE('',#2810,2.6);
#41=CYLINDRICAL_SURFACE('',#2813,4.85);
#42=B_SPLINE_SURFACE_WITH_KNOTS('',3,3,((#3840,#3841,#3842,#3843),(#3844,
#3845,#3846,#3847),(#3848,#3849,#3850,#3851),(#3852,#3853,#3854,#3855),
(#3856,#3857,#3858,#3859),(#3860,#3861,#3862,#3863)),.UNSPECIFIED.,.F.,
 .F.,.F.,(4,1,1,4),(4,4),(0.,0.571428571428571,0.857142857142857,1.),(0.00185018800571183,
0.581893524298811),.UNSPECIFIED.);
#43=B_SPLINE_SURFACE_WITH_KNOTS('',3,3,((#3920,#3921,#3922,#3923),(#3924,
#3925,#3926,#3927),(#3928,#3929,#3930,#3931),(#3932,#3933,#3934,#3935),
(#3936,#3937,#3938,#3939),(#3940,#3941,#3942,#3943)),.UNSPECIFIED.,.F.,
 .F.,.F.,(4,1,1,4),(4,4),(0.,0.571428571428571,0.857142857142857,1.),(0.00185018800571175,
0.581893524298811),.UNSPECIFIED.);
#44=B_SPLINE_SURFACE_WITH_KNOTS('',3,3,((#4006,#4007,#4008,#4009),(#4010,
#4011,#4012,#4013),(#4014,#4015,#4016,#4017),(#4018,#4019,#4020,#4021),
(#4022,#4023,#4024,#4025),(#4026,#4027,#4028,#4029)),.UNSPECIFIED.,.F.,
 .F.,.F.,(4,1,1,4),(4,4),(0.,0.571428571428571,0.857142857142857,1.),(0.0018501880057118,
0.581893524298811),.UNSPECIFIED.);
#45=B_SPLINE_SURFACE_WITH_KNOTS('',3,3,((#4092,#4093,#4094,#4095),(#4096,
#4097,#4098,#4099),(#4100,#4101,#4102,#4103),(#4104,#4105,#4106,#4107),
(#4108,#4109,#4110,#4111),(#4112,#4113,#4114,#4115)),.UNSPECIFIED.,.F.,
 .F.,.F.,(4,1,1,4),(4,4),(0.,0.571428571428571,0.857142857142857,1.),(0.00185018800571216,
0.581893524298811),.UNSPECIFIED.);
#46=B_SPLINE_SURFACE_WITH_KNOTS('',3,3,((#4178,#4179,#4180,#4181),(#4182,
#4183,#4184,#4185),(#4186,#4187,#4188,#4189),(#4190,#4191,#4192,#4193),
(#4194,#4195,#4196,#4197),(#4198,#4199,#4200,#4201)),.UNSPECIFIED.,.F.,
 .F.,.F.,(4,1,1,4),(4,4),(0.,0.571428571428571,0.857142857142857,1.),(0.00185018800571133,
0.581893524298811),.UNSPECIFIED.);
#47=B_SPLINE_SURFACE_WITH_KNOTS('',3,3,((#4264,#4265,#4266,#4267),(#4268,
#4269,#4270,#4271),(#4272,#4273,#4274,#4275),(#4276,#4277,#4278,#4279),
(#4280,#4281,#4282,#4283),(#4284,#4285,#4286,#4287)),.UNSPECIFIED.,.F.,
 .F.,.F.,(4,1,1,4),(4,4),(0.,0.571428571428571,0.857142857142857,1.),(0.00185018800571202,
0.581893524298811),.UNSPECIFIED.);
#48=B_SPLINE_SURFACE_WITH_KNOTS('',3,3,((#4350,#4351,#4352,#4353),(#4354,
#4355,#4356,#4357),(#4358,#4359,#4360,#4361),(#4362,#4363,#4364,#4365),
(#4366,#4367,#4368,#4369),(#4370,#4371,#4372,#4373)),.UNSPECIFIED.,.F.,
 .F.,.F.,(4,1,1,4),(4,4),(0.,0.571428571428571,0.857142857142857,1.),(0.00185018800571188,
0.581893524298811),.UNSPECIFIED.);
#49=B_SPLINE_SURFACE_WITH_KNOTS('',3,3,((#4436,#4437,#4438,#4439),(#4440,
#4441,#4442,#4443),(#4444,#4445,#4446,#4447),(#4448,#4449,#4450,#4451),
(#4452,#4453,#4454,#4455),(#4456,#4457,#4458,#4459)),.UNSPECIFIED.,.F.,
 .F.,.F.,(4,1,1,4),(4,4),(0.,0.571428571428571,0.857142857142857,1.),(0.00185018800571177,
0.581893524298811),.UNSPECIFIED.);
#50=B_SPLINE_SURFACE_WITH_KNOTS('',3,3,((#4522,#4523,#4524,#4525),(#4526,
#4527,#4528,#4529),(#4530,#4531,#4532,#4533),(#4534,#4535,#4536,#4537),
(#4538,#4539,#4540,#4541),(#4542,#4543,#4544,#4545)),.UNSPECIFIED.,.F.,
 .F.,.F.,(4,1,1,4),(4,4),(0.,0.571428571428571,0.857142857142857,1.),(0.00185018800571182,
0.581893524298811),.UNSPECIFIED.);
#51=B_SPLINE_SURFACE_WITH_KNOTS('',3,3,((#4608,#4609,#4610,#4611),(#4612,
#4613,#4614,#4615),(#4616,#4617,#4618,#4619),(#4620,#4621,#4622,#4623),
(#4624,#4625,#4626,#4627),(#4628,#4629,#4630,#4631)),.UNSPECIFIED.,.F.,
 .F.,.F.,(4,1,1,4),(4,4),(0.,0.571428571428571,0.857142857142857,1.),(0.00185018800571177,
0.581893524298811),.UNSPECIFIED.);
#52=B_SPLINE_SURFACE_WITH_KNOTS('',3,3,((#4850,#4851,#4852,#4853),(#4854,
#4855,#4856,#4857),(#4858,#4859,#4860,#4861),(#4862,#4863,#4864,#4865),
(#4866,#4867,#4868,#4869),(#4870,#4871,#4872,#4873)),.UNSPECIFIED.,.F.,
 .F.,.F.,(4,1,1,4),(4,4),(0.,0.285714285714286,0.571428571428571,1.),(0.0018501880060378,
0.581893524298807),.UNSPECIFIED.);
#53=B_SPLINE_SURFACE_WITH_KNOTS('',3,3,((#4944,#4945,#4946,#4947),(#4948,
#4949,#4950,#4951),(#4952,#4953,#4954,#4955),(#4956,#4957,#4958,#4959),
(#4960,#4961,#4962,#4963),(#4964,#4965,#4966,#4967)),.UNSPECIFIED.,.F.,
 .F.,.F.,(4,1,1,4),(4,4),(0.,0.571428571428571,0.857142857142857,1.),(0.00185018800571154,
0.581893524298811),.UNSPECIFIED.);
#54=B_SPLINE_SURFACE_WITH_KNOTS('',3,3,((#5011,#5012,#5013,#5014),(#5015,
#5016,#5017,#5018),(#5019,#5020,#5021,#5022),(#5023,#5024,#5025,#5026),
(#5027,#5028,#5029,#5030),(#5031,#5032,#5033,#5034)),.UNSPECIFIED.,.F.,
 .F.,.F.,(4,1,1,4),(4,4),(0.,0.285714285714286,0.571428571428571,1.),(0.00185018800603771,
0.581893524298807),.UNSPECIFIED.);
#55=B_SPLINE_SURFACE_WITH_KNOTS('',3,3,((#5101,#5102,#5103,#5104),(#5105,
#5106,#5107,#5108),(#5109,#5110,#5111,#5112),(#5113,#5114,#5115,#5116),
(#5117,#5118,#5119,#5120),(#5121,#5122,#5123,#5124)),.UNSPECIFIED.,.F.,
 .F.,.F.,(4,1,1,4),(4,4),(0.,0.571428571428571,0.857142857142857,1.),(0.00185018800571195,
0.581893524298811),.UNSPECIFIED.);
#56=B_SPLINE_SURFACE_WITH_KNOTS('',3,3,((#5168,#5169,#5170,#5171),(#5172,
#5173,#5174,#5175),(#5176,#5177,#5178,#5179),(#5180,#5181,#5182,#5183),
(#5184,#5185,#5186,#5187),(#5188,#5189,#5190,#5191)),.UNSPECIFIED.,.F.,
 .F.,.F.,(4,1,1,4),(4,4),(0.,0.285714285714286,0.571428571428571,1.),(0.00185018800603778,
0.581893524298808),.UNSPECIFIED.);
#57=B_SPLINE_SURFACE_WITH_KNOTS('',3,3,((#5258,#5259,#5260,#5261),(#5262,
#5263,#5264,#5265),(#5266,#5267,#5268,#5269),(#5270,#5271,#5272,#5273),
(#5274,#5275,#5276,#5277),(#5278,#5279,#5280,#5281)),.UNSPECIFIED.,.F.,
 .F.,.F.,(4,1,1,4),(4,4),(0.,0.571428571428571,0.857142857142857,1.),(0.00185018800571193,
0.581893524298811),.UNSPECIFIED.);
#58=B_SPLINE_SURFACE_WITH_KNOTS('',3,3,((#5325,#5326,#5327,#5328),(#5329,
#5330,#5331,#5332),(#5333,#5334,#5335,#5336),(#5337,#5338,#5339,#5340),
(#5341,#5342,#5343,#5344),(#5345,#5346,#5347,#5348)),.UNSPECIFIED.,.F.,
 .F.,.F.,(4,1,1,4),(4,4),(0.,0.285714285714286,0.571428571428571,1.),(0.00185018800603778,
0.581893524298807),.UNSPECIFIED.);
#59=B_SPLINE_SURFACE_WITH_KNOTS('',3,3,((#5415,#5416,#5417,#5418),(#5419,
#5420,#5421,#5422),(#5423,#5424,#5425,#5426),(#5427,#5428,#5429,#5430),
(#5431,#5432,#5433,#5434),(#5435,#5436,#5437,#5438)),.UNSPECIFIED.,.F.,
 .F.,.F.,(4,1,1,4),(4,4),(0.,0.571428571428571,0.857142857142857,1.),(0.00185018800571197,
0.581893524298811),.UNSPECIFIED.);
#60=B_SPLINE_SURFACE_WITH_KNOTS('',3,3,((#5482,#5483,#5484,#5485),(#5486,
#5487,#5488,#5489),(#5490,#5491,#5492,#5493),(#5494,#5495,#5496,#5497),
(#5498,#5499,#5500,#5501),(#5502,#5503,#5504,#5505)),.UNSPECIFIED.,.F.,
 .F.,.F.,(4,1,1,4),(4,4),(0.,0.285714285714286,0.571428571428571,1.),(0.00185018800603777,
0.581893524298807),.UNSPECIFIED.);
#61=B_SPLINE_SURFACE_WITH_KNOTS('',3,3,((#5572,#5573,#5574,#5575),(#5576,
#5577,#5578,#5579),(#5580,#5581,#5582,#5583),(#5584,#5585,#5586,#5587),
(#5588,#5589,#5590,#5591),(#5592,#5593,#5594,#5595)),.UNSPECIFIED.,.F.,
 .F.,.F.,(4,1,1,4),(4,4),(0.,0.571428571428571,0.857142857142857,1.),(0.00185018800571175,
0.581893524298811),.UNSPECIFIED.);
#62=B_SPLINE_SURFACE_WITH_KNOTS('',3,3,((#5639,#5640,#5641,#5642),(#5643,
#5644,#5645,#5646),(#5647,#5648,#5649,#5650),(#5651,#5652,#5653,#5654),
(#5655,#5656,#5657,#5658),(#5659,#5660,#5661,#5662)),.UNSPECIFIED.,.F.,
 .F.,.F.,(4,1,1,4),(4,4),(0.,0.285714285714286,0.571428571428571,1.),(0.00185018800603763,
0.581893524298808),.UNSPECIFIED.);
#63=B_SPLINE_SURFACE_WITH_KNOTS('',3,3,((#5729,#5730,#5731,#5732),(#5733,
#5734,#5735,#5736),(#5737,#5738,#5739,#5740),(#5741,#5742,#5743,#5744),
(#5745,#5746,#5747,#5748),(#5749,#5750,#5751,#5752)),.UNSPECIFIED.,.F.,
 .F.,.F.,(4,1,1,4),(4,4),(0.,0.571428571428571,0.857142857142857,1.),(0.00185018800571198,
0.581893524298811),.UNSPECIFIED.);
#64=B_SPLINE_SURFACE_WITH_KNOTS('',3,3,((#5796,#5797,#5798,#5799),(#5800,
#5801,#5802,#5803),(#5804,#5805,#5806,#5807),(#5808,#5809,#5810,#5811),
(#5812,#5813,#5814,#5815),(#5816,#5817,#5818,#5819)),.UNSPECIFIED.,.F.,
 .F.,.F.,(4,1,1,4),(4,4),(0.,0.285714285714286,0.571428571428571,1.),(0.00185018800603769,
0.581893524298807),.UNSPECIFIED.);
#65=B_SPLINE_SURFACE_WITH_KNOTS('',3,3,((#5886,#5887,#5888,#5889),(#5890,
#5891,#5892,#5893),(#5894,#5895,#5896,#5897),(#5898,#5899,#5900,#5901),
(#5902,#5903,#5904,#5905),(#5906,#5907,#5908,#5909)),.UNSPECIFIED.,.F.,
 .F.,.F.,(4,1,1,4),(4,4),(0.,0.571428571428571,0.857142857142857,1.),(0.00185018800571176,
0.581893524298811),.UNSPECIFIED.);
#66=B_SPLINE_SURFACE_WITH_KNOTS('',3,3,((#5953,#5954,#5955,#5956),(#5957,
#5958,#5959,#5960),(#5961,#5962,#5963,#5964),(#5965,#5966,#5967,#5968),
(#5969,#5970,#5971,#5972),(#5973,#5974,#5975,#5976)),.UNSPECIFIED.,.F.,
 .F.,.F.,(4,1,1,4),(4,4),(0.,0.285714285714286,0.571428571428571,1.),(0.00185018800603771,
0.581893524298807),.UNSPECIFIED.);
#67=B_SPLINE_SURFACE_WITH_KNOTS('',3,3,((#6043,#6044,#6045,#6046),(#6047,
#6048,#6049,#6050),(#6051,#6052,#6053,#6054),(#6055,#6056,#6057,#6058),
(#6059,#6060,#6061,#6062),(#6063,#6064,#6065,#6066)),.UNSPECIFIED.,.F.,
 .F.,.F.,(4,1,1,4),(4,4),(0.,0.571428571428571,0.857142857142857,1.),(0.00185018800571198,
0.581893524298811),.UNSPECIFIED.);
#68=B_SPLINE_SURFACE_WITH_KNOTS('',3,3,((#6110,#6111,#6112,#6113),(#6114,
#6115,#6116,#6117),(#6118,#6119,#6120,#6121),(#6122,#6123,#6124,#6125),
(#6126,#6127,#6128,#6129),(#6130,#6131,#6132,#6133)),.UNSPECIFIED.,.F.,
 .F.,.F.,(4,1,1,4),(4,4),(0.,0.285714285714286,0.571428571428571,1.),(0.00185018800603771,
0.581893524298807),.UNSPECIFIED.);
#69=B_SPLINE_SURFACE_WITH_KNOTS('',3,3,((#6198,#6199,#6200,#6201),(#6202,
#6203,#6204,#6205),(#6206,#6207,#6208,#6209),(#6210,#6211,#6212,#6213),
(#6214,#6215,#6216,#6217),(#6218,#6219,#6220,#6221)),.UNSPECIFIED.,.F.,
 .F.,.F.,(4,1,1,4),(4,4),(0.,0.285714285714286,0.571428571428571,1.),(0.00185018800603774,
0.581893524298807),.UNSPECIFIED.);
#70=B_SPLINE_SURFACE_WITH_KNOTS('',3,3,((#6286,#6287,#6288,#6289),(#6290,
#6291,#6292,#6293),(#6294,#6295,#6296,#6297),(#6298,#6299,#6300,#6301),
(#6302,#6303,#6304,#6305),(#6306,#6307,#6308,#6309)),.UNSPECIFIED.,.F.,
 .F.,.F.,(4,1,1,4),(4,4),(0.,0.285714285714286,0.571428571428571,1.),(0.00185018800603778,
0.581893524298807),.UNSPECIFIED.);
#71=B_SPLINE_SURFACE_WITH_KNOTS('',3,3,((#6374,#6375,#6376,#6377),(#6378,
#6379,#6380,#6381),(#6382,#6383,#6384,#6385),(#6386,#6387,#6388,#6389),
(#6390,#6391,#6392,#6393),(#6394,#6395,#6396,#6397)),.UNSPECIFIED.,.F.,
 .F.,.F.,(4,1,1,4),(4,4),(0.,0.285714285714286,0.571428571428571,1.),(0.00185018800603771,
0.581893524298807),.UNSPECIFIED.);
#72=B_SPLINE_SURFACE_WITH_KNOTS('',3,3,((#6462,#6463,#6464,#6465),(#6466,
#6467,#6468,#6469),(#6470,#6471,#6472,#6473),(#6474,#6475,#6476,#6477),
(#6478,#6479,#6480,#6481),(#6482,#6483,#6484,#6485)),.UNSPECIFIED.,.F.,
 .F.,.F.,(4,1,1,4),(4,4),(0.,0.285714285714286,0.571428571428571,1.),(0.00185018800603795,
0.581893524298807),.UNSPECIFIED.);
#73=B_SPLINE_SURFACE_WITH_KNOTS('',3,3,((#6550,#6551,#6552,#6553),(#6554,
#6555,#6556,#6557),(#6558,#6559,#6560,#6561),(#6562,#6563,#6564,#6565),
(#6566,#6567,#6568,#6569),(#6570,#6571,#6572,#6573)),.UNSPECIFIED.,.F.,
 .F.,.F.,(4,1,1,4),(4,4),(0.,0.285714285714286,0.571428571428571,1.),(0.00185018800603761,
0.581893524298807),.UNSPECIFIED.);
#74=B_SPLINE_SURFACE_WITH_KNOTS('',3,3,((#6638,#6639,#6640,#6641),(#6642,
#6643,#6644,#6645),(#6646,#6647,#6648,#6649),(#6650,#6651,#6652,#6653),
(#6654,#6655,#6656,#6657),(#6658,#6659,#6660,#6661)),.UNSPECIFIED.,.F.,
 .F.,.F.,(4,1,1,4),(4,4),(0.,0.285714285714286,0.571428571428571,1.),(0.00185018800603779,
0.581893524298807),.UNSPECIFIED.);
#75=B_SPLINE_SURFACE_WITH_KNOTS('',3,3,((#6726,#6727,#6728,#6729),(#6730,
#6731,#6732,#6733),(#6734,#6735,#6736,#6737),(#6738,#6739,#6740,#6741),
(#6742,#6743,#6744,#6745),(#6746,#6747,#6748,#6749)),.UNSPECIFIED.,.F.,
 .F.,.F.,(4,1,1,4),(4,4),(0.,0.285714285714286,0.571428571428571,1.),(0.00185018800603778,
0.581893524298807),.UNSPECIFIED.);
#76=B_SPLINE_SURFACE_WITH_KNOTS('',3,3,((#6814,#6815,#6816,#6817),(#6818,
#6819,#6820,#6821),(#6822,#6823,#6824,#6825),(#6826,#6827,#6828,#6829),
(#6830,#6831,#6832,#6833),(#6834,#6835,#6836,#6837)),.UNSPECIFIED.,.F.,
 .F.,.F.,(4,1,1,4),(4,4),(0.,0.285714285714286,0.571428571428571,1.),(0.00185018800603787,
0.581893524298807),.UNSPECIFIED.);
#77=B_SPLINE_SURFACE_WITH_KNOTS('',3,3,((#6900,#6901,#6902,#6903),(#6904,
#6905,#6906,#6907),(#6908,#6909,#6910,#6911),(#6912,#6913,#6914,#6915),
(#6916,#6917,#6918,#6919),(#6920,#6921,#6922,#6923)),.UNSPECIFIED.,.F.,
 .F.,.F.,(4,1,1,4),(4,4),(0.,0.285714285714286,0.571428571428571,1.),(0.00185018800603784,
0.581893524298807),.UNSPECIFIED.);
#78=FACE_BOUND('',#295,.T.);
#79=FACE_BOUND('',#413,.T.);
#80=PLANE('',#2692);
#81=PLANE('',#2696);
#82=PLANE('',#2697);
#83=PLANE('',#2698);
#84=PLANE('',#2699);
#85=PLANE('',#2700);
#86=PLANE('',#2701);
#87=PLANE('',#2702);
#88=PLANE('',#2703);
#89=PLANE('',#2704);
#90=PLANE('',#2705);
#91=PLANE('',#2706);
#92=PLANE('',#2707);
#93=PLANE('',#2708);
#94=PLANE('',#2709);
#95=PLANE('',#2710);
#96=PLANE('',#2711);
#97=PLANE('',#2712);
#98=PLANE('',#2713);
#99=PLANE('',#2714);
#100=PLANE('',#2735);
#101=PLANE('',#2740);
#102=PLANE('',#2741);
#103=PLANE('',#2744);
#104=PLANE('',#2745);
#105=PLANE('',#2748);
#106=PLANE('',#2749);
#107=PLANE('',#2752);
#108=PLANE('',#2753);
#109=PLANE('',#2756);
#110=PLANE('',#2757);
#111=PLANE('',#2760);
#112=PLANE('',#2761);
#113=PLANE('',#2764);
#114=PLANE('',#2765);
#115=PLANE('',#2768);
#116=PLANE('',#2769);
#117=PLANE('',#2772);
#118=PLANE('',#2773);
#119=PLANE('',#2776);
#120=PLANE('',#2777);
#121=PLANE('',#2780);
#122=PLANE('',#2781);
#123=PLANE('',#2784);
#124=PLANE('',#2785);
#125=PLANE('',#2788);
#126=PLANE('',#2789);
#127=PLANE('',#2792);
#128=PLANE('',#2793);
#129=PLANE('',#2796);
#130=PLANE('',#2797);
#131=PLANE('',#2800);
#132=PLANE('',#2801);
#133=PLANE('',#2804);
#134=PLANE('',#2805);
#135=PLANE('',#2806);
#136=PLANE('',#2809);
#137=PLANE('',#2812);
#138=PLANE('',#2816);
#139=PLANE('',#2817);
#140=FACE_OUTER_BOUND('',#276,.T.);
#141=FACE_OUTER_BOUND('',#277,.T.);
#142=FACE_OUTER_BOUND('',#278,.T.);
#143=FACE_OUTER_BOUND('',#279,.T.);
#144=FACE_OUTER_BOUND('',#280,.T.);
#145=FACE_OUTER_BOUND('',#281,.T.);
#146=FACE_OUTER_BOUND('',#282,.T.);
#147=FACE_OUTER_BOUND('',#283,.T.);
#148=FACE_OUTER_BOUND('',#284,.T.);
#149=FACE_OUTER_BOUND('',#285,.T.);
#150=FACE_OUTER_BOUND('',#286,.T.);
#151=FACE_OUTER_BOUND('',#287,.T.);
#152=FACE_OUTER_BOUND('',#288,.T.);
#153=FACE_OUTER_BOUND('',#289,.T.);
#154=FACE_OUTER_BOUND('',#290,.T.);
#155=FACE_OUTER_BOUND('',#291,.T.);
#156=FACE_OUTER_BOUND('',#292,.T.);
#157=FACE_OUTER_BOUND('',#293,.T.);
#158=FACE_OUTER_BOUND('',#294,.T.);
#159=FACE_OUTER_BOUND('',#296,.T.);
#160=FACE_OUTER_BOUND('',#297,.T.);
#161=FACE_OUTER_BOUND('',#298,.T.);
#162=FACE_OUTER_BOUND('',#299,.T.);
#163=FACE_OUTER_BOUND('',#300,.T.);
#164=FACE_OUTER_BOUND('',#301,.T.);
#165=FACE_OUTER_BOUND('',#302,.T.);
#166=FACE_OUTER_BOUND('',#303,.T.);
#167=FACE_OUTER_BOUND('',#304,.T.);
#168=FACE_OUTER_BOUND('',#305,.T.);
#169=FACE_OUTER_BOUND('',#306,.T.);
#170=FACE_OUTER_BOUND('',#307,.T.);
#171=FACE_OUTER_BOUND('',#308,.T.);
#172=FACE_OUTER_BOUND('',#309,.T.);
#173=FACE_OUTER_BOUND('',#310,.T.);
#174=FACE_OUTER_BOUND('',#311,.T.);
#175=FACE_OUTER_BOUND('',#312,.T.);
#176=FACE_OUTER_BOUND('',#313,.T.);
#177=FACE_OUTER_BOUND('',#314,.T.);
#178=FACE_OUTER_BOUND('',#315,.T.);
#179=FACE_OUTER_BOUND('',#316,.T.);
#180=FACE_OUTER_BOUND('',#317,.T.);
#181=FACE_OUTER_BOUND('',#318,.T.);
#182=FACE_OUTER_BOUND('',#319,.T.);
#183=FACE_OUTER_BOUND('',#320,.T.);
#184=FACE_OUTER_BOUND('',#321,.T.);
#185=FACE_OUTER_BOUND('',#322,.T.);
#186=FACE_OUTER_BOUND('',#323,.T.);
#187=FACE_OUTER_BOUND('',#324,.T.);
#188=FACE_OUTER_BOUND('',#325,.T.);
#189=FACE_OUTER_BOUND('',#326,.T.);
#190=FACE_OUTER_BOUND('',#327,.T.);
#191=FACE_OUTER_BOUND('',#328,.T.);
#192=FACE_OUTER_BOUND('',#329,.T.);
#193=FACE_OUTER_BOUND('',#330,.T.);
#194=FACE_OUTER_BOUND('',#331,.T.);
#195=FACE_OUTER_BOUND('',#332,.T.);
#196=FACE_OUTER_BOUND('',#333,.T.);
#197=FACE_OUTER_BOUND('',#334,.T.);
#198=FACE_OUTER_BOUND('',#335,.T.);
#199=FACE_OUTER_BOUND('',#336,.T.);
#200=FACE_OUTER_BOUND('',#337,.T.);
#201=FACE_OUTER_BOUND('',#338,.T.);
#202=FACE_OUTER_BOUND('',#339,.T.);
#203=FACE_OUTER_BOUND('',#340,.T.);
#204=FACE_OUTER_BOUND('',#341,.T.);
#205=FACE_OUTER_BOUND('',#342,.T.);
#206=FACE_OUTER_BOUND('',#343,.T.);
#207=FACE_OUTER_BOUND('',#344,.T.);
#208=FACE_OUTER_BOUND('',#345,.T.);
#209=FACE_OUTER_BOUND('',#346,.T.);
#210=FACE_OUTER_BOUND('',#347,.T.);
#211=FACE_OUTER_BOUND('',#348,.T.);
#212=FACE_OUTER_BOUND('',#349,.T.);
#213=FACE_OUTER_BOUND('',#350,.T.);
#214=FACE_OUTER_BOUND('',#351,.T.);
#215=FACE_OUTER_BOUND('',#352,.T.);
#216=FACE_OUTER_BOUND('',#353,.T.);
#217=FACE_OUTER_BOUND('',#354,.T.);
#218=FACE_OUTER_BOUND('',#355,.T.);
#219=FACE_OUTER_BOUND('',#356,.T.);
#220=FACE_OUTER_BOUND('',#357,.T.);
#221=FACE_OUTER_BOUND('',#358,.T.);
#222=FACE_OUTER_BOUND('',#359,.T.);
#223=FACE_OUTER_BOUND('',#360,.T.);
#224=FACE_OUTER_BOUND('',#361,.T.);
#225=FACE_OUTER_BOUND('',#362,.T.);
#226=FACE_OUTER_BOUND('',#363,.T.);
#227=FACE_OUTER_BOUND('',#364,.T.);
#228=FACE_OUTER_BOUND('',#365,.T.);
#229=FACE_OUTER_BOUND('',#366,.T.);
#230=FACE_OUTER_BOUND('',#367,.T.);
#231=FACE_OUTER_BOUND('',#368,.T.);
#232=FACE_OUTER_BOUND('',#369,.T.);
#233=FACE_OUTER_BOUND('',#370,.T.);
#234=FACE_OUTER_BOUND('',#371,.T.);
#235=FACE_OUTER_BOUND('',#372,.T.);
#236=FACE_OUTER_BOUND('',#373,.T.);
#237=FACE_OUTER_BOUND('',#374,.T.);
#238=FACE_OUTER_BOUND('',#375,.T.);
#239=FACE_OUTER_BOUND('',#376,.T.);
#240=FACE_OUTER_BOUND('',#377,.T.);
#241=FACE_OUTER_BOUND('',#378,.T.);
#242=FACE_OUTER_BOUND('',#379,.T.);
#243=FACE_OUTER_BOUND('',#380,.T.);
#244=FACE_OUTER_BOUND('',#381,.T.);
#245=FACE_OUTER_BOUND('',#382,.T.);
#246=FACE_OUTER_BOUND('',#383,.T.);
#247=FACE_OUTER_BOUND('',#384,.T.);
#248=FACE_OUTER_BOUND('',#385,.T.);
#249=FACE_OUTER_BOUND('',#386,.T.);
#250=FACE_OUTER_BOUND('',#387,.T.);
#251=FACE_OUTER_BOUND('',#388,.T.);
#252=FACE_OUTER_BOUND('',#389,.T.);
#253=FACE_OUTER_BOUND('',#390,.T.);
#254=FACE_OUTER_BOUND('',#391,.T.);
#255=FACE_OUTER_BOUND('',#392,.T.);
#256=FACE_OUTER_BOUND('',#393,.T.);
#257=FACE_OUTER_BOUND('',#394,.T.);
#258=FACE_OUTER_BOUND('',#395,.T.);
#259=FACE_OUTER_BOUND('',#396,.T.);
#260=FACE_OUTER_BOUND('',#397,.T.);
#261=FACE_OUTER_BOUND('',#398,.T.);
#262=FACE_OUTER_BOUND('',#399,.T.);
#263=FACE_OUTER_BOUND('',#400,.T.);
#264=FACE_OUTER_BOUND('',#401,.T.);
#265=FACE_OUTER_BOUND('',#402,.T.);
#266=FACE_OUTER_BOUND('',#403,.T.);
#267=FACE_OUTER_BOUND('',#404,.T.);
#268=FACE_OUTER_BOUND('',#405,.T.);
#269=FACE_OUTER_BOUND('',#406,.T.);
#270=FACE_OUTER_BOUND('',#407,.T.);
#271=FACE_OUTER_BOUND('',#408,.T.);
#272=FACE_OUTER_BOUND('',#409,.T.);
#273=FACE_OUTER_BOUND('',#410,.T.);
#274=FACE_OUTER_BOUND('',#411,.T.);
#275=FACE_OUTER_BOUND('',#412,.T.);
#276=EDGE_LOOP('',(#1659,#1660,#1661,#1662,#1663,#1664));
#277=EDGE_LOOP('',(#1665,#1666,#1667,#1668,#1669,#1670));
#278=EDGE_LOOP('',(#1671,#1672,#1673,#1674,#1675,#1676));
#279=EDGE_LOOP('',(#1677,#1678,#1679,#1680,#1681,#1682));
#280=EDGE_LOOP('',(#1683,#1684,#1685,#1686,#1687,#1688));
#281=EDGE_LOOP('',(#1689,#1690,#1691,#1692,#1693,#1694));
#282=EDGE_LOOP('',(#1695,#1696,#1697,#1698,#1699,#1700));
#283=EDGE_LOOP('',(#1701,#1702,#1703,#1704,#1705,#1706));
#284=EDGE_LOOP('',(#1707,#1708,#1709,#1710,#1711,#1712));
#285=EDGE_LOOP('',(#1713,#1714,#1715,#1716,#1717,#1718));
#286=EDGE_LOOP('',(#1719,#1720,#1721,#1722,#1723,#1724));
#287=EDGE_LOOP('',(#1725,#1726,#1727,#1728,#1729,#1730));
#288=EDGE_LOOP('',(#1731,#1732,#1733,#1734,#1735,#1736));
#289=EDGE_LOOP('',(#1737,#1738,#1739,#1740,#1741,#1742));
#290=EDGE_LOOP('',(#1743,#1744,#1745,#1746,#1747,#1748));
#291=EDGE_LOOP('',(#1749,#1750,#1751,#1752,#1753,#1754));
#292=EDGE_LOOP('',(#1755,#1756,#1757,#1758,#1759,#1760));
#293=EDGE_LOOP('',(#1761,#1762,#1763,#1764,#1765,#1766));
#294=EDGE_LOOP('',(#1767));
#295=EDGE_LOOP('',(#1768,#1769,#1770,#1771));
#296=EDGE_LOOP('',(#1772,#1773,#1774,#1775,#1776));
#297=EDGE_LOOP('',(#1777,#1778,#1779,#1780));
#298=EDGE_LOOP('',(#1781,#1782,#1783,#1784,#1785));
#299=EDGE_LOOP('',(#1786,#1787,#1788,#1789));
#300=EDGE_LOOP('',(#1790,#1791,#1792,#1793));
#301=EDGE_LOOP('',(#1794,#1795,#1796,#1797,#1798));
#302=EDGE_LOOP('',(#1799,#1800,#1801,#1802));
#303=EDGE_LOOP('',(#1803,#1804,#1805,#1806));
#304=EDGE_LOOP('',(#1807,#1808,#1809,#1810,#1811));
#305=EDGE_LOOP('',(#1812,#1813,#1814,#1815));
#306=EDGE_LOOP('',(#1816,#1817,#1818,#1819));
#307=EDGE_LOOP('',(#1820,#1821,#1822,#1823,#1824));
#308=EDGE_LOOP('',(#1825,#1826,#1827,#1828));
#309=EDGE_LOOP('',(#1829,#1830,#1831,#1832));
#310=EDGE_LOOP('',(#1833,#1834,#1835,#1836,#1837));
#311=EDGE_LOOP('',(#1838,#1839,#1840,#1841));
#312=EDGE_LOOP('',(#1842,#1843,#1844,#1845));
#313=EDGE_LOOP('',(#1846,#1847,#1848,#1849,#1850));
#314=EDGE_LOOP('',(#1851,#1852,#1853,#1854));
#315=EDGE_LOOP('',(#1855,#1856,#1857,#1858));
#316=EDGE_LOOP('',(#1859,#1860,#1861,#1862,#1863));
#317=EDGE_LOOP('',(#1864,#1865,#1866,#1867));
#318=EDGE_LOOP('',(#1868,#1869,#1870,#1871));
#319=EDGE_LOOP('',(#1872,#1873,#1874,#1875,#1876));
#320=EDGE_LOOP('',(#1877,#1878,#1879,#1880));
#321=EDGE_LOOP('',(#1881,#1882,#1883,#1884));
#322=EDGE_LOOP('',(#1885,#1886,#1887,#1888,#1889));
#323=EDGE_LOOP('',(#1890,#1891,#1892,#1893));
#324=EDGE_LOOP('',(#1894,#1895,#1896,#1897));
#325=EDGE_LOOP('',(#1898,#1899,#1900,#1901,#1902,#1903,#1904,#1905,#1906,
#1907,#1908,#1909,#1910,#1911,#1912,#1913,#1914,#1915,#1916,#1917,#1918,
#1919,#1920,#1921,#1922,#1923,#1924,#1925,#1926,#1927,#1928,#1929,#1930,
#1931,#1932,#1933,#1934,#1935,#1936,#1937,#1938,#1939,#1940,#1941,#1942,
#1943,#1944,#1945,#1946,#1947,#1948,#1949,#1950,#1951,#1952,#1953,#1954,
#1955,#1956,#1957,#1958,#1959,#1960,#1961,#1962,#1963,#1964,#1965,#1966,
#1967,#1968,#1969,#1970,#1971,#1972,#1973));
#326=EDGE_LOOP('',(#1974,#1975,#1976,#1977));
#327=EDGE_LOOP('',(#1978,#1979,#1980,#1981,#1982));
#328=EDGE_LOOP('',(#1983,#1984,#1985,#1986));
#329=EDGE_LOOP('',(#1987,#1988,#1989,#1990));
#330=EDGE_LOOP('',(#1991,#1992,#1993,#1994));
#331=EDGE_LOOP('',(#1995,#1996,#1997,#1998));
#332=EDGE_LOOP('',(#1999,#2000,#2001,#2002,#2003));
#333=EDGE_LOOP('',(#2004,#2005,#2006,#2007,#2008));
#334=EDGE_LOOP('',(#2009,#2010,#2011,#2012));
#335=EDGE_LOOP('',(#2013,#2014,#2015,#2016));
#336=EDGE_LOOP('',(#2017,#2018,#2019,#2020));
#337=EDGE_LOOP('',(#2021,#2022,#2023,#2024,#2025));
#338=EDGE_LOOP('',(#2026,#2027,#2028,#2029,#2030));
#339=EDGE_LOOP('',(#2031,#2032,#2033,#2034));
#340=EDGE_LOOP('',(#2035,#2036,#2037,#2038));
#341=EDGE_LOOP('',(#2039,#2040,#2041,#2042));
#342=EDGE_LOOP('',(#2043,#2044,#2045,#2046,#2047));
#343=EDGE_LOOP('',(#2048,#2049,#2050,#2051,#2052));
#344=EDGE_LOOP('',(#2053,#2054,#2055,#2056));
#345=EDGE_LOOP('',(#2057,#2058,#2059,#2060));
#346=EDGE_LOOP('',(#2061,#2062,#2063,#2064));
#347=EDGE_LOOP('',(#2065,#2066,#2067,#2068,#2069));
#348=EDGE_LOOP('',(#2070,#2071,#2072,#2073,#2074));
#349=EDGE_LOOP('',(#2075,#2076,#2077,#2078));
#350=EDGE_LOOP('',(#2079,#2080,#2081,#2082));
#351=EDGE_LOOP('',(#2083,#2084,#2085,#2086));
#352=EDGE_LOOP('',(#2087,#2088,#2089,#2090,#2091));
#353=EDGE_LOOP('',(#2092,#2093,#2094,#2095,#2096));
#354=EDGE_LOOP('',(#2097,#2098,#2099,#2100));
#355=EDGE_LOOP('',(#2101,#2102,#2103,#2104));
#356=EDGE_LOOP('',(#2105,#2106,#2107,#2108));
#357=EDGE_LOOP('',(#2109,#2110,#2111,#2112,#2113));
#358=EDGE_LOOP('',(#2114,#2115,#2116,#2117,#2118));
#359=EDGE_LOOP('',(#2119,#2120,#2121,#2122));
#360=EDGE_LOOP('',(#2123,#2124,#2125,#2126));
#361=EDGE_LOOP('',(#2127,#2128,#2129,#2130));
#362=EDGE_LOOP('',(#2131,#2132,#2133,#2134,#2135));
#363=EDGE_LOOP('',(#2136,#2137,#2138,#2139,#2140));
#364=EDGE_LOOP('',(#2141,#2142,#2143,#2144));
#365=EDGE_LOOP('',(#2145,#2146,#2147,#2148));
#366=EDGE_LOOP('',(#2149,#2150,#2151,#2152,#2153));
#367=EDGE_LOOP('',(#2154,#2155,#2156,#2157,#2158));
#368=EDGE_LOOP('',(#2159,#2160,#2161,#2162,#2163));
#369=EDGE_LOOP('',(#2164,#2165,#2166,#2167));
#370=EDGE_LOOP('',(#2168,#2169,#2170,#2171));
#371=EDGE_LOOP('',(#2172,#2173,#2174,#2175));
#372=EDGE_LOOP('',(#2176,#2177,#2178,#2179,#2180));
#373=EDGE_LOOP('',(#2181,#2182,#2183,#2184));
#374=EDGE_LOOP('',(#2185,#2186,#2187,#2188));
#375=EDGE_LOOP('',(#2189,#2190,#2191,#2192));
#376=EDGE_LOOP('',(#2193,#2194,#2195,#2196,#2197));
#377=EDGE_LOOP('',(#2198,#2199,#2200,#2201));
#378=EDGE_LOOP('',(#2202,#2203,#2204,#2205));
#379=EDGE_LOOP('',(#2206,#2207,#2208,#2209));
#380=EDGE_LOOP('',(#2210,#2211,#2212,#2213,#2214));
#381=EDGE_LOOP('',(#2215,#2216,#2217,#2218));
#382=EDGE_LOOP('',(#2219,#2220,#2221,#2222));
#383=EDGE_LOOP('',(#2223,#2224,#2225,#2226));
#384=EDGE_LOOP('',(#2227,#2228,#2229,#2230,#2231));
#385=EDGE_LOOP('',(#2232,#2233,#2234,#2235));
#386=EDGE_LOOP('',(#2236,#2237,#2238,#2239));
#387=EDGE_LOOP('',(#2240,#2241,#2242,#2243));
#388=EDGE_LOOP('',(#2244,#2245,#2246,#2247,#2248));
#389=EDGE_LOOP('',(#2249,#2250,#2251,#2252));
#390=EDGE_LOOP('',(#2253,#2254,#2255,#2256));
#391=EDGE_LOOP('',(#2257,#2258,#2259,#2260));
#392=EDGE_LOOP('',(#2261,#2262,#2263,#2264,#2265));
#393=EDGE_LOOP('',(#2266,#2267,#2268,#2269));
#394=EDGE_LOOP('',(#2270,#2271,#2272,#2273));
#395=EDGE_LOOP('',(#2274,#2275,#2276,#2277));
#396=EDGE_LOOP('',(#2278,#2279,#2280,#2281,#2282));
#397=EDGE_LOOP('',(#2283,#2284,#2285,#2286));
#398=EDGE_LOOP('',(#2287,#2288,#2289,#2290));
#399=EDGE_LOOP('',(#2291,#2292,#2293,#2294));
#400=EDGE_LOOP('',(#2295,#2296,#2297,#2298,#2299));
#401=EDGE_LOOP('',(#2300,#2301,#2302,#2303));
#402=EDGE_LOOP('',(#2304,#2305,#2306,#2307));
#403=EDGE_LOOP('',(#2308,#2309,#2310,#2311));
#404=EDGE_LOOP('',(#2312,#2313,#2314,#2315,#2316));
#405=EDGE_LOOP('',(#2317,#2318,#2319,#2320));
#406=EDGE_LOOP('',(#2321,#2322,#2323,#2324));
#407=EDGE_LOOP('',(#2325,#2326,#2327,#2328));
#408=EDGE_LOOP('',(#2329,#2330,#2331,#2332));
#409=EDGE_LOOP('',(#2333,#2334,#2335,#2336));
#410=EDGE_LOOP('',(#2337,#2338,#2339,#2340));
#411=EDGE_LOOP('',(#2341));
#412=EDGE_LOOP('',(#2342,#2343,#2344,#2345,#2346,#2347,#2348,#2349,#2350,
#2351,#2352,#2353,#2354,#2355,#2356,#2357,#2358,#2359,#2360,#2361,#2362,
#2363,#2364,#2365,#2366,#2367,#2368,#2369,#2370,#2371,#2372,#2373,#2374,
#2375,#2376,#2377,#2378,#2379,#2380,#2381,#2382,#2383,#2384,#2385,#2386,
#2387,#2388,#2389,#2390,#2391,#2392,#2393,#2394,#2395,#2396,#2397,#2398,
#2399,#2400,#2401,#2402,#2403,#2404,#2405,#2406,#2407,#2408,#2409,#2410,
#2411,#2412,#2413,#2414,#2415,#2416,#2417,#2418,#2419,#2420,#2421,#2422,
#2423,#2424,#2425,#2426,#2427,#2428,#2429,#2430,#2431,#2432,#2433,#2434,
#2435,#2436,#2437,#2438,#2439,#2440,#2441,#2442,#2443,#2444,#2445,#2446,
#2447,#2448,#2449));
#413=EDGE_LOOP('',(#2450));
#414=LINE('',#3412,#622);
#415=LINE('',#3415,#623);
#416=LINE('',#3433,#624);
#417=LINE('',#3436,#625);
#418=LINE('',#3454,#626);
#419=LINE('',#3457,#627);
#420=LINE('',#3468,#628);
#421=LINE('',#3472,#629);
#422=LINE('',#3487,#630);
#423=LINE('',#3491,#631);
#424=LINE('',#3517,#632);
#425=LINE('',#3520,#633);
#426=LINE('',#3536,#634);
#427=LINE('',#3539,#635);
#428=LINE('',#3548,#636);
#429=LINE('',#3552,#637);
#430=LINE('',#3599,#638);
#431=LINE('',#3603,#639);
#432=LINE('',#3659,#640);
#433=LINE('',#3662,#641);
#434=LINE('',#3680,#642);
#435=LINE('',#3683,#643);
#436=LINE('',#3692,#644);
#437=LINE('',#3696,#645);
#438=LINE('',#3711,#646);
#439=LINE('',#3715,#647);
#440=LINE('',#3741,#648);
#441=LINE('',#3744,#649);
#442=LINE('',#3762,#650);
#443=LINE('',#3765,#651);
#444=LINE('',#3774,#652);
#445=LINE('',#3778,#653);
#446=LINE('',#3804,#654);
#447=LINE('',#3807,#655);
#448=LINE('',#3816,#656);
#449=LINE('',#3820,#657);
#450=LINE('',#3834,#658);
#451=LINE('',#3838,#659);
#452=LINE('',#3865,#660);
#453=LINE('',#3911,#661);
#454=LINE('',#3918,#662);
#455=LINE('',#3919,#663);
#456=LINE('',#3945,#664);
#457=LINE('',#3991,#665);
#458=LINE('',#3998,#666);
#459=LINE('',#3999,#667);
#460=LINE('',#4002,#668);
#461=LINE('',#4004,#669);
#462=LINE('',#4005,#670);
#463=LINE('',#4031,#671);
#464=LINE('',#4077,#672);
#465=LINE('',#4084,#673);
#466=LINE('',#4085,#674);
#467=LINE('',#4088,#675);
#468=LINE('',#4090,#676);
#469=LINE('',#4091,#677);
#470=LINE('',#4117,#678);
#471=LINE('',#4163,#679);
#472=LINE('',#4170,#680);
#473=LINE('',#4171,#681);
#474=LINE('',#4174,#682);
#475=LINE('',#4176,#683);
#476=LINE('',#4177,#684);
#477=LINE('',#4203,#685);
#478=LINE('',#4249,#686);
#479=LINE('',#4256,#687);
#480=LINE('',#4257,#688);
#481=LINE('',#4260,#689);
#482=LINE('',#4262,#690);
#483=LINE('',#4263,#691);
#484=LINE('',#4289,#692);
#485=LINE('',#4335,#693);
#486=LINE('',#4342,#694);
#487=LINE('',#4343,#695);
#488=LINE('',#4346,#696);
#489=LINE('',#4348,#697);
#490=LINE('',#4349,#698);
#491=LINE('',#4375,#699);
#492=LINE('',#4421,#700);
#493=LINE('',#4428,#701);
#494=LINE('',#4429,#702);
#495=LINE('',#4432,#703);
#496=LINE('',#4434,#704);
#497=LINE('',#4435,#705);
#498=LINE('',#4461,#706);
#499=LINE('',#4507,#707);
#500=LINE('',#4514,#708);
#501=LINE('',#4515,#709);
#502=LINE('',#4518,#710);
#503=LINE('',#4520,#711);
#504=LINE('',#4521,#712);
#505=LINE('',#4547,#713);
#506=LINE('',#4593,#714);
#507=LINE('',#4600,#715);
#508=LINE('',#4601,#716);
#509=LINE('',#4604,#717);
#510=LINE('',#4606,#718);
#511=LINE('',#4607,#719);
#512=LINE('',#4633,#720);
#513=LINE('',#4679,#721);
#514=LINE('',#4686,#722);
#515=LINE('',#4687,#723);
#516=LINE('',#4690,#724);
#517=LINE('',#4692,#725);
#518=LINE('',#4693,#726);
#519=LINE('',#4696,#727);
#520=LINE('',#4848,#728);
#521=LINE('',#4849,#729);
#522=LINE('',#4930,#730);
#523=LINE('',#4934,#731);
#524=LINE('',#4936,#732);
#525=LINE('',#4937,#733);
#526=LINE('',#4940,#734);
#527=LINE('',#4942,#735);
#528=LINE('',#4943,#736);
#529=LINE('',#5091,#737);
#530=LINE('',#5093,#738);
#531=LINE('',#5094,#739);
#532=LINE('',#5097,#740);
#533=LINE('',#5099,#741);
#534=LINE('',#5100,#742);
#535=LINE('',#5248,#743);
#536=LINE('',#5250,#744);
#537=LINE('',#5251,#745);
#538=LINE('',#5254,#746);
#539=LINE('',#5256,#747);
#540=LINE('',#5257,#748);
#541=LINE('',#5405,#749);
#542=LINE('',#5407,#750);
#543=LINE('',#5408,#751);
#544=LINE('',#5411,#752);
#545=LINE('',#5413,#753);
#546=LINE('',#5414,#754);
#547=LINE('',#5562,#755);
#548=LINE('',#5564,#756);
#549=LINE('',#5565,#757);
#550=LINE('',#5568,#758);
#551=LINE('',#5570,#759);
#552=LINE('',#5571,#760);
#553=LINE('',#5719,#761);
#554=LINE('',#5721,#762);
#555=LINE('',#5722,#763);
#556=LINE('',#5725,#764);
#557=LINE('',#5727,#765);
#558=LINE('',#5728,#766);
#559=LINE('',#5876,#767);
#560=LINE('',#5878,#768);
#561=LINE('',#5879,#769);
#562=LINE('',#5882,#770);
#563=LINE('',#5884,#771);
#564=LINE('',#5885,#772);
#565=LINE('',#6033,#773);
#566=LINE('',#6035,#774);
#567=LINE('',#6036,#775);
#568=LINE('',#6039,#776);
#569=LINE('',#6041,#777);
#570=LINE('',#6042,#778);
#571=LINE('',#6190,#779);
#572=LINE('',#6192,#780);
#573=LINE('',#6193,#781);
#574=LINE('',#6196,#782);
#575=LINE('',#6197,#783);
#576=LINE('',#6278,#784);
#577=LINE('',#6280,#785);
#578=LINE('',#6281,#786);
#579=LINE('',#6284,#787);
#580=LINE('',#6285,#788);
#581=LINE('',#6366,#789);
#582=LINE('',#6368,#790);
#583=LINE('',#6369,#791);
#584=LINE('',#6372,#792);
#585=LINE('',#6373,#793);
#586=LINE('',#6454,#794);
#587=LINE('',#6456,#795);
#588=LINE('',#6457,#796);
#589=LINE('',#6460,#797);
#590=LINE('',#6461,#798);
#591=LINE('',#6542,#799);
#592=LINE('',#6544,#800);
#593=LINE('',#6545,#801);
#594=LINE('',#6548,#802);
#595=LINE('',#6549,#803);
#596=LINE('',#6630,#804);
#597=LINE('',#6632,#805);
#598=LINE('',#6633,#806);
#599=LINE('',#6636,#807);
#600=LINE('',#6637,#808);
#601=LINE('',#6718,#809);
#602=LINE('',#6720,#810);
#603=LINE('',#6721,#811);
#604=LINE('',#6724,#812);
#605=LINE('',#6725,#813);
#606=LINE('',#6806,#814);
#607=LINE('',#6808,#815);
#608=LINE('',#6809,#816);
#609=LINE('',#6812,#817);
#610=LINE('',#6813,#818);
#611=LINE('',#6894,#819);
#612=LINE('',#6895,#820);
#613=LINE('',#6898,#821);
#614=LINE('',#6899,#822);
#615=LINE('',#6978,#823);
#616=LINE('',#6980,#824);
#617=LINE('',#6981,#825);
#618=LINE('',#6985,#826);
#619=LINE('',#6988,#827);
#620=LINE('',#6989,#828);
#621=LINE('',#6997,#829);
#622=VECTOR('',#2827,10.);
#623=VECTOR('',#2830,10.);
#624=VECTOR('',#2835,10.);
#625=VECTOR('',#2838,10.);
#626=VECTOR('',#2843,10.);
#627=VECTOR('',#2846,10.);
#628=VECTOR('',#2849,10.);
#629=VECTOR('',#2852,10.);
#630=VECTOR('',#2857,10.);
#631=VECTOR('',#2860,10.);
#632=VECTOR('',#2867,10.);
#633=VECTOR('',#2870,10.);
#634=VECTOR('',#2875,10.);
#635=VECTOR('',#2878,10.);
#636=VECTOR('',#2881,10.);
#637=VECTOR('',#2884,10.);
#638=VECTOR('',#2889,10.);
#639=VECTOR('',#2892,10.);
#640=VECTOR('',#2899,10.);
#641=VECTOR('',#2902,10.);
#642=VECTOR('',#2907,10.);
#643=VECTOR('',#2910,10.);
#644=VECTOR('',#2913,10.);
#645=VECTOR('',#2916,10.);
#646=VECTOR('',#2921,10.);
#647=VECTOR('',#2924,10.);
#648=VECTOR('',#2931,10.);
#649=VECTOR('',#2934,10.);
#650=VECTOR('',#2939,10.);
#651=VECTOR('',#2942,10.);
#652=VECTOR('',#2945,10.);
#653=VECTOR('',#2948,10.);
#654=VECTOR('',#2955,10.);
#655=VECTOR('',#2958,10.);
#656=VECTOR('',#2961,10.);
#657=VECTOR('',#2964,10.);
#658=VECTOR('',#2971,10.);
#659=VECTOR('',#2974,10.);
#660=VECTOR('',#2977,10.);
#661=VECTOR('',#2978,10.);
#662=VECTOR('',#2981,10.);
#663=VECTOR('',#2982,10.);
#664=VECTOR('',#2983,10.);
#665=VECTOR('',#2984,10.);
#666=VECTOR('',#2987,10.);
#667=VECTOR('',#2988,10.);
#668=VECTOR('',#2991,10.);
#669=VECTOR('',#2992,10.);
#670=VECTOR('',#2993,10.);
#671=VECTOR('',#2994,10.);
#672=VECTOR('',#2995,10.);
#673=VECTOR('',#2998,10.);
#674=VECTOR('',#2999,10.);
#675=VECTOR('',#3002,10.);
#676=VECTOR('',#3003,10.);
#677=VECTOR('',#3004,10.);
#678=VECTOR('',#3005,10.);
#679=VECTOR('',#3006,10.);
#680=VECTOR('',#3009,10.);
#681=VECTOR('',#3010,10.);
#682=VECTOR('',#3013,10.);
#683=VECTOR('',#3014,10.);
#684=VECTOR('',#3015,10.);
#685=VECTOR('',#3016,10.);
#686=VECTOR('',#3017,10.);
#687=VECTOR('',#3020,10.);
#688=VECTOR('',#3021,10.);
#689=VECTOR('',#3024,10.);
#690=VECTOR('',#3025,10.);
#691=VECTOR('',#3026,10.);
#692=VECTOR('',#3027,10.);
#693=VECTOR('',#3028,10.);
#694=VECTOR('',#3031,10.);
#695=VECTOR('',#3032,10.);
#696=VECTOR('',#3035,10.);
#697=VECTOR('',#3036,10.);
#698=VECTOR('',#3037,10.);
#699=VECTOR('',#3038,10.);
#700=VECTOR('',#3039,10.);
#701=VECTOR('',#3042,10.);
#702=VECTOR('',#3043,10.);
#703=VECTOR('',#3046,10.);
#704=VECTOR('',#3047,10.);
#705=VECTOR('',#3048,10.);
#706=VECTOR('',#3049,10.);
#707=VECTOR('',#3050,10.);
#708=VECTOR('',#3053,10.);
#709=VECTOR('',#3054,10.);
#710=VECTOR('',#3057,10.);
#711=VECTOR('',#3058,10.);
#712=VECTOR('',#3059,10.);
#713=VECTOR('',#3060,10.);
#714=VECTOR('',#3061,10.);
#715=VECTOR('',#3064,10.);
#716=VECTOR('',#3065,10.);
#717=VECTOR('',#3068,10.);
#718=VECTOR('',#3069,10.);
#719=VECTOR('',#3070,10.);
#720=VECTOR('',#3071,10.);
#721=VECTOR('',#3072,10.);
#722=VECTOR('',#3075,10.);
#723=VECTOR('',#3076,10.);
#724=VECTOR('',#3079,51.1388575465316);
#725=VECTOR('',#3080,10.);
#726=VECTOR('',#3081,10.);
#727=VECTOR('',#3084,35.925);
#728=VECTOR('',#3125,10.);
#729=VECTOR('',#3126,10.);
#730=VECTOR('',#3133,10.);
#731=VECTOR('',#3138,51.1388575465316);
#732=VECTOR('',#3139,10.);
#733=VECTOR('',#3140,10.);
#734=VECTOR('',#3143,10.);
#735=VECTOR('',#3144,10.);
#736=VECTOR('',#3145,10.);
#737=VECTOR('',#3152,51.1388575465316);
#738=VECTOR('',#3153,10.);
#739=VECTOR('',#3154,10.);
#740=VECTOR('',#3157,10.);
#741=VECTOR('',#3158,10.);
#742=VECTOR('',#3159,10.);
#743=VECTOR('',#3166,51.1388575465316);
#744=VECTOR('',#3167,10.);
#745=VECTOR('',#3168,10.);
#746=VECTOR('',#3171,10.);
#747=VECTOR('',#3172,10.);
#748=VECTOR('',#3173,10.);
#749=VECTOR('',#3180,51.1388575465316);
#750=VECTOR('',#3181,10.);
#751=VECTOR('',#3182,10.);
#752=VECTOR('',#3185,10.);
#753=VECTOR('',#3186,10.);
#754=VECTOR('',#3187,10.);
#755=VECTOR('',#3194,51.1388575465316);
#756=VECTOR('',#3195,10.);
#757=VECTOR('',#3196,10.);
#758=VECTOR('',#3199,10.);
#759=VECTOR('',#3200,10.);
#760=VECTOR('',#3201,10.);
#761=VECTOR('',#3208,51.1388575465316);
#762=VECTOR('',#3209,10.);
#763=VECTOR('',#3210,10.);
#764=VECTOR('',#3213,10.);
#765=VECTOR('',#3214,10.);
#766=VECTOR('',#3215,10.);
#767=VECTOR('',#3222,51.1388575465316);
#768=VECTOR('',#3223,10.);
#769=VECTOR('',#3224,10.);
#770=VECTOR('',#3227,10.);
#771=VECTOR('',#3228,10.);
#772=VECTOR('',#3229,10.);
#773=VECTOR('',#3236,51.1388575465316);
#774=VECTOR('',#3237,10.);
#775=VECTOR('',#3238,10.);
#776=VECTOR('',#3241,10.);
#777=VECTOR('',#3242,10.);
#778=VECTOR('',#3243,10.);
#779=VECTOR('',#3250,51.1388575465316);
#780=VECTOR('',#3251,10.);
#781=VECTOR('',#3252,10.);
#782=VECTOR('',#3255,10.);
#783=VECTOR('',#3256,10.);
#784=VECTOR('',#3263,51.1388575465316);
#785=VECTOR('',#3264,10.);
#786=VECTOR('',#3265,10.);
#787=VECTOR('',#3268,10.);
#788=VECTOR('',#3269,10.);
#789=VECTOR('',#3276,51.1388575465316);
#790=VECTOR('',#3277,10.);
#791=VECTOR('',#3278,10.);
#792=VECTOR('',#3281,10.);
#793=VECTOR('',#3282,10.);
#794=VECTOR('',#3289,51.1388575465316);
#795=VECTOR('',#3290,10.);
#796=VECTOR('',#3291,10.);
#797=VECTOR('',#3294,10.);
#798=VECTOR('',#3295,10.);
#799=VECTOR('',#3302,51.1388575465316);
#800=VECTOR('',#3303,10.);
#801=VECTOR('',#3304,10.);
#802=VECTOR('',#3307,10.);
#803=VECTOR('',#3308,10.);
#804=VECTOR('',#3315,51.1388575465316);
#805=VECTOR('',#3316,10.);
#806=VECTOR('',#3317,10.);
#807=VECTOR('',#3320,10.);
#808=VECTOR('',#3321,10.);
#809=VECTOR('',#3328,51.1388575465316);
#810=VECTOR('',#3329,10.);
#811=VECTOR('',#3330,10.);
#812=VECTOR('',#3333,10.);
#813=VECTOR('',#3334,10.);
#814=VECTOR('',#3341,51.1388575465316);
#815=VECTOR('',#3342,10.);
#816=VECTOR('',#3343,10.);
#817=VECTOR('',#3346,10.);
#818=VECTOR('',#3347,10.);
#819=VECTOR('',#3354,10.);
#820=VECTOR('',#3355,10.);
#821=VECTOR('',#3358,51.1388575465316);
#822=VECTOR('',#3359,10.);
#823=VECTOR('',#3362,10.);
#824=VECTOR('',#3363,10.);
#825=VECTOR('',#3364,10.);
#826=VECTOR('',#3369,10.);
#827=VECTOR('',#3372,10.);
#828=VECTOR('',#3373,10.);
#829=VECTOR('',#3384,4.85);
#830=CIRCLE('',#2639,35.925);
#831=CIRCLE('',#2640,32.4644660940673);
#832=CIRCLE('',#2642,35.925);
#833=CIRCLE('',#2643,32.4644660940673);
#834=CIRCLE('',#2645,35.925);
#835=CIRCLE('',#2646,32.4644660940673);
#836=CIRCLE('',#2648,32.4644660940673);
#837=CIRCLE('',#2649,35.925);
#838=CIRCLE('',#2651,32.4644660940673);
#839=CIRCLE('',#2652,35.925);
#840=CIRCLE('',#2654,35.925);
#841=CIRCLE('',#2655,32.4644660940673);
#842=CIRCLE('',#2657,35.925);
#843=CIRCLE('',#2658,32.4644660940673);
#844=CIRCLE('',#2660,32.4644660940673);
#845=CIRCLE('',#2661,35.925);
#846=CIRCLE('',#2663,32.4644660940673);
#847=CIRCLE('',#2664,35.925);
#848=CIRCLE('',#2666,35.925);
#849=CIRCLE('',#2667,32.4644660940673);
#850=CIRCLE('',#2669,35.925);
#851=CIRCLE('',#2670,32.4644660940673);
#852=CIRCLE('',#2672,32.4644660940673);
#853=CIRCLE('',#2673,35.925);
#854=CIRCLE('',#2675,32.4644660940673);
#855=CIRCLE('',#2676,35.925);
#856=CIRCLE('',#2678,35.925);
#857=CIRCLE('',#2679,32.4644660940673);
#858=CIRCLE('',#2681,35.925);
#859=CIRCLE('',#2682,32.4644660940673);
#860=CIRCLE('',#2684,32.4644660940673);
#861=CIRCLE('',#2685,35.925);
#862=CIRCLE('',#2687,35.925);
#863=CIRCLE('',#2688,32.4644660940673);
#864=CIRCLE('',#2690,32.4644660940673);
#865=CIRCLE('',#2691,35.925);
#866=CIRCLE('',#2693,35.925);
#867=CIRCLE('',#2694,2.6);
#868=CIRCLE('',#2695,2.6);
#869=CIRCLE('',#2737,13.1383443243985);
#870=CIRCLE('',#2739,13.1383443243985);
#871=CIRCLE('',#2743,13.1383443243985);
#872=CIRCLE('',#2747,13.1383443243985);
#873=CIRCLE('',#2751,13.1383443243985);
#874=CIRCLE('',#2755,13.1383443243985);
#875=CIRCLE('',#2759,13.1383443243985);
#876=CIRCLE('',#2763,13.1383443243985);
#877=CIRCLE('',#2767,13.1383443243985);
#878=CIRCLE('',#2771,13.1383443243985);
#879=CIRCLE('',#2775,13.1383443243985);
#880=CIRCLE('',#2779,13.1383443243985);
#881=CIRCLE('',#2783,13.1383443243985);
#882=CIRCLE('',#2787,13.1383443243985);
#883=CIRCLE('',#2791,13.1383443243985);
#884=CIRCLE('',#2795,13.1383443243985);
#885=CIRCLE('',#2799,13.1383443243985);
#886=CIRCLE('',#2803,13.1383443243985);
#887=CIRCLE('',#2808,2.6);
#888=CIRCLE('',#2811,2.6);
#889=CIRCLE('',#2814,4.85);
#890=CIRCLE('',#2815,4.85);
#891=B_SPLINE_CURVE_WITH_KNOTS('',3,(#3398,#3399,#3400,#3401,#3402,#3403),
 .UNSPECIFIED.,.F.,.F.,(4,2,4),(-0.0895839030226843,-0.0718141439679292,
0.),.UNSPECIFIED.);
#892=B_SPLINE_CURVE_WITH_KNOTS('',3,(#3407,#3408,#3409,#3410),
 .UNSPECIFIED.,.F.,.F.,(4,4),(-0.260011811915586,-0.0261769755989099),
 .UNSPECIFIED.);
#893=B_SPLINE_CURVE_WITH_KNOTS('',3,(#3419,#3420,#3421,#3422,#3423,#3424),
 .UNSPECIFIED.,.F.,.F.,(4,2,4),(-0.0893197167984766,-0.071814143981677,
0.),.UNSPECIFIED.);
#894=B_SPLINE_CURVE_WITH_KNOTS('',3,(#3428,#3429,#3430,#3431),
 .UNSPECIFIED.,.F.,.F.,(4,4),(-0.752039379431196,-0.442146041098619),
 .UNSPECIFIED.);
#895=B_SPLINE_CURVE_WITH_KNOTS('',3,(#3440,#3441,#3442,#3443,#3444,#3445),
 .UNSPECIFIED.,.F.,.F.,(4,2,4),(-0.0893197167175811,-0.0718141439261938,
0.),.UNSPECIFIED.);
#896=B_SPLINE_CURVE_WITH_KNOTS('',3,(#3449,#3450,#3451,#3452),
 .UNSPECIFIED.,.F.,.F.,(4,4),(-0.752039379382171,-0.442146041086446),
 .UNSPECIFIED.);
#897=B_SPLINE_CURVE_WITH_KNOTS('',3,(#3461,#3462,#3463,#3464,#3465,#3466),
 .UNSPECIFIED.,.F.,.F.,(4,2,4),(-0.615064383393061,-0.30691183432709,-0.297475986855124),
 .UNSPECIFIED.);
#898=B_SPLINE_CURVE_WITH_KNOTS('',3,(#3474,#3475,#3476,#3477),
 .UNSPECIFIED.,.F.,.F.,(4,4),(-0.315777084249748,0.),.UNSPECIFIED.);
#899=B_SPLINE_CURVE_WITH_KNOTS('',3,(#3482,#3483,#3484,#3485),
 .UNSPECIFIED.,.F.,.F.,(4,4),(-0.752039379419389,-0.442146041095702),
 .UNSPECIFIED.);
#900=B_SPLINE_CURVE_WITH_KNOTS('',3,(#3493,#3494,#3495,#3496,#3497,#3498),
 .UNSPECIFIED.,.F.,.F.,(4,2,4),(-0.0893197167841923,-0.0718141439726414,
0.),.UNSPECIFIED.);
#901=B_SPLINE_CURVE_WITH_KNOTS('',3,(#3503,#3504,#3505,#3506,#3507,#3508),
 .UNSPECIFIED.,.F.,.F.,(4,2,4),(-0.0896099151779164,-0.0718141439303073,
0.),.UNSPECIFIED.);
#902=B_SPLINE_CURVE_WITH_KNOTS('',3,(#3512,#3513,#3514,#3515),
 .UNSPECIFIED.,.F.,.F.,(4,4),(-0.752039379397775,-0.442146041101311),
 .UNSPECIFIED.);
#903=B_SPLINE_CURVE_WITH_KNOTS('',3,(#3524,#3525,#3526,#3527),
 .UNSPECIFIED.,.F.,.F.,(4,4),(-0.282619848485669,0.),.UNSPECIFIED.);
#904=B_SPLINE_CURVE_WITH_KNOTS('',3,(#3531,#3532,#3533,#3534),
 .UNSPECIFIED.,.F.,.F.,(4,4),(-0.369016351808285,-0.0594410399237032),
 .UNSPECIFIED.);
#905=B_SPLINE_CURVE_WITH_KNOTS('',3,(#3543,#3544,#3545,#3546),
 .UNSPECIFIED.,.F.,.F.,(4,4),(-0.752039379208402,-0.442146040968454),
 .UNSPECIFIED.);
#906=B_SPLINE_CURVE_WITH_KNOTS('',3,(#3554,#3555,#3556,#3557,#3558,#3559),
 .UNSPECIFIED.,.F.,.F.,(4,2,4),(-0.0893197167051667,-0.0718141439172829,
0.),.UNSPECIFIED.);
#907=B_SPLINE_CURVE_WITH_KNOTS('',3,(#3564,#3565,#3566,#3567,#3568,#3569,
#3570,#3571,#3572,#3573,#3574,#3575,#3576,#3577,#3578,#3579,#3580,#3581,
#3582,#3583,#3584,#3585,#3586,#3587,#3588,#3589,#3590,#3591,#3592,#3593,
#3594,#3595,#3596,#3597),.UNSPECIFIED.,.F.,.F.,(4,3,3,3,3,3,3,3,3,3,3,4),
(-0.531889136098439,-0.505637292834886,-0.479539616418843,-0.452014495219765,
-0.424643251571881,-0.395026067759277,-0.369439131622529,-0.33016700775217,
-0.286124090359428,-0.249999081854314,-0.193459288422988,-0.188818077427568),
 .UNSPECIFIED.);
#908=B_SPLINE_CURVE_WITH_KNOTS('',3,(#3605,#3606,#3607,#3608,#3609,#3610),
 .UNSPECIFIED.,.F.,.F.,(4,2,4),(-0.0893197167861523,-0.07181414398322,0.),
 .UNSPECIFIED.);
#909=B_SPLINE_CURVE_WITH_KNOTS('',3,(#3615,#3616,#3617,#3618,#3619,#3620),
 .UNSPECIFIED.,.F.,.F.,(4,2,4),(-0.089319716596648,-0.0718141438414221,
0.),.UNSPECIFIED.);
#910=B_SPLINE_CURVE_WITH_KNOTS('',3,(#3624,#3625,#3626,#3627,#3628,#3629,
#3630,#3631,#3632,#3633,#3634,#3635,#3636,#3637,#3638,#3639,#3640,#3641,
#3642,#3643,#3644,#3645,#3646,#3647,#3648,#3649,#3650,#3651,#3652,#3653,
#3654,#3655,#3656,#3657),.UNSPECIFIED.,.F.,.F.,(4,3,3,3,3,3,3,3,3,3,3,4),
(-0.531889136019155,-0.505637292760612,-0.479539616349402,-0.45201449515608,
-0.424643251513517,-0.395026067707411,-0.369439131576113,-0.33016700770306,
-0.286124090325379,-0.249999081825193,-0.193459288507065,-0.188818077407443),
 .UNSPECIFIED.);
#911=B_SPLINE_CURVE_WITH_KNOTS('',3,(#3666,#3667,#3668,#3669,#3670,#3671),
 .UNSPECIFIED.,.F.,.F.,(4,2,4),(-0.0893197167051668,-0.0718141439172832,
0.),.UNSPECIFIED.);
#912=B_SPLINE_CURVE_WITH_KNOTS('',3,(#3675,#3676,#3677,#3678),
 .UNSPECIFIED.,.F.,.F.,(4,4),(-0.752039379526092,-0.442146041169192),
 .UNSPECIFIED.);
#913=B_SPLINE_CURVE_WITH_KNOTS('',3,(#3687,#3688,#3689,#3690),
 .UNSPECIFIED.,.F.,.F.,(4,4),(-0.369016351794006,-0.0594410399230707),
 .UNSPECIFIED.);
#914=B_SPLINE_CURVE_WITH_KNOTS('',3,(#3698,#3699,#3700,#3701),
 .UNSPECIFIED.,.F.,.F.,(4,4),(-0.282619848492779,0.),.UNSPECIFIED.);
#915=B_SPLINE_CURVE_WITH_KNOTS('',3,(#3706,#3707,#3708,#3709),
 .UNSPECIFIED.,.F.,.F.,(4,4),(-0.752039379247478,-0.442146040993692),
 .UNSPECIFIED.);
#916=B_SPLINE_CURVE_WITH_KNOTS('',3,(#3717,#3718,#3719,#3720,#3721,#3722),
 .UNSPECIFIED.,.F.,.F.,(4,2,4),(-0.0896099152125493,-0.0718141439561501,
0.),.UNSPECIFIED.);
#917=B_SPLINE_CURVE_WITH_KNOTS('',3,(#3727,#3728,#3729,#3730,#3731,#3732),
 .UNSPECIFIED.,.F.,.F.,(4,2,4),(-0.0893197168407865,-0.0718141440171818,
0.),.UNSPECIFIED.);
#918=B_SPLINE_CURVE_WITH_KNOTS('',3,(#3736,#3737,#3738,#3739),
 .UNSPECIFIED.,.F.,.F.,(4,4),(-0.752039379419395,-0.442146041095703),
 .UNSPECIFIED.);
#919=B_SPLINE_CURVE_WITH_KNOTS('',3,(#3748,#3749,#3750,#3751),
 .UNSPECIFIED.,.F.,.F.,(4,4),(-0.315777084256506,0.),.UNSPECIFIED.);
#920=B_SPLINE_CURVE_WITH_KNOTS('',3,(#3755,#3756,#3757,#3758,#3759,#3760),
 .UNSPECIFIED.,.F.,.F.,(4,2,4),(-0.615064383431051,-0.306911834347462,-0.297475986874647),
 .UNSPECIFIED.);
#921=B_SPLINE_CURVE_WITH_KNOTS('',3,(#3769,#3770,#3771,#3772),
 .UNSPECIFIED.,.F.,.F.,(4,4),(-0.752039379365297,-0.442146041055275),
 .UNSPECIFIED.);
#922=B_SPLINE_CURVE_WITH_KNOTS('',3,(#3780,#3781,#3782,#3783,#3784,#3785),
 .UNSPECIFIED.,.F.,.F.,(4,2,4),(-0.0893197167634025,-0.0718141439564051,
0.),.UNSPECIFIED.);
#923=B_SPLINE_CURVE_WITH_KNOTS('',3,(#3790,#3791,#3792,#3793,#3794,#3795),
 .UNSPECIFIED.,.F.,.F.,(4,2,4),(-0.0895839030120574,-0.0718141439596793,
0.),.UNSPECIFIED.);
#924=B_SPLINE_CURVE_WITH_KNOTS('',3,(#3799,#3800,#3801,#3802),
 .UNSPECIFIED.,.F.,.F.,(4,4),(-0.260011811929264,-0.0261769755992458),
 .UNSPECIFIED.);
#925=B_SPLINE_CURVE_WITH_KNOTS('',3,(#3811,#3812,#3813,#3814),
 .UNSPECIFIED.,.F.,.F.,(4,4),(-0.75203937941219,-0.442146041072903),
 .UNSPECIFIED.);
#926=B_SPLINE_CURVE_WITH_KNOTS('',3,(#3822,#3823,#3824,#3825,#3826,#3827),
 .UNSPECIFIED.,.F.,.F.,(4,2,4),(-0.0893197165962059,-0.0718141438296066,
0.),.UNSPECIFIED.);
#927=B_SPLINE_CURVE_WITH_KNOTS('',3,(#3867,#3868,#3869,#3870,#3871,#3872,
#3873,#3874,#3875,#3876,#3877,#3878,#3879,#3880,#3881,#3882,#3883,#3884,
#3885,#3886,#3887,#3888,#3889,#3890,#3891,#3892,#3893,#3894,#3895,#3896,
#3897,#3898,#3899,#3900,#3901,#3902,#3903,#3904,#3905,#3906,#3907,#3908,
#3909),.UNSPECIFIED.,.F.,.F.,(4,3,3,3,3,3,3,3,3,3,3,3,3,3,4),(-0.470228383222529,
-0.449267313937635,-0.427260679235713,-0.406360174001764,-0.377595622801023,
-0.347589573039168,-0.316511714471916,-0.283220900953082,-0.280373347332147,
-0.246556049757029,-0.195305620546329,-0.142279533059323,-0.0878977603066475,
-0.0306575384647873,0.),.UNSPECIFIED.);
#928=B_SPLINE_CURVE_WITH_KNOTS('',3,(#3912,#3913,#3914,#3915),
 .UNSPECIFIED.,.F.,.F.,(4,4),(-0.56875496191396,-0.0140251569941251),
 .UNSPECIFIED.);
#929=B_SPLINE_CURVE_WITH_KNOTS('',3,(#3947,#3948,#3949,#3950,#3951,#3952,
#3953,#3954,#3955,#3956,#3957,#3958,#3959,#3960,#3961,#3962,#3963,#3964,
#3965,#3966,#3967,#3968,#3969,#3970,#3971,#3972,#3973,#3974,#3975,#3976,
#3977,#3978,#3979,#3980,#3981,#3982,#3983,#3984,#3985,#3986,#3987,#3988,
#3989),.UNSPECIFIED.,.F.,.F.,(4,3,3,3,3,3,3,3,3,3,3,3,3,3,4),(-0.470228383198212,
-0.449266081884874,-0.427258417439695,-0.40636017398356,-0.377596144574894,
-0.347590575380384,-0.316513186871996,-0.2832228165122,-0.280373347322204,
-0.246556049747291,-0.195303118948232,-0.142273246649989,-0.0878865873061125,
-0.0306390620924321,0.),.UNSPECIFIED.);
#930=B_SPLINE_CURVE_WITH_KNOTS('',3,(#3992,#3993,#3994,#3995),
 .UNSPECIFIED.,.F.,.F.,(4,4),(-0.568754961944178,-0.0140251569941068),
 .UNSPECIFIED.);
#931=B_SPLINE_CURVE_WITH_KNOTS('',3,(#4033,#4034,#4035,#4036,#4037,#4038,
#4039,#4040,#4041,#4042,#4043,#4044,#4045,#4046,#4047,#4048,#4049,#4050,
#4051,#4052,#4053,#4054,#4055,#4056,#4057,#4058,#4059,#4060,#4061,#4062,
#4063,#4064,#4065,#4066,#4067,#4068,#4069,#4070,#4071,#4072,#4073,#4074,
#4075),.UNSPECIFIED.,.F.,.F.,(4,3,3,3,3,3,3,3,3,3,3,3,3,3,4),(-0.470228383141908,
-0.449267883184454,-0.427261724879367,-0.406360173935306,-0.377595388770564,
-0.347589114706026,-0.316511028143231,-0.283219978601243,-0.280373347290159,
-0.246556049719128,-0.195306825430717,-0.142282561310797,-0.0879031427910686,
-0.0306664395046759,0.),.UNSPECIFIED.);
#932=B_SPLINE_CURVE_WITH_KNOTS('',3,(#4078,#4079,#4080,#4081),
 .UNSPECIFIED.,.F.,.F.,(4,4),(-0.568754961939447,-0.0140251569940621),
 .UNSPECIFIED.);
#933=B_SPLINE_CURVE_WITH_KNOTS('',3,(#4119,#4120,#4121,#4122,#4123,#4124,
#4125,#4126,#4127,#4128,#4129,#4130,#4131,#4132,#4133,#4134,#4135,#4136,
#4137,#4138,#4139,#4140,#4141,#4142,#4143,#4144,#4145,#4146,#4147,#4148,
#4149,#4150,#4151,#4152,#4153,#4154,#4155,#4156,#4157,#4158,#4159,#4160,
#4161),.UNSPECIFIED.,.F.,.F.,(4,3,3,3,3,3,3,3,3,3,3,3,3,3,4),(-0.470228383125129,
-0.449268443329417,-0.427262754085598,-0.406360173920073,-0.377595162929839,
-0.347588666774052,-0.316510349231297,-0.283219048235672,-0.280373347278642,
-0.246556049709916,-0.195308040678689,-0.142285615912936,-0.0879085723791014,
-0.0306754187813879,0.),.UNSPECIFIED.);
#934=B_SPLINE_CURVE_WITH_KNOTS('',3,(#4164,#4165,#4166,#4167),
 .UNSPECIFIED.,.F.,.F.,(4,4),(-0.568754962004385,-0.0140251569941109),
 .UNSPECIFIED.);
#935=B_SPLINE_CURVE_WITH_KNOTS('',3,(#4205,#4206,#4207,#4208,#4209,#4210,
#4211,#4212,#4213,#4214,#4215,#4216,#4217,#4218,#4219,#4220,#4221,#4222,
#4223,#4224,#4225,#4226,#4227,#4228,#4229,#4230,#4231,#4232,#4233,#4234,
#4235,#4236,#4237,#4238,#4239,#4240,#4241,#4242,#4243,#4244,#4245,#4246,
#4247),.UNSPECIFIED.,.F.,.F.,(4,3,3,3,3,3,3,3,3,3,3,3,3,3,4),(-0.470228383215069,
-0.449267896699137,-0.427261749644194,-0.406360173998867,-0.377595383352919,
-0.347589103963209,-0.316511011922255,-0.283219956555922,-0.280373347332675,
-0.24655604975658,-0.195306854148503,-0.142282633497536,-0.0879032711396531,
-0.0306666518628398,0.),.UNSPECIFIED.);
#936=B_SPLINE_CURVE_WITH_KNOTS('',3,(#4250,#4251,#4252,#4253),
 .UNSPECIFIED.,.F.,.F.,(4,4),(-0.568754961952285,-0.0140251569941278),
 .UNSPECIFIED.);
#937=B_SPLINE_CURVE_WITH_KNOTS('',3,(#4291,#4292,#4293,#4294,#4295,#4296,
#4297,#4298,#4299,#4300,#4301,#4302,#4303,#4304,#4305,#4306,#4307,#4308,
#4309,#4310,#4311,#4312,#4313,#4314,#4315,#4316,#4317,#4318,#4319,#4320,
#4321,#4322,#4323,#4324,#4325,#4326,#4327,#4328,#4329,#4330,#4331,#4332,
#4333),.UNSPECIFIED.,.F.,.F.,(4,3,3,3,3,3,3,3,3,3,3,3,3,3,4),(-0.470228383172305,
-0.449266580745197,-0.42725933308023,-0.406360173959778,-0.377595930712755,
-0.347590167726516,-0.31651259273503,-0.283222054091957,-0.280373347304897,
-0.246556049732921,-0.19530411454695,-0.142275748384678,-0.0878910335593483,
-0.0306464145061914,0.),.UNSPECIFIED.);
#938=B_SPLINE_CURVE_WITH_KNOTS('',3,(#4336,#4337,#4338,#4339),
 .UNSPECIFIED.,.F.,.F.,(4,4),(-0.568754961967562,-0.0140251569941187),
 .UNSPECIFIED.);
#939=B_SPLINE_CURVE_WITH_KNOTS('',3,(#4377,#4378,#4379,#4380,#4381,#4382,
#4383,#4384,#4385,#4386,#4387,#4388,#4389,#4390,#4391,#4392,#4393,#4394,
#4395,#4396,#4397,#4398,#4399,#4400,#4401,#4402,#4403,#4404,#4405,#4406,
#4407,#4408,#4409,#4410,#4411,#4412,#4413,#4414,#4415,#4416,#4417,#4418,
#4419),.UNSPECIFIED.,.F.,.F.,(4,3,3,3,3,3,3,3,3,3,3,3,3,3,4),(-0.470228383089903,
-0.4492670911495,-0.427260270230937,-0.40636017388903,-0.377595715430861,
-0.347589753020979,-0.316511981781941,-0.283221255218063,-0.280373347256993,
-0.246556049691591,-0.195305157891627,-0.142278370333743,-0.0878956936367171,
-0.0306541206626856,0.),.UNSPECIFIED.);
#940=B_SPLINE_CURVE_WITH_KNOTS('',3,(#4422,#4423,#4424,#4425),
 .UNSPECIFIED.,.F.,.F.,(4,4),(-0.568754961950553,-0.0140251569940645),
 .UNSPECIFIED.);
#941=B_SPLINE_CURVE_WITH_KNOTS('',3,(#4463,#4464,#4465,#4466,#4467,#4468,
#4469,#4470,#4471,#4472,#4473,#4474,#4475,#4476,#4477,#4478,#4479,#4480,
#4481,#4482,#4483,#4484,#4485,#4486,#4487,#4488,#4489,#4490,#4491,#4492,
#4493,#4494,#4495,#4496,#4497,#4498,#4499,#4500,#4501,#4502,#4503,#4504,
#4505),.UNSPECIFIED.,.F.,.F.,(4,3,3,3,3,3,3,3,3,3,3,3,3,3,4),(-0.470228383098852,
-0.449268396966954,-0.427262668910321,-0.406360173897803,-0.377595181424473,
-0.347588703693576,-0.316510405508264,-0.283219126036107,-0.28037334726381,
-0.246556049696975,-0.195307939058339,-0.14228536047635,-0.0879081183214379,
-0.0306746678410564,0.),.UNSPECIFIED.);
#942=B_SPLINE_CURVE_WITH_KNOTS('',3,(#4508,#4509,#4510,#4511),
 .UNSPECIFIED.,.F.,.F.,(4,4),(-0.568754961895587,-0.0140251569940253),
 .UNSPECIFIED.);
#943=B_SPLINE_CURVE_WITH_KNOTS('',3,(#4549,#4550,#4551,#4552,#4553,#4554,
#4555,#4556,#4557,#4558,#4559,#4560,#4561,#4562,#4563,#4564,#4565,#4566,
#4567,#4568,#4569,#4570,#4571,#4572,#4573,#4574,#4575,#4576,#4577,#4578,
#4579,#4580,#4581,#4582,#4583,#4584,#4585,#4586,#4587,#4588,#4589,#4590,
#4591),.UNSPECIFIED.,.F.,.F.,(4,3,3,3,3,3,3,3,3,3,3,3,3,3,4),(-0.470228383050246,
-0.449268289276774,-0.427262471064983,-0.40636017385558,-0.377595224515254,
-0.34758878955279,-0.316510536165713,-0.283219306195169,-0.28037334723561,
-0.2465560496723,-0.195307703759385,-0.142284769024834,-0.0879070669789546,
-0.0306729290968776,0.),.UNSPECIFIED.);
#944=B_SPLINE_CURVE_WITH_KNOTS('',3,(#4594,#4595,#4596,#4597),
 .UNSPECIFIED.,.F.,.F.,(4,4),(-0.568754961950376,-0.0140251569940223),
 .UNSPECIFIED.);
#945=B_SPLINE_CURVE_WITH_KNOTS('',3,(#4635,#4636,#4637,#4638,#4639,#4640,
#4641,#4642,#4643,#4644,#4645,#4646,#4647,#4648,#4649,#4650,#4651,#4652,
#4653,#4654,#4655,#4656,#4657,#4658,#4659,#4660,#4661,#4662,#4663,#4664,
#4665,#4666,#4667,#4668,#4669,#4670,#4671,#4672,#4673,#4674,#4675,#4676,
#4677),.UNSPECIFIED.,.F.,.F.,(4,3,3,3,3,3,3,3,3,3,3,3,3,3,4),(-0.47022838314619,
-0.449267313870487,-0.427260679177152,-0.406360173941124,-0.37759562275557,
-0.347589573008732,-0.316511714456365,-0.283220900951408,-0.280373347295996,
-0.246556049723157,-0.195305620749731,-0.142279533524172,-0.0878977610541798,
-0.0306575395253889,0.),.UNSPECIFIED.);
#946=B_SPLINE_CURVE_WITH_KNOTS('',3,(#4680,#4681,#4682,#4683),
 .UNSPECIFIED.,.F.,.F.,(4,4),(-0.568754961919057,-0.0140251569940295),
 .UNSPECIFIED.);
#947=B_SPLINE_CURVE_WITH_KNOTS('',3,(#4699,#4700,#4701,#4702),
 .UNSPECIFIED.,.F.,.F.,(4,4),(-0.557606325267381,0.),.UNSPECIFIED.);
#948=B_SPLINE_CURVE_WITH_KNOTS('',3,(#4705,#4706,#4707,#4708),
 .UNSPECIFIED.,.F.,.F.,(4,4),(-0.557606325201722,0.),.UNSPECIFIED.);
#949=B_SPLINE_CURVE_WITH_KNOTS('',3,(#4711,#4712,#4713,#4714),
 .UNSPECIFIED.,.F.,.F.,(4,4),(-0.557606325112217,0.),.UNSPECIFIED.);
#950=B_SPLINE_CURVE_WITH_KNOTS('',3,(#4717,#4718,#4719,#4720),
 .UNSPECIFIED.,.F.,.F.,(4,4),(-0.557606325185368,0.),.UNSPECIFIED.);
#951=B_SPLINE_CURVE_WITH_KNOTS('',3,(#4723,#4724,#4725,#4726),
 .UNSPECIFIED.,.F.,.F.,(4,4),(-0.557606325131711,0.),.UNSPECIFIED.);
#952=B_SPLINE_CURVE_WITH_KNOTS('',3,(#4729,#4730,#4731,#4732),
 .UNSPECIFIED.,.F.,.F.,(4,4),(-0.5576063251922,0.),.UNSPECIFIED.);
#953=B_SPLINE_CURVE_WITH_KNOTS('',3,(#4735,#4736,#4737,#4738),
 .UNSPECIFIED.,.F.,.F.,(4,4),(-0.557606325298566,0.),.UNSPECIFIED.);
#954=B_SPLINE_CURVE_WITH_KNOTS('',3,(#4741,#4742,#4743,#4744),
 .UNSPECIFIED.,.F.,.F.,(4,4),(-0.557606325162528,0.),.UNSPECIFIED.);
#955=B_SPLINE_CURVE_WITH_KNOTS('',3,(#4747,#4748,#4749,#4750),
 .UNSPECIFIED.,.F.,.F.,(4,4),(-0.557606325245647,0.),.UNSPECIFIED.);
#956=B_SPLINE_CURVE_WITH_KNOTS('',3,(#4753,#4754,#4755,#4756),
 .UNSPECIFIED.,.F.,.F.,(4,4),(-0.557606325284824,0.),.UNSPECIFIED.);
#957=B_SPLINE_CURVE_WITH_KNOTS('',3,(#4759,#4760,#4761,#4762),
 .UNSPECIFIED.,.F.,.F.,(4,4),(-0.557606325229367,0.),.UNSPECIFIED.);
#958=B_SPLINE_CURVE_WITH_KNOTS('',3,(#4764,#4765,#4766,#4767),
 .UNSPECIFIED.,.F.,.F.,(4,4),(-0.568754961985358,-0.0140251569940615),
 .UNSPECIFIED.);
#959=B_SPLINE_CURVE_WITH_KNOTS('',3,(#4770,#4771,#4772,#4773),
 .UNSPECIFIED.,.F.,.F.,(4,4),(-0.557606325217558,0.),.UNSPECIFIED.);
#960=B_SPLINE_CURVE_WITH_KNOTS('',3,(#4775,#4776,#4777,#4778),
 .UNSPECIFIED.,.F.,.F.,(4,4),(-0.568754961936727,-0.0140251569940584),
 .UNSPECIFIED.);
#961=B_SPLINE_CURVE_WITH_KNOTS('',3,(#4781,#4782,#4783,#4784),
 .UNSPECIFIED.,.F.,.F.,(4,4),(-0.55760632512448,0.),.UNSPECIFIED.);
#962=B_SPLINE_CURVE_WITH_KNOTS('',3,(#4786,#4787,#4788,#4789),
 .UNSPECIFIED.,.F.,.F.,(4,4),(-0.568754961933791,-0.0140251569940948),
 .UNSPECIFIED.);
#963=B_SPLINE_CURVE_WITH_KNOTS('',3,(#4792,#4793,#4794,#4795),
 .UNSPECIFIED.,.F.,.F.,(4,4),(-0.5576063251321,0.),.UNSPECIFIED.);
#964=B_SPLINE_CURVE_WITH_KNOTS('',3,(#4797,#4798,#4799,#4800),
 .UNSPECIFIED.,.F.,.F.,(4,4),(-0.568754961945691,-0.0140251569940921),
 .UNSPECIFIED.);
#965=B_SPLINE_CURVE_WITH_KNOTS('',3,(#4803,#4804,#4805,#4806),
 .UNSPECIFIED.,.F.,.F.,(4,4),(-0.557606325163348,0.),.UNSPECIFIED.);
#966=B_SPLINE_CURVE_WITH_KNOTS('',3,(#4808,#4809,#4810,#4811),
 .UNSPECIFIED.,.F.,.F.,(4,4),(-0.568754961922915,-0.0140251569941165),
 .UNSPECIFIED.);
#967=B_SPLINE_CURVE_WITH_KNOTS('',3,(#4814,#4815,#4816,#4817),
 .UNSPECIFIED.,.F.,.F.,(4,4),(-0.5576063250835,0.),.UNSPECIFIED.);
#968=B_SPLINE_CURVE_WITH_KNOTS('',3,(#4819,#4820,#4821,#4822),
 .UNSPECIFIED.,.F.,.F.,(4,4),(-0.56875496193066,-0.0140251569940625),
 .UNSPECIFIED.);
#969=B_SPLINE_CURVE_WITH_KNOTS('',3,(#4825,#4826,#4827,#4828),
 .UNSPECIFIED.,.F.,.F.,(4,4),(-0.557606325156517,0.),.UNSPECIFIED.);
#970=B_SPLINE_CURVE_WITH_KNOTS('',3,(#4830,#4831,#4832,#4833),
 .UNSPECIFIED.,.F.,.F.,(4,4),(-0.568754961957311,-0.0140251569940565),
 .UNSPECIFIED.);
#971=B_SPLINE_CURVE_WITH_KNOTS('',3,(#4836,#4837,#4838,#4839),
 .UNSPECIFIED.,.F.,.F.,(4,4),(-0.557606325215409,0.),.UNSPECIFIED.);
#972=B_SPLINE_CURVE_WITH_KNOTS('',3,(#4841,#4842,#4843,#4844),
 .UNSPECIFIED.,.F.,.F.,(4,4),(-0.568754961924862,-0.0140251569940929),
 .UNSPECIFIED.);
#973=B_SPLINE_CURVE_WITH_KNOTS('',3,(#4874,#4875,#4876,#4877,#4878,#4879,
#4880,#4881,#4882,#4883,#4884,#4885,#4886,#4887,#4888,#4889,#4890,#4891,
#4892,#4893,#4894,#4895,#4896,#4897,#4898,#4899,#4900,#4901,#4902,#4903,
#4904,#4905,#4906,#4907,#4908,#4909,#4910,#4911,#4912,#4913,#4914,#4915,
#4916,#4917,#4918,#4919,#4920,#4921,#4922,#4923,#4924,#4925),
 .UNSPECIFIED.,.F.,.F.,(4,3,3,3,3,3,3,3,3,3,3,3,3,3,3,3,3,4),(-0.0740485200761707,
-0.0668793743409938,-0.0600604820559258,-0.0536179671200379,-0.0477451203907419,
-0.0417912281429008,-0.0375852201557542,-0.0324934205025402,-0.0311377768996594,
-0.028083544876023,-0.0248340757408217,-0.0211204007651762,-0.0168087570487385,
-0.0116937849681258,-0.00757296756305435,-0.00378648378152717,-0.000269640076349023,
0.),.UNSPECIFIED.);
#974=B_SPLINE_CURVE_WITH_KNOTS('',3,(#4968,#4969,#4970,#4971,#4972,#4973,
#4974,#4975,#4976,#4977,#4978,#4979,#4980,#4981,#4982,#4983,#4984,#4985,
#4986,#4987,#4988,#4989,#4990,#4991,#4992,#4993,#4994,#4995,#4996,#4997,
#4998,#4999,#5000,#5001,#5002,#5003,#5004,#5005,#5006,#5007,#5008,#5009,
#5010),.UNSPECIFIED.,.F.,.F.,(4,3,3,3,3,3,3,3,3,3,3,3,3,3,4),(-0.470228383046409,
-0.449268289271102,-0.427262471057691,-0.406360173850933,-0.377595224507215,
-0.347588789541468,-0.316510536150999,-0.283219306177594,-0.280373347231139,
-0.246556049669264,-0.195307703722538,-0.142284768949592,-0.0879070668614253,
-0.0306729289310451,0.),.UNSPECIFIED.);
#975=B_SPLINE_CURVE_WITH_KNOTS('',3,(#5035,#5036,#5037,#5038,#5039,#5040,
#5041,#5042,#5043,#5044,#5045,#5046,#5047,#5048,#5049,#5050,#5051,#5052,
#5053,#5054,#5055,#5056,#5057,#5058,#5059,#5060,#5061,#5062,#5063,#5064,
#5065,#5066,#5067,#5068,#5069,#5070,#5071,#5072,#5073,#5074,#5075,#5076,
#5077,#5078,#5079,#5080,#5081,#5082,#5083,#5084,#5085,#5086),
 .UNSPECIFIED.,.F.,.F.,(4,3,3,3,3,3,3,3,3,3,3,3,3,3,3,3,3,4),(-0.074048520345995,
-0.0668742599784853,-0.0600519846871555,-0.0536074371120037,-0.0477451205593115,
-0.041791213985429,-0.0375852202882901,-0.032493078029563,-0.0311377770064191,
-0.0280827600457824,-0.0248323239631826,-0.0211171438085273,-0.0168027307841808,
-0.0116909549479713,-0.00757064066492797,-0.00378532033246398,-0.00026828489093822,
0.),.UNSPECIFIED.);
#976=B_SPLINE_CURVE_WITH_KNOTS('',3,(#5125,#5126,#5127,#5128,#5129,#5130,
#5131,#5132,#5133,#5134,#5135,#5136,#5137,#5138,#5139,#5140,#5141,#5142,
#5143,#5144,#5145,#5146,#5147,#5148,#5149,#5150,#5151,#5152,#5153,#5154,
#5155,#5156,#5157,#5158,#5159,#5160,#5161,#5162,#5163,#5164,#5165,#5166,
#5167),.UNSPECIFIED.,.F.,.F.,(4,3,3,3,3,3,3,3,3,3,3,3,3,3,4),(-0.470228383101523,
-0.449268396970278,-0.427262668914771,-0.406360173898031,-0.377595181425357,
-0.347588703695403,-0.316510405511466,-0.283219126041395,-0.280373347262932,
-0.24655604969656,-0.195307939042009,-0.142285360442012,-0.087908118267405,
-0.0306746677646316,0.),.UNSPECIFIED.);
#977=B_SPLINE_CURVE_WITH_KNOTS('',3,(#5192,#5193,#5194,#5195,#5196,#5197,
#5198,#5199,#5200,#5201,#5202,#5203,#5204,#5205,#5206,#5207,#5208,#5209,
#5210,#5211,#5212,#5213,#5214,#5215,#5216,#5217,#5218,#5219,#5220,#5221,
#5222,#5223,#5224,#5225,#5226,#5227,#5228,#5229,#5230,#5231,#5232,#5233,
#5234,#5235,#5236,#5237,#5238,#5239,#5240,#5241,#5242,#5243),
 .UNSPECIFIED.,.F.,.F.,(4,3,3,3,3,3,3,3,3,3,3,3,3,3,3,3,3,4),(-0.0740485200112215,
-0.0668792532156339,-0.0600602808206632,-0.0536177177417917,-0.0477451203500167,
-0.0417912275585571,-0.0375852201257511,-0.0324934115647113,-0.0311377768742832,
-0.0280835261357877,-0.0248340339472068,-0.0211203230912092,-0.0168086133876736,
-0.011693717594813,-0.00757291220195116,-0.00378645610097558,-0.000269607832342023,
0.),.UNSPECIFIED.);
#978=B_SPLINE_CURVE_WITH_KNOTS('',3,(#5282,#5283,#5284,#5285,#5286,#5287,
#5288,#5289,#5290,#5291,#5292,#5293,#5294,#5295,#5296,#5297,#5298,#5299,
#5300,#5301,#5302,#5303,#5304,#5305,#5306,#5307,#5308,#5309,#5310,#5311,
#5312,#5313,#5314,#5315,#5316,#5317,#5318,#5319,#5320,#5321,#5322,#5323,
#5324),.UNSPECIFIED.,.F.,.F.,(4,3,3,3,3,3,3,3,3,3,3,3,3,3,4),(-0.470228383186872,
-0.449267091244263,-0.427260270323072,-0.406360173973613,-0.377595715513544,
-0.347589753101274,-0.316511981859558,-0.283221255291953,-0.280373347315377,
-0.246556049741426,-0.195305157828003,-0.142278370149308,-0.0878956933248642,
-0.0306541202160572,0.),.UNSPECIFIED.);
#979=B_SPLINE_CURVE_WITH_KNOTS('',3,(#5349,#5350,#5351,#5352,#5353,#5354,
#5355,#5356,#5357,#5358,#5359,#5360,#5361,#5362,#5363,#5364,#5365,#5366,
#5367,#5368,#5369,#5370,#5371,#5372,#5373,#5374,#5375,#5376,#5377,#5378,
#5379,#5380,#5381,#5382,#5383,#5384,#5385,#5386,#5387,#5388,#5389,#5390,
#5391,#5392,#5393,#5394,#5395,#5396,#5397,#5398,#5399,#5400),
 .UNSPECIFIED.,.F.,.F.,(4,3,3,3,3,3,3,3,3,3,3,3,3,3,3,3,3,4),(-0.0740485200764597,
-0.0669381284101867,-0.060160643318206,-0.0537464958304245,-0.0477451203904568,
-0.041762938327345,-0.0375852201552039,-0.0324276924290718,-0.0311377768995131,
-0.0280821215176111,-0.0248306146441152,-0.0211130521971215,-0.016793330311554,
-0.0116901106647363,-0.00757178013007508,-0.00378589006503754,-0.000269181524089624,
0.),.UNSPECIFIED.);
#980=B_SPLINE_CURVE_WITH_KNOTS('',3,(#5439,#5440,#5441,#5442,#5443,#5444,
#5445,#5446,#5447,#5448,#5449,#5450,#5451,#5452,#5453,#5454,#5455,#5456,
#5457,#5458,#5459,#5460,#5461,#5462,#5463,#5464,#5465,#5466,#5467,#5468,
#5469,#5470,#5471,#5472,#5473,#5474,#5475,#5476,#5477,#5478,#5479,#5480,
#5481),.UNSPECIFIED.,.F.,.F.,(4,3,3,3,3,3,3,3,3,3,3,3,3,3,4),(-0.470228383164722,
-0.449266580738859,-0.427259333075022,-0.406360173953964,-0.377595930709089,
-0.347590167724893,-0.316512592735391,-0.283222054094082,-0.280373347301641,
-0.246556049729698,-0.195304114574281,-0.14227574844594,-0.0878910336574086,
-0.0306464146452625,0.),.UNSPECIFIED.);
#981=B_SPLINE_CURVE_WITH_KNOTS('',3,(#5506,#5507,#5508,#5509,#5510,#5511,
#5512,#5513,#5514,#5515,#5516,#5517,#5518,#5519,#5520,#5521,#5522,#5523,
#5524,#5525,#5526,#5527,#5528,#5529,#5530,#5531,#5532,#5533,#5534,#5535,
#5536,#5537,#5538,#5539,#5540,#5541,#5542,#5543,#5544,#5545,#5546,#5547,
#5548,#5549,#5550,#5551,#5552,#5553,#5554,#5555,#5556,#5557),
 .UNSPECIFIED.,.F.,.F.,(4,3,3,3,3,3,3,3,3,3,3,3,3,3,3,3,3,4),(-0.0740485201206245,
-0.0669339899967824,-0.0601537376368598,-0.0537379174660044,-0.0477451204180908,
-0.041763005900782,-0.0375852201765739,-0.0324276902458861,-0.0311377769169424,
-0.0280815122776466,-0.0248292544934082,-0.0211105217578733,-0.0167886406816068,
-0.0116878887086978,-0.00756994520051487,-0.00378497260025744,-0.000268112902091186,
0.),.UNSPECIFIED.);
#982=B_SPLINE_CURVE_WITH_KNOTS('',3,(#5596,#5597,#5598,#5599,#5600,#5601,
#5602,#5603,#5604,#5605,#5606,#5607,#5608,#5609,#5610,#5611,#5612,#5613,
#5614,#5615,#5616,#5617,#5618,#5619,#5620,#5621,#5622,#5623,#5624,#5625,
#5626,#5627,#5628,#5629,#5630,#5631,#5632,#5633,#5634,#5635,#5636,#5637,
#5638),.UNSPECIFIED.,.F.,.F.,(4,3,3,3,3,3,3,3,3,3,3,3,3,3,4),(-0.470228383221402,
-0.449267896705614,-0.42726174965103,-0.406360174003163,-0.377595383357254,
-0.347589103967761,-0.316511011927252,-0.283219956561647,-0.280373347334909,
-0.246556049758648,-0.195306854136891,-0.142282633470778,-0.0879032710965508,
-0.030666651801684,0.),.UNSPECIFIED.);
#983=B_SPLINE_CURVE_WITH_KNOTS('',3,(#5663,#5664,#5665,#5666,#5667,#5668,
#5669,#5670,#5671,#5672,#5673,#5674,#5675,#5676,#5677,#5678,#5679,#5680,
#5681,#5682,#5683,#5684,#5685,#5686,#5687,#5688,#5689,#5690,#5691,#5692,
#5693,#5694,#5695,#5696,#5697,#5698,#5699,#5700,#5701,#5702,#5703,#5704,
#5705,#5706,#5707,#5708,#5709,#5710,#5711,#5712,#5713,#5714),
 .UNSPECIFIED.,.F.,.F.,(4,3,3,3,3,3,3,3,3,3,3,3,3,3,3,3,3,4),(-0.0740485199337232,
-0.0668746882583409,-0.0600526963970971,-0.0536083190805736,-0.0477451203018704,
-0.0417912142557315,-0.0375852200891553,-0.0324931039547921,-0.0311377768439681,
-0.028082825240035,-0.0248324696715387,-0.0211174148619496,-0.0168032325389012,
-0.0116911908771973,-0.00757083477005181,-0.0037854173850259,-0.000268397941404682,
0.),.UNSPECIFIED.);
#984=B_SPLINE_CURVE_WITH_KNOTS('',3,(#5753,#5754,#5755,#5756,#5757,#5758,
#5759,#5760,#5761,#5762,#5763,#5764,#5765,#5766,#5767,#5768,#5769,#5770,
#5771,#5772,#5773,#5774,#5775,#5776,#5777,#5778,#5779,#5780,#5781,#5782,
#5783,#5784,#5785,#5786,#5787,#5788,#5789,#5790,#5791,#5792,#5793,#5794,
#5795),.UNSPECIFIED.,.F.,.F.,(4,3,3,3,3,3,3,3,3,3,3,3,3,3,4),(-0.470228383125129,
-0.449268443329415,-0.427262754085597,-0.406360173920073,-0.37759516292983,
-0.347588666774029,-0.316510349231187,-0.283219048235544,-0.280373347278642,
-0.246556049709916,-0.195308040678668,-0.142285615912908,-0.087908572379003,
-0.030675418781276,0.),.UNSPECIFIED.);
#985=B_SPLINE_CURVE_WITH_KNOTS('',3,(#5820,#5821,#5822,#5823,#5824,#5825,
#5826,#5827,#5828,#5829,#5830,#5831,#5832,#5833,#5834,#5835,#5836,#5837,
#5838,#5839,#5840,#5841,#5842,#5843,#5844,#5845,#5846,#5847,#5848,#5849,
#5850,#5851,#5852,#5853,#5854,#5855,#5856,#5857,#5858,#5859,#5860,#5861,
#5862,#5863,#5864,#5865,#5866,#5867,#5868,#5869,#5870,#5871),
 .UNSPECIFIED.,.F.,.F.,(4,3,3,3,3,3,3,3,3,3,3,3,3,3,3,3,3,4),(-0.0740485201201643,
-0.0668756802910628,-0.060054344243432,-0.053610360868013,-0.0477451204176174,
-0.0417912159639128,-0.0375852201756129,-0.0324931662424972,-0.0311377769165668,
-0.0280829768064974,-0.0248328078696393,-0.0211180436150751,-0.0168043960381032,
-0.0116917377795885,-0.00757128460215382,-0.00378564230107691,-0.00026865987750308,
0.),.UNSPECIFIED.);
#986=B_SPLINE_CURVE_WITH_KNOTS('',3,(#5910,#5911,#5912,#5913,#5914,#5915,
#5916,#5917,#5918,#5919,#5920,#5921,#5922,#5923,#5924,#5925,#5926,#5927,
#5928,#5929,#5930,#5931,#5932,#5933,#5934,#5935,#5936,#5937,#5938,#5939,
#5940,#5941,#5942,#5943,#5944,#5945,#5946,#5947,#5948,#5949,#5950,#5951,
#5952),.UNSPECIFIED.,.F.,.F.,(4,3,3,3,3,3,3,3,3,3,3,3,3,3,4),(-0.47022838307779,
-0.449267883120853,-0.427261724816855,-0.406360173877824,-0.377595388712471,
-0.347589114647793,-0.316511028085021,-0.283219978544527,-0.280373347249299,
-0.246556049684836,-0.195306825443933,-0.142282561372716,-0.0879031429030196,
-0.0306664396668544,0.),.UNSPECIFIED.);
#987=B_SPLINE_CURVE_WITH_KNOTS('',3,(#5977,#5978,#5979,#5980,#5981,#5982,
#5983,#5984,#5985,#5986,#5987,#5988,#5989,#5990,#5991,#5992,#5993,#5994,
#5995,#5996,#5997,#5998,#5999,#6000,#6001,#6002,#6003,#6004,#6005,#6006,
#6007,#6008,#6009,#6010,#6011,#6012,#6013,#6014,#6015,#6016,#6017,#6018,
#6019,#6020,#6021,#6022,#6023,#6024,#6025,#6026,#6027,#6028),
 .UNSPECIFIED.,.F.,.F.,(4,3,3,3,3,3,3,3,3,3,3,3,3,3,3,3,3,4),(-0.0740485201416403,
-0.0669321469279524,-0.0601506629487766,-0.0537340986592824,-0.0477451204316258,
-0.0417630442895356,-0.0375852201871125,-0.0324277201419037,-0.0311377769254076,
-0.028081245839148,-0.0248286596460712,-0.0211094150297969,-0.0167865891312941,
-0.011686914557363,-0.00756913988530599,-0.003784569942653,-0.000267643878328839,
0.),.UNSPECIFIED.);
#988=B_SPLINE_CURVE_WITH_KNOTS('',3,(#6067,#6068,#6069,#6070,#6071,#6072,
#6073,#6074,#6075,#6076,#6077,#6078,#6079,#6080,#6081,#6082,#6083,#6084,
#6085,#6086,#6087,#6088,#6089,#6090,#6091,#6092,#6093,#6094,#6095,#6096,
#6097,#6098,#6099,#6100,#6101,#6102,#6103,#6104,#6105,#6106,#6107,#6108,
#6109),.UNSPECIFIED.,.F.,.F.,(4,3,3,3,3,3,3,3,3,3,3,3,3,3,4),(-0.470228383179433,
-0.449266081865734,-0.427258417420382,-0.406360173966622,-0.377596144556835,
-0.347590575361436,-0.316513186852116,-0.283222816491887,-0.280373347309969,
-0.246556049737158,-0.195303118944827,-0.142273246652763,-0.0878865873146722,
-0.030639062105646,0.),.UNSPECIFIED.);
#989=B_SPLINE_CURVE_WITH_KNOTS('',3,(#6134,#6135,#6136,#6137,#6138,#6139,
#6140,#6141,#6142,#6143,#6144,#6145,#6146,#6147,#6148,#6149,#6150,#6151,
#6152,#6153,#6154,#6155,#6156,#6157,#6158,#6159,#6160,#6161,#6162,#6163,
#6164,#6165,#6166,#6167,#6168,#6169,#6170,#6171,#6172,#6173,#6174,#6175,
#6176,#6177,#6178,#6179,#6180,#6181,#6182,#6183,#6184,#6185),
 .UNSPECIFIED.,.F.,.F.,(4,3,3,3,3,3,3,3,3,3,3,3,3,3,3,3,3,4),(-0.0740485201238487,
-0.0669420567888094,-0.0601672007740801,-0.053754643420179,-0.0477451204207151,
-0.0417628996119782,-0.037585220178339,-0.0324277889595551,-0.0311377769184156,
-0.0280827147481522,-0.0248319389711214,-0.0211155157555266,-0.0167978945442785,
-0.0116922667503658,-0.00757355807953204,-0.00378677903976602,-0.000270216874957121,
0.),.UNSPECIFIED.);
#990=B_SPLINE_CURVE_WITH_KNOTS('',3,(#6222,#6223,#6224,#6225,#6226,#6227,
#6228,#6229,#6230,#6231,#6232,#6233,#6234,#6235,#6236,#6237,#6238,#6239,
#6240,#6241,#6242,#6243,#6244,#6245,#6246,#6247,#6248,#6249,#6250,#6251,
#6252,#6253,#6254,#6255,#6256,#6257,#6258,#6259,#6260,#6261,#6262,#6263,
#6264,#6265,#6266,#6267,#6268,#6269,#6270,#6271,#6272,#6273),
 .UNSPECIFIED.,.F.,.F.,(4,3,3,3,3,3,3,3,3,3,3,3,3,3,3,3,3,4),(-0.0740485201242193,
-0.0668793743830025,-0.060060482092361,-0.0536179671513551,-0.0477451204208527,
-0.0417912281685035,-0.0375852201797157,-0.0324934205244942,-0.0311377769187625,
-0.0280835448930047,-0.0248340757554918,-0.0211204007771005,-0.0168087570573062,
-0.0116937849735319,-0.00757296756553042,-0.00378648378276521,-0.000269640074870358,
0.),.UNSPECIFIED.);
#991=B_SPLINE_CURVE_WITH_KNOTS('',3,(#6310,#6311,#6312,#6313,#6314,#6315,
#6316,#6317,#6318,#6319,#6320,#6321,#6322,#6323,#6324,#6325,#6326,#6327,
#6328,#6329,#6330,#6331,#6332,#6333,#6334,#6335,#6336,#6337,#6338,#6339,
#6340,#6341,#6342,#6343,#6344,#6345,#6346,#6347,#6348,#6349,#6350,#6351,
#6352,#6353,#6354,#6355,#6356,#6357,#6358,#6359,#6360,#6361),
 .UNSPECIFIED.,.F.,.F.,(4,3,3,3,3,3,3,3,3,3,3,3,3,3,3,3,3,4),(-0.0740485201154665,
-0.0668742597775981,-0.060051984513594,-0.0536074369636634,-0.0477451204152841,
-0.0417912138636231,-0.0375852201759026,-0.0324930779268756,-0.0311377769153681,
-0.0280827599648224,-0.0248323238932162,-0.0211171437516009,-0.0168027307431856,
-0.0116909549221811,-0.00757064065314188,-0.00378532032657094,-0.000268284897982777,
0.),.UNSPECIFIED.);
#992=B_SPLINE_CURVE_WITH_KNOTS('',3,(#6398,#6399,#6400,#6401,#6402,#6403,
#6404,#6405,#6406,#6407,#6408,#6409,#6410,#6411,#6412,#6413,#6414,#6415,
#6416,#6417,#6418,#6419,#6420,#6421,#6422,#6423,#6424,#6425,#6426,#6427,
#6428,#6429,#6430,#6431,#6432,#6433,#6434,#6435,#6436,#6437,#6438,#6439,
#6440,#6441,#6442,#6443,#6444,#6445,#6446,#6447,#6448,#6449),
 .UNSPECIFIED.,.F.,.F.,(4,3,3,3,3,3,3,3,3,3,3,3,3,3,3,3,3,4),(-0.07404852010112,
-0.0668792532841517,-0.060060280869576,-0.0536177177724589,-0.0477451204067379,
-0.0417912275996406,-0.0375852201703461,-0.0324934116054884,-0.0311377769100865,
-0.0280835261676207,-0.0248340339747182,-0.0211203231135881,-0.0168086134037825,
-0.0116937176049835,-0.00757291220662434,-0.00378645610331217,-0.000269607829592439,
0.),.UNSPECIFIED.);
#993=B_SPLINE_CURVE_WITH_KNOTS('',3,(#6486,#6487,#6488,#6489,#6490,#6491,
#6492,#6493,#6494,#6495,#6496,#6497,#6498,#6499,#6500,#6501,#6502,#6503,
#6504,#6505,#6506,#6507,#6508,#6509,#6510,#6511,#6512,#6513,#6514,#6515,
#6516,#6517,#6518,#6519,#6520,#6521,#6522,#6523,#6524,#6525,#6526,#6527,
#6528,#6529,#6530,#6531,#6532,#6533,#6534,#6535,#6536,#6537),
 .UNSPECIFIED.,.F.,.F.,(4,3,3,3,3,3,3,3,3,3,3,3,3,3,3,3,3,4),(-0.0740485199876141,
-0.0669381283345424,-0.0601606432547795,-0.0537464957783389,-0.0477451203350062,
-0.0417629382820439,-0.0375852201125936,-0.0324276923901613,-0.0311377768645693,
-0.0280821214865426,-0.0248306146172696,-0.021113052175283,-0.0167933302958309,
-0.011690110654853,-0.00757178012556549,-0.00378589006278274,-0.000269181526784508,
0.),.UNSPECIFIED.);
#994=B_SPLINE_CURVE_WITH_KNOTS('',3,(#6574,#6575,#6576,#6577,#6578,#6579,
#6580,#6581,#6582,#6583,#6584,#6585,#6586,#6587,#6588,#6589,#6590,#6591,
#6592,#6593,#6594,#6595,#6596,#6597,#6598,#6599,#6600,#6601,#6602,#6603,
#6604,#6605,#6606,#6607,#6608,#6609,#6610,#6611,#6612,#6613,#6614,#6615,
#6616,#6617,#6618,#6619,#6620,#6621,#6622,#6623,#6624,#6625),
 .UNSPECIFIED.,.F.,.F.,(4,3,3,3,3,3,3,3,3,3,3,3,3,3,3,3,3,4),(-0.0740485200756518,
-0.0669339899524519,-0.0601537375931832,-0.0537379174228571,-0.0477451203904032,
-0.0417630058736739,-0.0375852201556504,-0.0324276902267766,-0.0311377768994781,
-0.0280815122621152,-0.0248292544799784,-0.0211105217469372,-0.0167886406737083,
-0.0116878887037559,-0.00756994519826199,-0.003784972599131,-0.000268112903434459,
0.),.UNSPECIFIED.);
#995=B_SPLINE_CURVE_WITH_KNOTS('',3,(#6662,#6663,#6664,#6665,#6666,#6667,
#6668,#6669,#6670,#6671,#6672,#6673,#6674,#6675,#6676,#6677,#6678,#6679,
#6680,#6681,#6682,#6683,#6684,#6685,#6686,#6687,#6688,#6689,#6690,#6691,
#6692,#6693,#6694,#6695,#6696,#6697,#6698,#6699,#6700,#6701,#6702,#6703,
#6704,#6705,#6706,#6707,#6708,#6709,#6710,#6711,#6712,#6713),
 .UNSPECIFIED.,.F.,.F.,(4,3,3,3,3,3,3,3,3,3,3,3,3,3,3,3,3,4),(-0.0740485201146584,
-0.0668746883962519,-0.0600526964955274,-0.0536083191421651,-0.0477451204156315,
-0.0417912143377837,-0.0375852201767438,-0.0324931040345764,-0.0311377769155126,
-0.028082825303651,-0.0248324697265151,-0.0211174149066914,-0.0168032325711557,
-0.0116911908974561,-0.00757083477929524,-0.00378541738964762,-0.000268397935871289,
0.),.UNSPECIFIED.);
#996=B_SPLINE_CURVE_WITH_KNOTS('',3,(#6750,#6751,#6752,#6753,#6754,#6755,
#6756,#6757,#6758,#6759,#6760,#6761,#6762,#6763,#6764,#6765,#6766,#6767,
#6768,#6769,#6770,#6771,#6772,#6773,#6774,#6775,#6776,#6777,#6778,#6779,
#6780,#6781,#6782,#6783,#6784,#6785,#6786,#6787,#6788,#6789,#6790,#6791,
#6792,#6793,#6794,#6795,#6796,#6797,#6798,#6799,#6800,#6801),
 .UNSPECIFIED.,.F.,.F.,(4,3,3,3,3,3,3,3,3,3,3,3,3,3,3,3,3,4),(-0.0740485201201643,
-0.0668756802910606,-0.0600543442434303,-0.053610360868011,-0.0477451204176174,
-0.0417912159639139,-0.0375852201756129,-0.0324931662424992,-0.0311377769165668,
-0.028082976806498,-0.0248328078696428,-0.0211180436150795,-0.016804396038104,
-0.011691737779597,-0.00757128460216428,-0.00378564230108214,-0.000268659877515661,
0.),.UNSPECIFIED.);
#997=B_SPLINE_CURVE_WITH_KNOTS('',3,(#6838,#6839,#6840,#6841,#6842,#6843,
#6844,#6845,#6846,#6847,#6848,#6849,#6850,#6851,#6852,#6853,#6854,#6855,
#6856,#6857,#6858,#6859,#6860,#6861,#6862,#6863,#6864,#6865,#6866,#6867,
#6868,#6869,#6870,#6871,#6872,#6873,#6874,#6875,#6876,#6877,#6878,#6879,
#6880,#6881,#6882,#6883,#6884,#6885,#6886,#6887,#6888,#6889),
 .UNSPECIFIED.,.F.,.F.,(4,3,3,3,3,3,3,3,3,3,3,3,3,3,3,3,3,4),(-0.0740485200168322,
-0.0669321468190813,-0.0601506628546884,-0.0537340985788551,-0.0477451203538899,
-0.0417630442240554,-0.0375852201275168,-0.0324277200874528,-0.0311377768764118,
-0.0280812457955848,-0.0248286596084253,-0.0211094149991681,-0.0167865891092396,
-0.0116869145435255,-0.00756913987901308,-0.00378456993950654,-0.000267643882126857,
0.),.UNSPECIFIED.);
#998=B_SPLINE_CURVE_WITH_KNOTS('',3,(#6924,#6925,#6926,#6927,#6928,#6929,
#6930,#6931,#6932,#6933,#6934,#6935,#6936,#6937,#6938,#6939,#6940,#6941,
#6942,#6943,#6944,#6945,#6946,#6947,#6948,#6949,#6950,#6951,#6952,#6953,
#6954,#6955,#6956,#6957,#6958,#6959,#6960,#6961,#6962,#6963,#6964,#6965,
#6966,#6967,#6968,#6969,#6970,#6971,#6972,#6973,#6974,#6975),
 .UNSPECIFIED.,.F.,.F.,(4,3,3,3,3,3,3,3,3,3,3,3,3,3,3,3,3,4),(-0.0740485200566961,
-0.0669420567288279,-0.0601672007207368,-0.0537546433729788,-0.0477451203789517,
-0.0417628995757697,-0.0375852201462872,-0.0324277889302867,-0.0311377768920732,
-0.0280827147247331,-0.0248319389508922,-0.0211155157390685,-0.0167978945324278,
-0.0116922667429297,-0.00757355807615354,-0.00378677903807677,-0.00027021687701,
0.),.UNSPECIFIED.);
#999=VERTEX_POINT('',#3396);
#1000=VERTEX_POINT('',#3397);
#1001=VERTEX_POINT('',#3404);
#1002=VERTEX_POINT('',#3406);
#1003=VERTEX_POINT('',#3411);
#1004=VERTEX_POINT('',#3413);
#1005=VERTEX_POINT('',#3417);
#1006=VERTEX_POINT('',#3418);
#1007=VERTEX_POINT('',#3425);
#1008=VERTEX_POINT('',#3427);
#1009=VERTEX_POINT('',#3432);
#1010=VERTEX_POINT('',#3434);
#1011=VERTEX_POINT('',#3438);
#1012=VERTEX_POINT('',#3439);
#1013=VERTEX_POINT('',#3446);
#1014=VERTEX_POINT('',#3448);
#1015=VERTEX_POINT('',#3453);
#1016=VERTEX_POINT('',#3455);
#1017=VERTEX_POINT('',#3459);
#1018=VERTEX_POINT('',#3460);
#1019=VERTEX_POINT('',#3467);
#1020=VERTEX_POINT('',#3469);
#1021=VERTEX_POINT('',#3471);
#1022=VERTEX_POINT('',#3473);
#1023=VERTEX_POINT('',#3480);
#1024=VERTEX_POINT('',#3481);
#1025=VERTEX_POINT('',#3486);
#1026=VERTEX_POINT('',#3488);
#1027=VERTEX_POINT('',#3490);
#1028=VERTEX_POINT('',#3492);
#1029=VERTEX_POINT('',#3501);
#1030=VERTEX_POINT('',#3502);
#1031=VERTEX_POINT('',#3509);
#1032=VERTEX_POINT('',#3511);
#1033=VERTEX_POINT('',#3516);
#1034=VERTEX_POINT('',#3518);
#1035=VERTEX_POINT('',#3522);
#1036=VERTEX_POINT('',#3523);
#1037=VERTEX_POINT('',#3528);
#1038=VERTEX_POINT('',#3530);
#1039=VERTEX_POINT('',#3535);
#1040=VERTEX_POINT('',#3537);
#1041=VERTEX_POINT('',#3541);
#1042=VERTEX_POINT('',#3542);
#1043=VERTEX_POINT('',#3547);
#1044=VERTEX_POINT('',#3549);
#1045=VERTEX_POINT('',#3551);
#1046=VERTEX_POINT('',#3553);
#1047=VERTEX_POINT('',#3562);
#1048=VERTEX_POINT('',#3563);
#1049=VERTEX_POINT('',#3598);
#1050=VERTEX_POINT('',#3600);
#1051=VERTEX_POINT('',#3602);
#1052=VERTEX_POINT('',#3604);
#1053=VERTEX_POINT('',#3613);
#1054=VERTEX_POINT('',#3614);
#1055=VERTEX_POINT('',#3621);
#1056=VERTEX_POINT('',#3623);
#1057=VERTEX_POINT('',#3658);
#1058=VERTEX_POINT('',#3660);
#1059=VERTEX_POINT('',#3664);
#1060=VERTEX_POINT('',#3665);
#1061=VERTEX_POINT('',#3672);
#1062=VERTEX_POINT('',#3674);
#1063=VERTEX_POINT('',#3679);
#1064=VERTEX_POINT('',#3681);
#1065=VERTEX_POINT('',#3685);
#1066=VERTEX_POINT('',#3686);
#1067=VERTEX_POINT('',#3691);
#1068=VERTEX_POINT('',#3693);
#1069=VERTEX_POINT('',#3695);
#1070=VERTEX_POINT('',#3697);
#1071=VERTEX_POINT('',#3704);
#1072=VERTEX_POINT('',#3705);
#1073=VERTEX_POINT('',#3710);
#1074=VERTEX_POINT('',#3712);
#1075=VERTEX_POINT('',#3714);
#1076=VERTEX_POINT('',#3716);
#1077=VERTEX_POINT('',#3725);
#1078=VERTEX_POINT('',#3726);
#1079=VERTEX_POINT('',#3733);
#1080=VERTEX_POINT('',#3735);
#1081=VERTEX_POINT('',#3740);
#1082=VERTEX_POINT('',#3742);
#1083=VERTEX_POINT('',#3746);
#1084=VERTEX_POINT('',#3747);
#1085=VERTEX_POINT('',#3752);
#1086=VERTEX_POINT('',#3754);
#1087=VERTEX_POINT('',#3761);
#1088=VERTEX_POINT('',#3763);
#1089=VERTEX_POINT('',#3767);
#1090=VERTEX_POINT('',#3768);
#1091=VERTEX_POINT('',#3773);
#1092=VERTEX_POINT('',#3775);
#1093=VERTEX_POINT('',#3777);
#1094=VERTEX_POINT('',#3779);
#1095=VERTEX_POINT('',#3788);
#1096=VERTEX_POINT('',#3789);
#1097=VERTEX_POINT('',#3796);
#1098=VERTEX_POINT('',#3798);
#1099=VERTEX_POINT('',#3803);
#1100=VERTEX_POINT('',#3805);
#1101=VERTEX_POINT('',#3809);
#1102=VERTEX_POINT('',#3810);
#1103=VERTEX_POINT('',#3815);
#1104=VERTEX_POINT('',#3817);
#1105=VERTEX_POINT('',#3819);
#1106=VERTEX_POINT('',#3821);
#1107=VERTEX_POINT('',#3830);
#1108=VERTEX_POINT('',#3832);
#1109=VERTEX_POINT('',#3833);
#1110=VERTEX_POINT('',#3835);
#1111=VERTEX_POINT('',#3837);
#1112=VERTEX_POINT('',#3864);
#1113=VERTEX_POINT('',#3866);
#1114=VERTEX_POINT('',#3910);
#1115=VERTEX_POINT('',#3917);
#1116=VERTEX_POINT('',#3944);
#1117=VERTEX_POINT('',#3946);
#1118=VERTEX_POINT('',#3990);
#1119=VERTEX_POINT('',#3997);
#1120=VERTEX_POINT('',#4001);
#1121=VERTEX_POINT('',#4003);
#1122=VERTEX_POINT('',#4030);
#1123=VERTEX_POINT('',#4032);
#1124=VERTEX_POINT('',#4076);
#1125=VERTEX_POINT('',#4083);
#1126=VERTEX_POINT('',#4087);
#1127=VERTEX_POINT('',#4089);
#1128=VERTEX_POINT('',#4116);
#1129=VERTEX_POINT('',#4118);
#1130=VERTEX_POINT('',#4162);
#1131=VERTEX_POINT('',#4169);
#1132=VERTEX_POINT('',#4173);
#1133=VERTEX_POINT('',#4175);
#1134=VERTEX_POINT('',#4202);
#1135=VERTEX_POINT('',#4204);
#1136=VERTEX_POINT('',#4248);
#1137=VERTEX_POINT('',#4255);
#1138=VERTEX_POINT('',#4259);
#1139=VERTEX_POINT('',#4261);
#1140=VERTEX_POINT('',#4288);
#1141=VERTEX_POINT('',#4290);
#1142=VERTEX_POINT('',#4334);
#1143=VERTEX_POINT('',#4341);
#1144=VERTEX_POINT('',#4345);
#1145=VERTEX_POINT('',#4347);
#1146=VERTEX_POINT('',#4374);
#1147=VERTEX_POINT('',#4376);
#1148=VERTEX_POINT('',#4420);
#1149=VERTEX_POINT('',#4427);
#1150=VERTEX_POINT('',#4431);
#1151=VERTEX_POINT('',#4433);
#1152=VERTEX_POINT('',#4460);
#1153=VERTEX_POINT('',#4462);
#1154=VERTEX_POINT('',#4506);
#1155=VERTEX_POINT('',#4513);
#1156=VERTEX_POINT('',#4517);
#1157=VERTEX_POINT('',#4519);
#1158=VERTEX_POINT('',#4546);
#1159=VERTEX_POINT('',#4548);
#1160=VERTEX_POINT('',#4592);
#1161=VERTEX_POINT('',#4599);
#1162=VERTEX_POINT('',#4603);
#1163=VERTEX_POINT('',#4605);
#1164=VERTEX_POINT('',#4632);
#1165=VERTEX_POINT('',#4634);
#1166=VERTEX_POINT('',#4678);
#1167=VERTEX_POINT('',#4685);
#1168=VERTEX_POINT('',#4689);
#1169=VERTEX_POINT('',#4691);
#1170=VERTEX_POINT('',#4695);
#1171=VERTEX_POINT('',#4697);
#1172=VERTEX_POINT('',#4703);
#1173=VERTEX_POINT('',#4709);
#1174=VERTEX_POINT('',#4715);
#1175=VERTEX_POINT('',#4721);
#1176=VERTEX_POINT('',#4727);
#1177=VERTEX_POINT('',#4733);
#1178=VERTEX_POINT('',#4739);
#1179=VERTEX_POINT('',#4745);
#1180=VERTEX_POINT('',#4751);
#1181=VERTEX_POINT('',#4757);
#1182=VERTEX_POINT('',#4763);
#1183=VERTEX_POINT('',#4768);
#1184=VERTEX_POINT('',#4774);
#1185=VERTEX_POINT('',#4779);
#1186=VERTEX_POINT('',#4785);
#1187=VERTEX_POINT('',#4790);
#1188=VERTEX_POINT('',#4796);
#1189=VERTEX_POINT('',#4801);
#1190=VERTEX_POINT('',#4807);
#1191=VERTEX_POINT('',#4812);
#1192=VERTEX_POINT('',#4818);
#1193=VERTEX_POINT('',#4823);
#1194=VERTEX_POINT('',#4829);
#1195=VERTEX_POINT('',#4834);
#1196=VERTEX_POINT('',#4840);
#1197=VERTEX_POINT('',#4847);
#1198=VERTEX_POINT('',#4929);
#1199=VERTEX_POINT('',#4933);
#1200=VERTEX_POINT('',#4935);
#1201=VERTEX_POINT('',#4939);
#1202=VERTEX_POINT('',#4941);
#1203=VERTEX_POINT('',#5090);
#1204=VERTEX_POINT('',#5092);
#1205=VERTEX_POINT('',#5096);
#1206=VERTEX_POINT('',#5098);
#1207=VERTEX_POINT('',#5247);
#1208=VERTEX_POINT('',#5249);
#1209=VERTEX_POINT('',#5253);
#1210=VERTEX_POINT('',#5255);
#1211=VERTEX_POINT('',#5404);
#1212=VERTEX_POINT('',#5406);
#1213=VERTEX_POINT('',#5410);
#1214=VERTEX_POINT('',#5412);
#1215=VERTEX_POINT('',#5561);
#1216=VERTEX_POINT('',#5563);
#1217=VERTEX_POINT('',#5567);
#1218=VERTEX_POINT('',#5569);
#1219=VERTEX_POINT('',#5718);
#1220=VERTEX_POINT('',#5720);
#1221=VERTEX_POINT('',#5724);
#1222=VERTEX_POINT('',#5726);
#1223=VERTEX_POINT('',#5875);
#1224=VERTEX_POINT('',#5877);
#1225=VERTEX_POINT('',#5881);
#1226=VERTEX_POINT('',#5883);
#1227=VERTEX_POINT('',#6032);
#1228=VERTEX_POINT('',#6034);
#1229=VERTEX_POINT('',#6038);
#1230=VERTEX_POINT('',#6040);
#1231=VERTEX_POINT('',#6189);
#1232=VERTEX_POINT('',#6191);
#1233=VERTEX_POINT('',#6195);
#1234=VERTEX_POINT('',#6277);
#1235=VERTEX_POINT('',#6279);
#1236=VERTEX_POINT('',#6283);
#1237=VERTEX_POINT('',#6365);
#1238=VERTEX_POINT('',#6367);
#1239=VERTEX_POINT('',#6371);
#1240=VERTEX_POINT('',#6453);
#1241=VERTEX_POINT('',#6455);
#1242=VERTEX_POINT('',#6459);
#1243=VERTEX_POINT('',#6541);
#1244=VERTEX_POINT('',#6543);
#1245=VERTEX_POINT('',#6547);
#1246=VERTEX_POINT('',#6629);
#1247=VERTEX_POINT('',#6631);
#1248=VERTEX_POINT('',#6635);
#1249=VERTEX_POINT('',#6717);
#1250=VERTEX_POINT('',#6719);
#1251=VERTEX_POINT('',#6723);
#1252=VERTEX_POINT('',#6805);
#1253=VERTEX_POINT('',#6807);
#1254=VERTEX_POINT('',#6811);
#1255=VERTEX_POINT('',#6893);
#1256=VERTEX_POINT('',#6897);
#1257=VERTEX_POINT('',#6977);
#1258=VERTEX_POINT('',#6979);
#1259=VERTEX_POINT('',#6983);
#1260=VERTEX_POINT('',#6987);
#1261=VERTEX_POINT('',#6994);
#1262=VERTEX_POINT('',#6996);
#1263=EDGE_CURVE('',#999,#1000,#891,.T.);
#1264=EDGE_CURVE('',#999,#1001,#830,.T.);
#1265=EDGE_CURVE('',#1002,#1001,#892,.T.);
#1266=EDGE_CURVE('',#1003,#1002,#414,.T.);
#1267=EDGE_CURVE('',#1004,#1003,#831,.T.);
#1268=EDGE_CURVE('',#1000,#1004,#415,.T.);
#1269=EDGE_CURVE('',#1005,#1006,#893,.T.);
#1270=EDGE_CURVE('',#1005,#1007,#832,.T.);
#1271=EDGE_CURVE('',#1008,#1007,#894,.T.);
#1272=EDGE_CURVE('',#1009,#1008,#416,.T.);
#1273=EDGE_CURVE('',#1010,#1009,#833,.T.);
#1274=EDGE_CURVE('',#1006,#1010,#417,.T.);
#1275=EDGE_CURVE('',#1011,#1012,#895,.T.);
#1276=EDGE_CURVE('',#1011,#1013,#834,.T.);
#1277=EDGE_CURVE('',#1014,#1013,#896,.T.);
#1278=EDGE_CURVE('',#1015,#1014,#418,.T.);
#1279=EDGE_CURVE('',#1016,#1015,#835,.T.);
#1280=EDGE_CURVE('',#1012,#1016,#419,.T.);
#1281=EDGE_CURVE('',#1017,#1018,#897,.T.);
#1282=EDGE_CURVE('',#1019,#1017,#420,.T.);
#1283=EDGE_CURVE('',#1020,#1019,#836,.T.);
#1284=EDGE_CURVE('',#1021,#1020,#421,.T.);
#1285=EDGE_CURVE('',#1022,#1021,#898,.T.);
#1286=EDGE_CURVE('',#1022,#1018,#837,.T.);
#1287=EDGE_CURVE('',#1023,#1024,#899,.T.);
#1288=EDGE_CURVE('',#1025,#1023,#422,.T.);
#1289=EDGE_CURVE('',#1026,#1025,#838,.T.);
#1290=EDGE_CURVE('',#1027,#1026,#423,.T.);
#1291=EDGE_CURVE('',#1028,#1027,#900,.T.);
#1292=EDGE_CURVE('',#1028,#1024,#839,.T.);
#1293=EDGE_CURVE('',#1029,#1030,#901,.T.);
#1294=EDGE_CURVE('',#1029,#1031,#840,.T.);
#1295=EDGE_CURVE('',#1032,#1031,#902,.T.);
#1296=EDGE_CURVE('',#1033,#1032,#424,.T.);
#1297=EDGE_CURVE('',#1034,#1033,#841,.T.);
#1298=EDGE_CURVE('',#1030,#1034,#425,.T.);
#1299=EDGE_CURVE('',#1035,#1036,#903,.T.);
#1300=EDGE_CURVE('',#1035,#1037,#842,.T.);
#1301=EDGE_CURVE('',#1038,#1037,#904,.T.);
#1302=EDGE_CURVE('',#1039,#1038,#426,.T.);
#1303=EDGE_CURVE('',#1040,#1039,#843,.T.);
#1304=EDGE_CURVE('',#1036,#1040,#427,.T.);
#1305=EDGE_CURVE('',#1041,#1042,#905,.T.);
#1306=EDGE_CURVE('',#1043,#1041,#428,.T.);
#1307=EDGE_CURVE('',#1044,#1043,#844,.T.);
#1308=EDGE_CURVE('',#1045,#1044,#429,.T.);
#1309=EDGE_CURVE('',#1046,#1045,#906,.T.);
#1310=EDGE_CURVE('',#1046,#1042,#845,.T.);
#1311=EDGE_CURVE('',#1047,#1048,#907,.T.);
#1312=EDGE_CURVE('',#1049,#1047,#430,.T.);
#1313=EDGE_CURVE('',#1050,#1049,#846,.T.);
#1314=EDGE_CURVE('',#1051,#1050,#431,.T.);
#1315=EDGE_CURVE('',#1052,#1051,#908,.T.);
#1316=EDGE_CURVE('',#1052,#1048,#847,.T.);
#1317=EDGE_CURVE('',#1053,#1054,#909,.T.);
#1318=EDGE_CURVE('',#1053,#1055,#848,.T.);
#1319=EDGE_CURVE('',#1056,#1055,#910,.T.);
#1320=EDGE_CURVE('',#1057,#1056,#432,.T.);
#1321=EDGE_CURVE('',#1058,#1057,#849,.T.);
#1322=EDGE_CURVE('',#1054,#1058,#433,.T.);
#1323=EDGE_CURVE('',#1059,#1060,#911,.T.);
#1324=EDGE_CURVE('',#1059,#1061,#850,.T.);
#1325=EDGE_CURVE('',#1062,#1061,#912,.T.);
#1326=EDGE_CURVE('',#1063,#1062,#434,.T.);
#1327=EDGE_CURVE('',#1064,#1063,#851,.T.);
#1328=EDGE_CURVE('',#1060,#1064,#435,.T.);
#1329=EDGE_CURVE('',#1065,#1066,#913,.T.);
#1330=EDGE_CURVE('',#1067,#1065,#436,.T.);
#1331=EDGE_CURVE('',#1068,#1067,#852,.T.);
#1332=EDGE_CURVE('',#1069,#1068,#437,.T.);
#1333=EDGE_CURVE('',#1070,#1069,#914,.T.);
#1334=EDGE_CURVE('',#1070,#1066,#853,.T.);
#1335=EDGE_CURVE('',#1071,#1072,#915,.T.);
#1336=EDGE_CURVE('',#1073,#1071,#438,.T.);
#1337=EDGE_CURVE('',#1074,#1073,#854,.T.);
#1338=EDGE_CURVE('',#1075,#1074,#439,.T.);
#1339=EDGE_CURVE('',#1076,#1075,#916,.T.);
#1340=EDGE_CURVE('',#1076,#1072,#855,.T.);
#1341=EDGE_CURVE('',#1077,#1078,#917,.T.);
#1342=EDGE_CURVE('',#1077,#1079,#856,.T.);
#1343=EDGE_CURVE('',#1080,#1079,#918,.T.);
#1344=EDGE_CURVE('',#1081,#1080,#440,.T.);
#1345=EDGE_CURVE('',#1082,#1081,#857,.T.);
#1346=EDGE_CURVE('',#1078,#1082,#441,.T.);
#1347=EDGE_CURVE('',#1083,#1084,#919,.T.);
#1348=EDGE_CURVE('',#1083,#1085,#858,.T.);
#1349=EDGE_CURVE('',#1086,#1085,#920,.T.);
#1350=EDGE_CURVE('',#1087,#1086,#442,.T.);
#1351=EDGE_CURVE('',#1088,#1087,#859,.T.);
#1352=EDGE_CURVE('',#1084,#1088,#443,.T.);
#1353=EDGE_CURVE('',#1089,#1090,#921,.T.);
#1354=EDGE_CURVE('',#1091,#1089,#444,.T.);
#1355=EDGE_CURVE('',#1092,#1091,#860,.T.);
#1356=EDGE_CURVE('',#1093,#1092,#445,.T.);
#1357=EDGE_CURVE('',#1094,#1093,#922,.T.);
#1358=EDGE_CURVE('',#1094,#1090,#861,.T.);
#1359=EDGE_CURVE('',#1095,#1096,#923,.T.);
#1360=EDGE_CURVE('',#1095,#1097,#862,.T.);
#1361=EDGE_CURVE('',#1098,#1097,#924,.T.);
#1362=EDGE_CURVE('',#1099,#1098,#446,.T.);
#1363=EDGE_CURVE('',#1100,#1099,#863,.T.);
#1364=EDGE_CURVE('',#1096,#1100,#447,.T.);
#1365=EDGE_CURVE('',#1101,#1102,#925,.T.);
#1366=EDGE_CURVE('',#1103,#1101,#448,.T.);
#1367=EDGE_CURVE('',#1104,#1103,#864,.T.);
#1368=EDGE_CURVE('',#1105,#1104,#449,.T.);
#1369=EDGE_CURVE('',#1106,#1105,#926,.T.);
#1370=EDGE_CURVE('',#1106,#1102,#865,.T.);
#1371=EDGE_CURVE('',#1107,#1107,#866,.T.);
#1372=EDGE_CURVE('',#1108,#1109,#450,.T.);
#1373=EDGE_CURVE('',#1109,#1110,#867,.T.);
#1374=EDGE_CURVE('',#1110,#1111,#451,.T.);
#1375=EDGE_CURVE('',#1111,#1108,#868,.T.);
#1376=EDGE_CURVE('',#1096,#1112,#452,.T.);
#1377=EDGE_CURVE('',#1112,#1113,#927,.T.);
#1378=EDGE_CURVE('',#1114,#1113,#453,.T.);
#1379=EDGE_CURVE('',#1114,#1095,#928,.T.);
#1380=EDGE_CURVE('',#1100,#1115,#454,.T.);
#1381=EDGE_CURVE('',#1115,#1112,#455,.T.);
#1382=EDGE_CURVE('',#1084,#1116,#456,.T.);
#1383=EDGE_CURVE('',#1116,#1117,#929,.T.);
#1384=EDGE_CURVE('',#1118,#1117,#457,.T.);
#1385=EDGE_CURVE('',#1118,#1083,#930,.T.);
#1386=EDGE_CURVE('',#1088,#1119,#458,.T.);
#1387=EDGE_CURVE('',#1119,#1116,#459,.T.);
#1388=EDGE_CURVE('',#1104,#1120,#460,.T.);
#1389=EDGE_CURVE('',#1120,#1121,#461,.T.);
#1390=EDGE_CURVE('',#1105,#1121,#462,.T.);
#1391=EDGE_CURVE('',#1078,#1122,#463,.T.);
#1392=EDGE_CURVE('',#1122,#1123,#931,.T.);
#1393=EDGE_CURVE('',#1124,#1123,#464,.T.);
#1394=EDGE_CURVE('',#1124,#1077,#932,.T.);
#1395=EDGE_CURVE('',#1082,#1125,#465,.T.);
#1396=EDGE_CURVE('',#1125,#1122,#466,.T.);
#1397=EDGE_CURVE('',#1092,#1126,#467,.T.);
#1398=EDGE_CURVE('',#1126,#1127,#468,.T.);
#1399=EDGE_CURVE('',#1093,#1127,#469,.T.);
#1400=EDGE_CURVE('',#1060,#1128,#470,.T.);
#1401=EDGE_CURVE('',#1128,#1129,#933,.T.);
#1402=EDGE_CURVE('',#1130,#1129,#471,.T.);
#1403=EDGE_CURVE('',#1130,#1059,#934,.T.);
#1404=EDGE_CURVE('',#1064,#1131,#472,.T.);
#1405=EDGE_CURVE('',#1131,#1128,#473,.T.);
#1406=EDGE_CURVE('',#1074,#1132,#474,.T.);
#1407=EDGE_CURVE('',#1132,#1133,#475,.T.);
#1408=EDGE_CURVE('',#1075,#1133,#476,.T.);
#1409=EDGE_CURVE('',#1054,#1134,#477,.T.);
#1410=EDGE_CURVE('',#1134,#1135,#935,.T.);
#1411=EDGE_CURVE('',#1136,#1135,#478,.T.);
#1412=EDGE_CURVE('',#1136,#1053,#936,.T.);
#1413=EDGE_CURVE('',#1058,#1137,#479,.T.);
#1414=EDGE_CURVE('',#1137,#1134,#480,.T.);
#1415=EDGE_CURVE('',#1068,#1138,#481,.T.);
#1416=EDGE_CURVE('',#1138,#1139,#482,.T.);
#1417=EDGE_CURVE('',#1069,#1139,#483,.T.);
#1418=EDGE_CURVE('',#1036,#1140,#484,.T.);
#1419=EDGE_CURVE('',#1140,#1141,#937,.T.);
#1420=EDGE_CURVE('',#1142,#1141,#485,.T.);
#1421=EDGE_CURVE('',#1142,#1035,#938,.T.);
#1422=EDGE_CURVE('',#1040,#1143,#486,.T.);
#1423=EDGE_CURVE('',#1143,#1140,#487,.T.);
#1424=EDGE_CURVE('',#1050,#1144,#488,.T.);
#1425=EDGE_CURVE('',#1144,#1145,#489,.T.);
#1426=EDGE_CURVE('',#1051,#1145,#490,.T.);
#1427=EDGE_CURVE('',#1030,#1146,#491,.T.);
#1428=EDGE_CURVE('',#1146,#1147,#939,.T.);
#1429=EDGE_CURVE('',#1148,#1147,#492,.T.);
#1430=EDGE_CURVE('',#1148,#1029,#940,.T.);
#1431=EDGE_CURVE('',#1034,#1149,#493,.T.);
#1432=EDGE_CURVE('',#1149,#1146,#494,.T.);
#1433=EDGE_CURVE('',#1044,#1150,#495,.T.);
#1434=EDGE_CURVE('',#1150,#1151,#496,.T.);
#1435=EDGE_CURVE('',#1045,#1151,#497,.T.);
#1436=EDGE_CURVE('',#1012,#1152,#498,.T.);
#1437=EDGE_CURVE('',#1152,#1153,#941,.T.);
#1438=EDGE_CURVE('',#1154,#1153,#499,.T.);
#1439=EDGE_CURVE('',#1154,#1011,#942,.T.);
#1440=EDGE_CURVE('',#1016,#1155,#500,.T.);
#1441=EDGE_CURVE('',#1155,#1152,#501,.T.);
#1442=EDGE_CURVE('',#1026,#1156,#502,.T.);
#1443=EDGE_CURVE('',#1156,#1157,#503,.T.);
#1444=EDGE_CURVE('',#1027,#1157,#504,.T.);
#1445=EDGE_CURVE('',#1006,#1158,#505,.T.);
#1446=EDGE_CURVE('',#1158,#1159,#943,.T.);
#1447=EDGE_CURVE('',#1160,#1159,#506,.T.);
#1448=EDGE_CURVE('',#1160,#1005,#944,.T.);
#1449=EDGE_CURVE('',#1010,#1161,#507,.T.);
#1450=EDGE_CURVE('',#1161,#1158,#508,.T.);
#1451=EDGE_CURVE('',#1020,#1162,#509,.T.);
#1452=EDGE_CURVE('',#1162,#1163,#510,.T.);
#1453=EDGE_CURVE('',#1021,#1163,#511,.T.);
#1454=EDGE_CURVE('',#1000,#1164,#512,.T.);
#1455=EDGE_CURVE('',#1164,#1165,#945,.T.);
#1456=EDGE_CURVE('',#1166,#1165,#513,.T.);
#1457=EDGE_CURVE('',#1166,#999,#946,.T.);
#1458=EDGE_CURVE('',#1004,#1167,#514,.T.);
#1459=EDGE_CURVE('',#1167,#1164,#515,.T.);
#1460=EDGE_CURVE('',#1101,#1168,#516,.T.);
#1461=EDGE_CURVE('',#1168,#1169,#517,.T.);
#1462=EDGE_CURVE('',#1169,#1103,#518,.T.);
#1463=EDGE_CURVE('',#1107,#1170,#519,.T.);
#1464=EDGE_CURVE('',#1171,#1170,#19,.T.);
#1465=EDGE_CURVE('',#1001,#1171,#947,.T.);
#1466=EDGE_CURVE('',#1172,#1166,#20,.T.);
#1467=EDGE_CURVE('',#1007,#1172,#948,.T.);
#1468=EDGE_CURVE('',#1173,#1160,#21,.T.);
#1469=EDGE_CURVE('',#1013,#1173,#949,.T.);
#1470=EDGE_CURVE('',#1174,#1154,#22,.T.);
#1471=EDGE_CURVE('',#1031,#1174,#950,.T.);
#1472=EDGE_CURVE('',#1175,#1148,#23,.T.);
#1473=EDGE_CURVE('',#1037,#1175,#951,.T.);
#1474=EDGE_CURVE('',#1176,#1142,#24,.T.);
#1475=EDGE_CURVE('',#1055,#1176,#952,.T.);
#1476=EDGE_CURVE('',#1177,#1136,#25,.T.);
#1477=EDGE_CURVE('',#1061,#1177,#953,.T.);
#1478=EDGE_CURVE('',#1178,#1130,#26,.T.);
#1479=EDGE_CURVE('',#1079,#1178,#954,.T.);
#1480=EDGE_CURVE('',#1179,#1124,#27,.T.);
#1481=EDGE_CURVE('',#1085,#1179,#955,.T.);
#1482=EDGE_CURVE('',#1180,#1118,#28,.T.);
#1483=EDGE_CURVE('',#1097,#1180,#956,.T.);
#1484=EDGE_CURVE('',#1181,#1114,#29,.T.);
#1485=EDGE_CURVE('',#1102,#1181,#957,.T.);
#1486=EDGE_CURVE('',#1182,#1106,#958,.T.);
#1487=EDGE_CURVE('',#1183,#1182,#30,.T.);
#1488=EDGE_CURVE('',#1090,#1183,#959,.T.);
#1489=EDGE_CURVE('',#1184,#1094,#960,.T.);
#1490=EDGE_CURVE('',#1185,#1184,#31,.T.);
#1491=EDGE_CURVE('',#1072,#1185,#961,.T.);
#1492=EDGE_CURVE('',#1186,#1076,#962,.T.);
#1493=EDGE_CURVE('',#1187,#1186,#32,.T.);
#1494=EDGE_CURVE('',#1066,#1187,#963,.T.);
#1495=EDGE_CURVE('',#1188,#1070,#964,.T.);
#1496=EDGE_CURVE('',#1189,#1188,#33,.T.);
#1497=EDGE_CURVE('',#1048,#1189,#965,.T.);
#1498=EDGE_CURVE('',#1190,#1052,#966,.T.);
#1499=EDGE_CURVE('',#1191,#1190,#34,.T.);
#1500=EDGE_CURVE('',#1042,#1191,#967,.T.);
#1501=EDGE_CURVE('',#1192,#1046,#968,.T.);
#1502=EDGE_CURVE('',#1193,#1192,#35,.T.);
#1503=EDGE_CURVE('',#1024,#1193,#969,.T.);
#1504=EDGE_CURVE('',#1194,#1028,#970,.T.);
#1505=EDGE_CURVE('',#1195,#1194,#36,.T.);
#1506=EDGE_CURVE('',#1018,#1195,#971,.T.);
#1507=EDGE_CURVE('',#1196,#1022,#972,.T.);
#1508=EDGE_CURVE('',#1170,#1196,#37,.T.);
#1509=EDGE_CURVE('',#1113,#1197,#520,.T.);
#1510=EDGE_CURVE('',#1181,#1197,#521,.T.);
#1511=EDGE_CURVE('',#1197,#1168,#973,.T.);
#1512=EDGE_CURVE('',#1169,#1120,#869,.T.);
#1513=EDGE_CURVE('',#1099,#1198,#522,.T.);
#1514=EDGE_CURVE('',#1198,#1115,#870,.T.);
#1515=EDGE_CURVE('',#1089,#1199,#523,.T.);
#1516=EDGE_CURVE('',#1199,#1200,#524,.T.);
#1517=EDGE_CURVE('',#1200,#1091,#525,.T.);
#1518=EDGE_CURVE('',#1182,#1201,#526,.T.);
#1519=EDGE_CURVE('',#1201,#1202,#527,.T.);
#1520=EDGE_CURVE('',#1183,#1202,#528,.T.);
#1521=EDGE_CURVE('',#1121,#1201,#974,.T.);
#1522=EDGE_CURVE('',#1202,#1199,#975,.T.);
#1523=EDGE_CURVE('',#1200,#1126,#871,.T.);
#1524=EDGE_CURVE('',#1071,#1203,#529,.T.);
#1525=EDGE_CURVE('',#1203,#1204,#530,.T.);
#1526=EDGE_CURVE('',#1204,#1073,#531,.T.);
#1527=EDGE_CURVE('',#1184,#1205,#532,.T.);
#1528=EDGE_CURVE('',#1205,#1206,#533,.T.);
#1529=EDGE_CURVE('',#1185,#1206,#534,.T.);
#1530=EDGE_CURVE('',#1127,#1205,#976,.T.);
#1531=EDGE_CURVE('',#1206,#1203,#977,.T.);
#1532=EDGE_CURVE('',#1204,#1132,#872,.T.);
#1533=EDGE_CURVE('',#1065,#1207,#535,.T.);
#1534=EDGE_CURVE('',#1207,#1208,#536,.T.);
#1535=EDGE_CURVE('',#1208,#1067,#537,.T.);
#1536=EDGE_CURVE('',#1186,#1209,#538,.T.);
#1537=EDGE_CURVE('',#1209,#1210,#539,.T.);
#1538=EDGE_CURVE('',#1187,#1210,#540,.T.);
#1539=EDGE_CURVE('',#1133,#1209,#978,.T.);
#1540=EDGE_CURVE('',#1210,#1207,#979,.T.);
#1541=EDGE_CURVE('',#1208,#1138,#873,.T.);
#1542=EDGE_CURVE('',#1047,#1211,#541,.T.);
#1543=EDGE_CURVE('',#1211,#1212,#542,.T.);
#1544=EDGE_CURVE('',#1212,#1049,#543,.T.);
#1545=EDGE_CURVE('',#1188,#1213,#544,.T.);
#1546=EDGE_CURVE('',#1213,#1214,#545,.T.);
#1547=EDGE_CURVE('',#1189,#1214,#546,.T.);
#1548=EDGE_CURVE('',#1139,#1213,#980,.T.);
#1549=EDGE_CURVE('',#1214,#1211,#981,.T.);
#1550=EDGE_CURVE('',#1212,#1144,#874,.T.);
#1551=EDGE_CURVE('',#1041,#1215,#547,.T.);
#1552=EDGE_CURVE('',#1215,#1216,#548,.T.);
#1553=EDGE_CURVE('',#1216,#1043,#549,.T.);
#1554=EDGE_CURVE('',#1190,#1217,#550,.T.);
#1555=EDGE_CURVE('',#1217,#1218,#551,.T.);
#1556=EDGE_CURVE('',#1191,#1218,#552,.T.);
#1557=EDGE_CURVE('',#1145,#1217,#982,.T.);
#1558=EDGE_CURVE('',#1218,#1215,#983,.T.);
#1559=EDGE_CURVE('',#1216,#1150,#875,.T.);
#1560=EDGE_CURVE('',#1023,#1219,#553,.T.);
#1561=EDGE_CURVE('',#1219,#1220,#554,.T.);
#1562=EDGE_CURVE('',#1220,#1025,#555,.T.);
#1563=EDGE_CURVE('',#1192,#1221,#556,.T.);
#1564=EDGE_CURVE('',#1221,#1222,#557,.T.);
#1565=EDGE_CURVE('',#1193,#1222,#558,.T.);
#1566=EDGE_CURVE('',#1151,#1221,#984,.T.);
#1567=EDGE_CURVE('',#1222,#1219,#985,.T.);
#1568=EDGE_CURVE('',#1220,#1156,#876,.T.);
#1569=EDGE_CURVE('',#1017,#1223,#559,.T.);
#1570=EDGE_CURVE('',#1223,#1224,#560,.T.);
#1571=EDGE_CURVE('',#1224,#1019,#561,.T.);
#1572=EDGE_CURVE('',#1194,#1225,#562,.T.);
#1573=EDGE_CURVE('',#1225,#1226,#563,.T.);
#1574=EDGE_CURVE('',#1195,#1226,#564,.T.);
#1575=EDGE_CURVE('',#1157,#1225,#986,.T.);
#1576=EDGE_CURVE('',#1226,#1223,#987,.T.);
#1577=EDGE_CURVE('',#1224,#1162,#877,.T.);
#1578=EDGE_CURVE('',#1002,#1227,#565,.T.);
#1579=EDGE_CURVE('',#1227,#1228,#566,.T.);
#1580=EDGE_CURVE('',#1228,#1003,#567,.T.);
#1581=EDGE_CURVE('',#1196,#1229,#568,.T.);
#1582=EDGE_CURVE('',#1229,#1230,#569,.T.);
#1583=EDGE_CURVE('',#1171,#1230,#570,.T.);
#1584=EDGE_CURVE('',#1163,#1229,#988,.T.);
#1585=EDGE_CURVE('',#1230,#1227,#989,.T.);
#1586=EDGE_CURVE('',#1228,#1167,#878,.T.);
#1587=EDGE_CURVE('',#1008,#1231,#571,.T.);
#1588=EDGE_CURVE('',#1231,#1232,#572,.T.);
#1589=EDGE_CURVE('',#1232,#1009,#573,.T.);
#1590=EDGE_CURVE('',#1165,#1233,#574,.T.);
#1591=EDGE_CURVE('',#1172,#1233,#575,.T.);
#1592=EDGE_CURVE('',#1233,#1231,#990,.T.);
#1593=EDGE_CURVE('',#1232,#1161,#879,.T.);
#1594=EDGE_CURVE('',#1014,#1234,#576,.T.);
#1595=EDGE_CURVE('',#1234,#1235,#577,.T.);
#1596=EDGE_CURVE('',#1235,#1015,#578,.T.);
#1597=EDGE_CURVE('',#1159,#1236,#579,.T.);
#1598=EDGE_CURVE('',#1173,#1236,#580,.T.);
#1599=EDGE_CURVE('',#1236,#1234,#991,.T.);
#1600=EDGE_CURVE('',#1235,#1155,#880,.T.);
#1601=EDGE_CURVE('',#1032,#1237,#581,.T.);
#1602=EDGE_CURVE('',#1237,#1238,#582,.T.);
#1603=EDGE_CURVE('',#1238,#1033,#583,.T.);
#1604=EDGE_CURVE('',#1153,#1239,#584,.T.);
#1605=EDGE_CURVE('',#1174,#1239,#585,.T.);
#1606=EDGE_CURVE('',#1239,#1237,#992,.T.);
#1607=EDGE_CURVE('',#1238,#1149,#881,.T.);
#1608=EDGE_CURVE('',#1038,#1240,#586,.T.);
#1609=EDGE_CURVE('',#1240,#1241,#587,.T.);
#1610=EDGE_CURVE('',#1241,#1039,#588,.T.);
#1611=EDGE_CURVE('',#1147,#1242,#589,.T.);
#1612=EDGE_CURVE('',#1175,#1242,#590,.T.);
#1613=EDGE_CURVE('',#1242,#1240,#993,.T.);
#1614=EDGE_CURVE('',#1241,#1143,#882,.T.);
#1615=EDGE_CURVE('',#1056,#1243,#591,.T.);
#1616=EDGE_CURVE('',#1243,#1244,#592,.T.);
#1617=EDGE_CURVE('',#1244,#1057,#593,.T.);
#1618=EDGE_CURVE('',#1141,#1245,#594,.T.);
#1619=EDGE_CURVE('',#1176,#1245,#595,.T.);
#1620=EDGE_CURVE('',#1245,#1243,#994,.T.);
#1621=EDGE_CURVE('',#1244,#1137,#883,.T.);
#1622=EDGE_CURVE('',#1062,#1246,#596,.T.);
#1623=EDGE_CURVE('',#1246,#1247,#597,.T.);
#1624=EDGE_CURVE('',#1247,#1063,#598,.T.);
#1625=EDGE_CURVE('',#1135,#1248,#599,.T.);
#1626=EDGE_CURVE('',#1177,#1248,#600,.T.);
#1627=EDGE_CURVE('',#1248,#1246,#995,.T.);
#1628=EDGE_CURVE('',#1247,#1131,#884,.T.);
#1629=EDGE_CURVE('',#1080,#1249,#601,.T.);
#1630=EDGE_CURVE('',#1249,#1250,#602,.T.);
#1631=EDGE_CURVE('',#1250,#1081,#603,.T.);
#1632=EDGE_CURVE('',#1129,#1251,#604,.T.);
#1633=EDGE_CURVE('',#1178,#1251,#605,.T.);
#1634=EDGE_CURVE('',#1251,#1249,#996,.T.);
#1635=EDGE_CURVE('',#1250,#1125,#885,.T.);
#1636=EDGE_CURVE('',#1086,#1252,#606,.T.);
#1637=EDGE_CURVE('',#1252,#1253,#607,.T.);
#1638=EDGE_CURVE('',#1253,#1087,#608,.T.);
#1639=EDGE_CURVE('',#1123,#1254,#609,.T.);
#1640=EDGE_CURVE('',#1179,#1254,#610,.T.);
#1641=EDGE_CURVE('',#1254,#1252,#997,.T.);
#1642=EDGE_CURVE('',#1253,#1119,#886,.T.);
#1643=EDGE_CURVE('',#1117,#1255,#611,.T.);
#1644=EDGE_CURVE('',#1180,#1255,#612,.T.);
#1645=EDGE_CURVE('',#1098,#1256,#613,.T.);
#1646=EDGE_CURVE('',#1256,#1198,#614,.T.);
#1647=EDGE_CURVE('',#1255,#1256,#998,.T.);
#1648=EDGE_CURVE('',#1110,#1257,#615,.T.);
#1649=EDGE_CURVE('',#1257,#1258,#616,.T.);
#1650=EDGE_CURVE('',#1111,#1258,#617,.T.);
#1651=EDGE_CURVE('',#1258,#1259,#887,.T.);
#1652=EDGE_CURVE('',#1108,#1259,#618,.T.);
#1653=EDGE_CURVE('',#1259,#1260,#619,.T.);
#1654=EDGE_CURVE('',#1109,#1260,#620,.T.);
#1655=EDGE_CURVE('',#1260,#1257,#888,.T.);
#1656=EDGE_CURVE('',#1261,#1261,#889,.T.);
#1657=EDGE_CURVE('',#1261,#1262,#621,.T.);
#1658=EDGE_CURVE('',#1262,#1262,#890,.T.);
#1659=ORIENTED_EDGE('',*,*,#1263,.F.);
#1660=ORIENTED_EDGE('',*,*,#1264,.T.);
#1661=ORIENTED_EDGE('',*,*,#1265,.F.);
#1662=ORIENTED_EDGE('',*,*,#1266,.F.);
#1663=ORIENTED_EDGE('',*,*,#1267,.F.);
#1664=ORIENTED_EDGE('',*,*,#1268,.F.);
#1665=ORIENTED_EDGE('',*,*,#1269,.F.);
#1666=ORIENTED_EDGE('',*,*,#1270,.T.);
#1667=ORIENTED_EDGE('',*,*,#1271,.F.);
#1668=ORIENTED_EDGE('',*,*,#1272,.F.);
#1669=ORIENTED_EDGE('',*,*,#1273,.F.);
#1670=ORIENTED_EDGE('',*,*,#1274,.F.);
#1671=ORIENTED_EDGE('',*,*,#1275,.F.);
#1672=ORIENTED_EDGE('',*,*,#1276,.T.);
#1673=ORIENTED_EDGE('',*,*,#1277,.F.);
#1674=ORIENTED_EDGE('',*,*,#1278,.F.);
#1675=ORIENTED_EDGE('',*,*,#1279,.F.);
#1676=ORIENTED_EDGE('',*,*,#1280,.F.);
#1677=ORIENTED_EDGE('',*,*,#1281,.F.);
#1678=ORIENTED_EDGE('',*,*,#1282,.F.);
#1679=ORIENTED_EDGE('',*,*,#1283,.F.);
#1680=ORIENTED_EDGE('',*,*,#1284,.F.);
#1681=ORIENTED_EDGE('',*,*,#1285,.F.);
#1682=ORIENTED_EDGE('',*,*,#1286,.T.);
#1683=ORIENTED_EDGE('',*,*,#1287,.F.);
#1684=ORIENTED_EDGE('',*,*,#1288,.F.);
#1685=ORIENTED_EDGE('',*,*,#1289,.F.);
#1686=ORIENTED_EDGE('',*,*,#1290,.F.);
#1687=ORIENTED_EDGE('',*,*,#1291,.F.);
#1688=ORIENTED_EDGE('',*,*,#1292,.T.);
#1689=ORIENTED_EDGE('',*,*,#1293,.F.);
#1690=ORIENTED_EDGE('',*,*,#1294,.T.);
#1691=ORIENTED_EDGE('',*,*,#1295,.F.);
#1692=ORIENTED_EDGE('',*,*,#1296,.F.);
#1693=ORIENTED_EDGE('',*,*,#1297,.F.);
#1694=ORIENTED_EDGE('',*,*,#1298,.F.);
#1695=ORIENTED_EDGE('',*,*,#1299,.F.);
#1696=ORIENTED_EDGE('',*,*,#1300,.T.);
#1697=ORIENTED_EDGE('',*,*,#1301,.F.);
#1698=ORIENTED_EDGE('',*,*,#1302,.F.);
#1699=ORIENTED_EDGE('',*,*,#1303,.F.);
#1700=ORIENTED_EDGE('',*,*,#1304,.F.);
#1701=ORIENTED_EDGE('',*,*,#1305,.F.);
#1702=ORIENTED_EDGE('',*,*,#1306,.F.);
#1703=ORIENTED_EDGE('',*,*,#1307,.F.);
#1704=ORIENTED_EDGE('',*,*,#1308,.F.);
#1705=ORIENTED_EDGE('',*,*,#1309,.F.);
#1706=ORIENTED_EDGE('',*,*,#1310,.T.);
#1707=ORIENTED_EDGE('',*,*,#1311,.F.);
#1708=ORIENTED_EDGE('',*,*,#1312,.F.);
#1709=ORIENTED_EDGE('',*,*,#1313,.F.);
#1710=ORIENTED_EDGE('',*,*,#1314,.F.);
#1711=ORIENTED_EDGE('',*,*,#1315,.F.);
#1712=ORIENTED_EDGE('',*,*,#1316,.T.);
#1713=ORIENTED_EDGE('',*,*,#1317,.F.);
#1714=ORIENTED_EDGE('',*,*,#1318,.T.);
#1715=ORIENTED_EDGE('',*,*,#1319,.F.);
#1716=ORIENTED_EDGE('',*,*,#1320,.F.);
#1717=ORIENTED_EDGE('',*,*,#1321,.F.);
#1718=ORIENTED_EDGE('',*,*,#1322,.F.);
#1719=ORIENTED_EDGE('',*,*,#1323,.F.);
#1720=ORIENTED_EDGE('',*,*,#1324,.T.);
#1721=ORIENTED_EDGE('',*,*,#1325,.F.);
#1722=ORIENTED_EDGE('',*,*,#1326,.F.);
#1723=ORIENTED_EDGE('',*,*,#1327,.F.);
#1724=ORIENTED_EDGE('',*,*,#1328,.F.);
#1725=ORIENTED_EDGE('',*,*,#1329,.F.);
#1726=ORIENTED_EDGE('',*,*,#1330,.F.);
#1727=ORIENTED_EDGE('',*,*,#1331,.F.);
#1728=ORIENTED_EDGE('',*,*,#1332,.F.);
#1729=ORIENTED_EDGE('',*,*,#1333,.F.);
#1730=ORIENTED_EDGE('',*,*,#1334,.T.);
#1731=ORIENTED_EDGE('',*,*,#1335,.F.);
#1732=ORIENTED_EDGE('',*,*,#1336,.F.);
#1733=ORIENTED_EDGE('',*,*,#1337,.F.);
#1734=ORIENTED_EDGE('',*,*,#1338,.F.);
#1735=ORIENTED_EDGE('',*,*,#1339,.F.);
#1736=ORIENTED_EDGE('',*,*,#1340,.T.);
#1737=ORIENTED_EDGE('',*,*,#1341,.F.);
#1738=ORIENTED_EDGE('',*,*,#1342,.T.);
#1739=ORIENTED_EDGE('',*,*,#1343,.F.);
#1740=ORIENTED_EDGE('',*,*,#1344,.F.);
#1741=ORIENTED_EDGE('',*,*,#1345,.F.);
#1742=ORIENTED_EDGE('',*,*,#1346,.F.);
#1743=ORIENTED_EDGE('',*,*,#1347,.F.);
#1744=ORIENTED_EDGE('',*,*,#1348,.T.);
#1745=ORIENTED_EDGE('',*,*,#1349,.F.);
#1746=ORIENTED_EDGE('',*,*,#1350,.F.);
#1747=ORIENTED_EDGE('',*,*,#1351,.F.);
#1748=ORIENTED_EDGE('',*,*,#1352,.F.);
#1749=ORIENTED_EDGE('',*,*,#1353,.F.);
#1750=ORIENTED_EDGE('',*,*,#1354,.F.);
#1751=ORIENTED_EDGE('',*,*,#1355,.F.);
#1752=ORIENTED_EDGE('',*,*,#1356,.F.);
#1753=ORIENTED_EDGE('',*,*,#1357,.F.);
#1754=ORIENTED_EDGE('',*,*,#1358,.T.);
#1755=ORIENTED_EDGE('',*,*,#1359,.F.);
#1756=ORIENTED_EDGE('',*,*,#1360,.T.);
#1757=ORIENTED_EDGE('',*,*,#1361,.F.);
#1758=ORIENTED_EDGE('',*,*,#1362,.F.);
#1759=ORIENTED_EDGE('',*,*,#1363,.F.);
#1760=ORIENTED_EDGE('',*,*,#1364,.F.);
#1761=ORIENTED_EDGE('',*,*,#1365,.F.);
#1762=ORIENTED_EDGE('',*,*,#1366,.F.);
#1763=ORIENTED_EDGE('',*,*,#1367,.F.);
#1764=ORIENTED_EDGE('',*,*,#1368,.F.);
#1765=ORIENTED_EDGE('',*,*,#1369,.F.);
#1766=ORIENTED_EDGE('',*,*,#1370,.T.);
#1767=ORIENTED_EDGE('',*,*,#1371,.F.);
#1768=ORIENTED_EDGE('',*,*,#1372,.T.);
#1769=ORIENTED_EDGE('',*,*,#1373,.T.);
#1770=ORIENTED_EDGE('',*,*,#1374,.T.);
#1771=ORIENTED_EDGE('',*,*,#1375,.T.);
#1772=ORIENTED_EDGE('',*,*,#1359,.T.);
#1773=ORIENTED_EDGE('',*,*,#1376,.T.);
#1774=ORIENTED_EDGE('',*,*,#1377,.T.);
#1775=ORIENTED_EDGE('',*,*,#1378,.F.);
#1776=ORIENTED_EDGE('',*,*,#1379,.T.);
#1777=ORIENTED_EDGE('',*,*,#1364,.T.);
#1778=ORIENTED_EDGE('',*,*,#1380,.T.);
#1779=ORIENTED_EDGE('',*,*,#1381,.T.);
#1780=ORIENTED_EDGE('',*,*,#1376,.F.);
#1781=ORIENTED_EDGE('',*,*,#1347,.T.);
#1782=ORIENTED_EDGE('',*,*,#1382,.T.);
#1783=ORIENTED_EDGE('',*,*,#1383,.T.);
#1784=ORIENTED_EDGE('',*,*,#1384,.F.);
#1785=ORIENTED_EDGE('',*,*,#1385,.T.);
#1786=ORIENTED_EDGE('',*,*,#1352,.T.);
#1787=ORIENTED_EDGE('',*,*,#1386,.T.);
#1788=ORIENTED_EDGE('',*,*,#1387,.T.);
#1789=ORIENTED_EDGE('',*,*,#1382,.F.);
#1790=ORIENTED_EDGE('',*,*,#1368,.T.);
#1791=ORIENTED_EDGE('',*,*,#1388,.T.);
#1792=ORIENTED_EDGE('',*,*,#1389,.T.);
#1793=ORIENTED_EDGE('',*,*,#1390,.F.);
#1794=ORIENTED_EDGE('',*,*,#1341,.T.);
#1795=ORIENTED_EDGE('',*,*,#1391,.T.);
#1796=ORIENTED_EDGE('',*,*,#1392,.T.);
#1797=ORIENTED_EDGE('',*,*,#1393,.F.);
#1798=ORIENTED_EDGE('',*,*,#1394,.T.);
#1799=ORIENTED_EDGE('',*,*,#1346,.T.);
#1800=ORIENTED_EDGE('',*,*,#1395,.T.);
#1801=ORIENTED_EDGE('',*,*,#1396,.T.);
#1802=ORIENTED_EDGE('',*,*,#1391,.F.);
#1803=ORIENTED_EDGE('',*,*,#1356,.T.);
#1804=ORIENTED_EDGE('',*,*,#1397,.T.);
#1805=ORIENTED_EDGE('',*,*,#1398,.T.);
#1806=ORIENTED_EDGE('',*,*,#1399,.F.);
#1807=ORIENTED_EDGE('',*,*,#1323,.T.);
#1808=ORIENTED_EDGE('',*,*,#1400,.T.);
#1809=ORIENTED_EDGE('',*,*,#1401,.T.);
#1810=ORIENTED_EDGE('',*,*,#1402,.F.);
#1811=ORIENTED_EDGE('',*,*,#1403,.T.);
#1812=ORIENTED_EDGE('',*,*,#1328,.T.);
#1813=ORIENTED_EDGE('',*,*,#1404,.T.);
#1814=ORIENTED_EDGE('',*,*,#1405,.T.);
#1815=ORIENTED_EDGE('',*,*,#1400,.F.);
#1816=ORIENTED_EDGE('',*,*,#1338,.T.);
#1817=ORIENTED_EDGE('',*,*,#1406,.T.);
#1818=ORIENTED_EDGE('',*,*,#1407,.T.);
#1819=ORIENTED_EDGE('',*,*,#1408,.F.);
#1820=ORIENTED_EDGE('',*,*,#1317,.T.);
#1821=ORIENTED_EDGE('',*,*,#1409,.T.);
#1822=ORIENTED_EDGE('',*,*,#1410,.T.);
#1823=ORIENTED_EDGE('',*,*,#1411,.F.);
#1824=ORIENTED_EDGE('',*,*,#1412,.T.);
#1825=ORIENTED_EDGE('',*,*,#1322,.T.);
#1826=ORIENTED_EDGE('',*,*,#1413,.T.);
#1827=ORIENTED_EDGE('',*,*,#1414,.T.);
#1828=ORIENTED_EDGE('',*,*,#1409,.F.);
#1829=ORIENTED_EDGE('',*,*,#1332,.T.);
#1830=ORIENTED_EDGE('',*,*,#1415,.T.);
#1831=ORIENTED_EDGE('',*,*,#1416,.T.);
#1832=ORIENTED_EDGE('',*,*,#1417,.F.);
#1833=ORIENTED_EDGE('',*,*,#1299,.T.);
#1834=ORIENTED_EDGE('',*,*,#1418,.T.);
#1835=ORIENTED_EDGE('',*,*,#1419,.T.);
#1836=ORIENTED_EDGE('',*,*,#1420,.F.);
#1837=ORIENTED_EDGE('',*,*,#1421,.T.);
#1838=ORIENTED_EDGE('',*,*,#1304,.T.);
#1839=ORIENTED_EDGE('',*,*,#1422,.T.);
#1840=ORIENTED_EDGE('',*,*,#1423,.T.);
#1841=ORIENTED_EDGE('',*,*,#1418,.F.);
#1842=ORIENTED_EDGE('',*,*,#1314,.T.);
#1843=ORIENTED_EDGE('',*,*,#1424,.T.);
#1844=ORIENTED_EDGE('',*,*,#1425,.T.);
#1845=ORIENTED_EDGE('',*,*,#1426,.F.);
#1846=ORIENTED_EDGE('',*,*,#1293,.T.);
#1847=ORIENTED_EDGE('',*,*,#1427,.T.);
#1848=ORIENTED_EDGE('',*,*,#1428,.T.);
#1849=ORIENTED_EDGE('',*,*,#1429,.F.);
#1850=ORIENTED_EDGE('',*,*,#1430,.T.);
#1851=ORIENTED_EDGE('',*,*,#1298,.T.);
#1852=ORIENTED_EDGE('',*,*,#1431,.T.);
#1853=ORIENTED_EDGE('',*,*,#1432,.T.);
#1854=ORIENTED_EDGE('',*,*,#1427,.F.);
#1855=ORIENTED_EDGE('',*,*,#1308,.T.);
#1856=ORIENTED_EDGE('',*,*,#1433,.T.);
#1857=ORIENTED_EDGE('',*,*,#1434,.T.);
#1858=ORIENTED_EDGE('',*,*,#1435,.F.);
#1859=ORIENTED_EDGE('',*,*,#1275,.T.);
#1860=ORIENTED_EDGE('',*,*,#1436,.T.);
#1861=ORIENTED_EDGE('',*,*,#1437,.T.);
#1862=ORIENTED_EDGE('',*,*,#1438,.F.);
#1863=ORIENTED_EDGE('',*,*,#1439,.T.);
#1864=ORIENTED_EDGE('',*,*,#1280,.T.);
#1865=ORIENTED_EDGE('',*,*,#1440,.T.);
#1866=ORIENTED_EDGE('',*,*,#1441,.T.);
#1867=ORIENTED_EDGE('',*,*,#1436,.F.);
#1868=ORIENTED_EDGE('',*,*,#1290,.T.);
#1869=ORIENTED_EDGE('',*,*,#1442,.T.);
#1870=ORIENTED_EDGE('',*,*,#1443,.T.);
#1871=ORIENTED_EDGE('',*,*,#1444,.F.);
#1872=ORIENTED_EDGE('',*,*,#1269,.T.);
#1873=ORIENTED_EDGE('',*,*,#1445,.T.);
#1874=ORIENTED_EDGE('',*,*,#1446,.T.);
#1875=ORIENTED_EDGE('',*,*,#1447,.F.);
#1876=ORIENTED_EDGE('',*,*,#1448,.T.);
#1877=ORIENTED_EDGE('',*,*,#1274,.T.);
#1878=ORIENTED_EDGE('',*,*,#1449,.T.);
#1879=ORIENTED_EDGE('',*,*,#1450,.T.);
#1880=ORIENTED_EDGE('',*,*,#1445,.F.);
#1881=ORIENTED_EDGE('',*,*,#1284,.T.);
#1882=ORIENTED_EDGE('',*,*,#1451,.T.);
#1883=ORIENTED_EDGE('',*,*,#1452,.T.);
#1884=ORIENTED_EDGE('',*,*,#1453,.F.);
#1885=ORIENTED_EDGE('',*,*,#1263,.T.);
#1886=ORIENTED_EDGE('',*,*,#1454,.T.);
#1887=ORIENTED_EDGE('',*,*,#1455,.T.);
#1888=ORIENTED_EDGE('',*,*,#1456,.F.);
#1889=ORIENTED_EDGE('',*,*,#1457,.T.);
#1890=ORIENTED_EDGE('',*,*,#1268,.T.);
#1891=ORIENTED_EDGE('',*,*,#1458,.T.);
#1892=ORIENTED_EDGE('',*,*,#1459,.T.);
#1893=ORIENTED_EDGE('',*,*,#1454,.F.);
#1894=ORIENTED_EDGE('',*,*,#1366,.T.);
#1895=ORIENTED_EDGE('',*,*,#1460,.T.);
#1896=ORIENTED_EDGE('',*,*,#1461,.T.);
#1897=ORIENTED_EDGE('',*,*,#1462,.T.);
#1898=ORIENTED_EDGE('',*,*,#1371,.T.);
#1899=ORIENTED_EDGE('',*,*,#1463,.T.);
#1900=ORIENTED_EDGE('',*,*,#1464,.F.);
#1901=ORIENTED_EDGE('',*,*,#1465,.F.);
#1902=ORIENTED_EDGE('',*,*,#1264,.F.);
#1903=ORIENTED_EDGE('',*,*,#1457,.F.);
#1904=ORIENTED_EDGE('',*,*,#1466,.F.);
#1905=ORIENTED_EDGE('',*,*,#1467,.F.);
#1906=ORIENTED_EDGE('',*,*,#1270,.F.);
#1907=ORIENTED_EDGE('',*,*,#1448,.F.);
#1908=ORIENTED_EDGE('',*,*,#1468,.F.);
#1909=ORIENTED_EDGE('',*,*,#1469,.F.);
#1910=ORIENTED_EDGE('',*,*,#1276,.F.);
#1911=ORIENTED_EDGE('',*,*,#1439,.F.);
#1912=ORIENTED_EDGE('',*,*,#1470,.F.);
#1913=ORIENTED_EDGE('',*,*,#1471,.F.);
#1914=ORIENTED_EDGE('',*,*,#1294,.F.);
#1915=ORIENTED_EDGE('',*,*,#1430,.F.);
#1916=ORIENTED_EDGE('',*,*,#1472,.F.);
#1917=ORIENTED_EDGE('',*,*,#1473,.F.);
#1918=ORIENTED_EDGE('',*,*,#1300,.F.);
#1919=ORIENTED_EDGE('',*,*,#1421,.F.);
#1920=ORIENTED_EDGE('',*,*,#1474,.F.);
#1921=ORIENTED_EDGE('',*,*,#1475,.F.);
#1922=ORIENTED_EDGE('',*,*,#1318,.F.);
#1923=ORIENTED_EDGE('',*,*,#1412,.F.);
#1924=ORIENTED_EDGE('',*,*,#1476,.F.);
#1925=ORIENTED_EDGE('',*,*,#1477,.F.);
#1926=ORIENTED_EDGE('',*,*,#1324,.F.);
#1927=ORIENTED_EDGE('',*,*,#1403,.F.);
#1928=ORIENTED_EDGE('',*,*,#1478,.F.);
#1929=ORIENTED_EDGE('',*,*,#1479,.F.);
#1930=ORIENTED_EDGE('',*,*,#1342,.F.);
#1931=ORIENTED_EDGE('',*,*,#1394,.F.);
#1932=ORIENTED_EDGE('',*,*,#1480,.F.);
#1933=ORIENTED_EDGE('',*,*,#1481,.F.);
#1934=ORIENTED_EDGE('',*,*,#1348,.F.);
#1935=ORIENTED_EDGE('',*,*,#1385,.F.);
#1936=ORIENTED_EDGE('',*,*,#1482,.F.);
#1937=ORIENTED_EDGE('',*,*,#1483,.F.);
#1938=ORIENTED_EDGE('',*,*,#1360,.F.);
#1939=ORIENTED_EDGE('',*,*,#1379,.F.);
#1940=ORIENTED_EDGE('',*,*,#1484,.F.);
#1941=ORIENTED_EDGE('',*,*,#1485,.F.);
#1942=ORIENTED_EDGE('',*,*,#1370,.F.);
#1943=ORIENTED_EDGE('',*,*,#1486,.F.);
#1944=ORIENTED_EDGE('',*,*,#1487,.F.);
#1945=ORIENTED_EDGE('',*,*,#1488,.F.);
#1946=ORIENTED_EDGE('',*,*,#1358,.F.);
#1947=ORIENTED_EDGE('',*,*,#1489,.F.);
#1948=ORIENTED_EDGE('',*,*,#1490,.F.);
#1949=ORIENTED_EDGE('',*,*,#1491,.F.);
#1950=ORIENTED_EDGE('',*,*,#1340,.F.);
#1951=ORIENTED_EDGE('',*,*,#1492,.F.);
#1952=ORIENTED_EDGE('',*,*,#1493,.F.);
#1953=ORIENTED_EDGE('',*,*,#1494,.F.);
#1954=ORIENTED_EDGE('',*,*,#1334,.F.);
#1955=ORIENTED_EDGE('',*,*,#1495,.F.);
#1956=ORIENTED_EDGE('',*,*,#1496,.F.);
#1957=ORIENTED_EDGE('',*,*,#1497,.F.);
#1958=ORIENTED_EDGE('',*,*,#1316,.F.);
#1959=ORIENTED_EDGE('',*,*,#1498,.F.);
#1960=ORIENTED_EDGE('',*,*,#1499,.F.);
#1961=ORIENTED_EDGE('',*,*,#1500,.F.);
#1962=ORIENTED_EDGE('',*,*,#1310,.F.);
#1963=ORIENTED_EDGE('',*,*,#1501,.F.);
#1964=ORIENTED_EDGE('',*,*,#1502,.F.);
#1965=ORIENTED_EDGE('',*,*,#1503,.F.);
#1966=ORIENTED_EDGE('',*,*,#1292,.F.);
#1967=ORIENTED_EDGE('',*,*,#1504,.F.);
#1968=ORIENTED_EDGE('',*,*,#1505,.F.);
#1969=ORIENTED_EDGE('',*,*,#1506,.F.);
#1970=ORIENTED_EDGE('',*,*,#1286,.F.);
#1971=ORIENTED_EDGE('',*,*,#1507,.F.);
#1972=ORIENTED_EDGE('',*,*,#1508,.F.);
#1973=ORIENTED_EDGE('',*,*,#1463,.F.);
#1974=ORIENTED_EDGE('',*,*,#1484,.T.);
#1975=ORIENTED_EDGE('',*,*,#1378,.T.);
#1976=ORIENTED_EDGE('',*,*,#1509,.T.);
#1977=ORIENTED_EDGE('',*,*,#1510,.F.);
#1978=ORIENTED_EDGE('',*,*,#1365,.T.);
#1979=ORIENTED_EDGE('',*,*,#1485,.T.);
#1980=ORIENTED_EDGE('',*,*,#1510,.T.);
#1981=ORIENTED_EDGE('',*,*,#1511,.T.);
#1982=ORIENTED_EDGE('',*,*,#1460,.F.);
#1983=ORIENTED_EDGE('',*,*,#1462,.F.);
#1984=ORIENTED_EDGE('',*,*,#1512,.T.);
#1985=ORIENTED_EDGE('',*,*,#1388,.F.);
#1986=ORIENTED_EDGE('',*,*,#1367,.T.);
#1987=ORIENTED_EDGE('',*,*,#1380,.F.);
#1988=ORIENTED_EDGE('',*,*,#1363,.T.);
#1989=ORIENTED_EDGE('',*,*,#1513,.T.);
#1990=ORIENTED_EDGE('',*,*,#1514,.T.);
#1991=ORIENTED_EDGE('',*,*,#1354,.T.);
#1992=ORIENTED_EDGE('',*,*,#1515,.T.);
#1993=ORIENTED_EDGE('',*,*,#1516,.T.);
#1994=ORIENTED_EDGE('',*,*,#1517,.T.);
#1995=ORIENTED_EDGE('',*,*,#1487,.T.);
#1996=ORIENTED_EDGE('',*,*,#1518,.T.);
#1997=ORIENTED_EDGE('',*,*,#1519,.T.);
#1998=ORIENTED_EDGE('',*,*,#1520,.F.);
#1999=ORIENTED_EDGE('',*,*,#1369,.T.);
#2000=ORIENTED_EDGE('',*,*,#1390,.T.);
#2001=ORIENTED_EDGE('',*,*,#1521,.T.);
#2002=ORIENTED_EDGE('',*,*,#1518,.F.);
#2003=ORIENTED_EDGE('',*,*,#1486,.T.);
#2004=ORIENTED_EDGE('',*,*,#1353,.T.);
#2005=ORIENTED_EDGE('',*,*,#1488,.T.);
#2006=ORIENTED_EDGE('',*,*,#1520,.T.);
#2007=ORIENTED_EDGE('',*,*,#1522,.T.);
#2008=ORIENTED_EDGE('',*,*,#1515,.F.);
#2009=ORIENTED_EDGE('',*,*,#1517,.F.);
#2010=ORIENTED_EDGE('',*,*,#1523,.T.);
#2011=ORIENTED_EDGE('',*,*,#1397,.F.);
#2012=ORIENTED_EDGE('',*,*,#1355,.T.);
#2013=ORIENTED_EDGE('',*,*,#1336,.T.);
#2014=ORIENTED_EDGE('',*,*,#1524,.T.);
#2015=ORIENTED_EDGE('',*,*,#1525,.T.);
#2016=ORIENTED_EDGE('',*,*,#1526,.T.);
#2017=ORIENTED_EDGE('',*,*,#1490,.T.);
#2018=ORIENTED_EDGE('',*,*,#1527,.T.);
#2019=ORIENTED_EDGE('',*,*,#1528,.T.);
#2020=ORIENTED_EDGE('',*,*,#1529,.F.);
#2021=ORIENTED_EDGE('',*,*,#1357,.T.);
#2022=ORIENTED_EDGE('',*,*,#1399,.T.);
#2023=ORIENTED_EDGE('',*,*,#1530,.T.);
#2024=ORIENTED_EDGE('',*,*,#1527,.F.);
#2025=ORIENTED_EDGE('',*,*,#1489,.T.);
#2026=ORIENTED_EDGE('',*,*,#1335,.T.);
#2027=ORIENTED_EDGE('',*,*,#1491,.T.);
#2028=ORIENTED_EDGE('',*,*,#1529,.T.);
#2029=ORIENTED_EDGE('',*,*,#1531,.T.);
#2030=ORIENTED_EDGE('',*,*,#1524,.F.);
#2031=ORIENTED_EDGE('',*,*,#1526,.F.);
#2032=ORIENTED_EDGE('',*,*,#1532,.T.);
#2033=ORIENTED_EDGE('',*,*,#1406,.F.);
#2034=ORIENTED_EDGE('',*,*,#1337,.T.);
#2035=ORIENTED_EDGE('',*,*,#1330,.T.);
#2036=ORIENTED_EDGE('',*,*,#1533,.T.);
#2037=ORIENTED_EDGE('',*,*,#1534,.T.);
#2038=ORIENTED_EDGE('',*,*,#1535,.T.);
#2039=ORIENTED_EDGE('',*,*,#1493,.T.);
#2040=ORIENTED_EDGE('',*,*,#1536,.T.);
#2041=ORIENTED_EDGE('',*,*,#1537,.T.);
#2042=ORIENTED_EDGE('',*,*,#1538,.F.);
#2043=ORIENTED_EDGE('',*,*,#1339,.T.);
#2044=ORIENTED_EDGE('',*,*,#1408,.T.);
#2045=ORIENTED_EDGE('',*,*,#1539,.T.);
#2046=ORIENTED_EDGE('',*,*,#1536,.F.);
#2047=ORIENTED_EDGE('',*,*,#1492,.T.);
#2048=ORIENTED_EDGE('',*,*,#1329,.T.);
#2049=ORIENTED_EDGE('',*,*,#1494,.T.);
#2050=ORIENTED_EDGE('',*,*,#1538,.T.);
#2051=ORIENTED_EDGE('',*,*,#1540,.T.);
#2052=ORIENTED_EDGE('',*,*,#1533,.F.);
#2053=ORIENTED_EDGE('',*,*,#1535,.F.);
#2054=ORIENTED_EDGE('',*,*,#1541,.T.);
#2055=ORIENTED_EDGE('',*,*,#1415,.F.);
#2056=ORIENTED_EDGE('',*,*,#1331,.T.);
#2057=ORIENTED_EDGE('',*,*,#1312,.T.);
#2058=ORIENTED_EDGE('',*,*,#1542,.T.);
#2059=ORIENTED_EDGE('',*,*,#1543,.T.);
#2060=ORIENTED_EDGE('',*,*,#1544,.T.);
#2061=ORIENTED_EDGE('',*,*,#1496,.T.);
#2062=ORIENTED_EDGE('',*,*,#1545,.T.);
#2063=ORIENTED_EDGE('',*,*,#1546,.T.);
#2064=ORIENTED_EDGE('',*,*,#1547,.F.);
#2065=ORIENTED_EDGE('',*,*,#1333,.T.);
#2066=ORIENTED_EDGE('',*,*,#1417,.T.);
#2067=ORIENTED_EDGE('',*,*,#1548,.T.);
#2068=ORIENTED_EDGE('',*,*,#1545,.F.);
#2069=ORIENTED_EDGE('',*,*,#1495,.T.);
#2070=ORIENTED_EDGE('',*,*,#1311,.T.);
#2071=ORIENTED_EDGE('',*,*,#1497,.T.);
#2072=ORIENTED_EDGE('',*,*,#1547,.T.);
#2073=ORIENTED_EDGE('',*,*,#1549,.T.);
#2074=ORIENTED_EDGE('',*,*,#1542,.F.);
#2075=ORIENTED_EDGE('',*,*,#1544,.F.);
#2076=ORIENTED_EDGE('',*,*,#1550,.T.);
#2077=ORIENTED_EDGE('',*,*,#1424,.F.);
#2078=ORIENTED_EDGE('',*,*,#1313,.T.);
#2079=ORIENTED_EDGE('',*,*,#1306,.T.);
#2080=ORIENTED_EDGE('',*,*,#1551,.T.);
#2081=ORIENTED_EDGE('',*,*,#1552,.T.);
#2082=ORIENTED_EDGE('',*,*,#1553,.T.);
#2083=ORIENTED_EDGE('',*,*,#1499,.T.);
#2084=ORIENTED_EDGE('',*,*,#1554,.T.);
#2085=ORIENTED_EDGE('',*,*,#1555,.T.);
#2086=ORIENTED_EDGE('',*,*,#1556,.F.);
#2087=ORIENTED_EDGE('',*,*,#1315,.T.);
#2088=ORIENTED_EDGE('',*,*,#1426,.T.);
#2089=ORIENTED_EDGE('',*,*,#1557,.T.);
#2090=ORIENTED_EDGE('',*,*,#1554,.F.);
#2091=ORIENTED_EDGE('',*,*,#1498,.T.);
#2092=ORIENTED_EDGE('',*,*,#1305,.T.);
#2093=ORIENTED_EDGE('',*,*,#1500,.T.);
#2094=ORIENTED_EDGE('',*,*,#1556,.T.);
#2095=ORIENTED_EDGE('',*,*,#1558,.T.);
#2096=ORIENTED_EDGE('',*,*,#1551,.F.);
#2097=ORIENTED_EDGE('',*,*,#1553,.F.);
#2098=ORIENTED_EDGE('',*,*,#1559,.T.);
#2099=ORIENTED_EDGE('',*,*,#1433,.F.);
#2100=ORIENTED_EDGE('',*,*,#1307,.T.);
#2101=ORIENTED_EDGE('',*,*,#1288,.T.);
#2102=ORIENTED_EDGE('',*,*,#1560,.T.);
#2103=ORIENTED_EDGE('',*,*,#1561,.T.);
#2104=ORIENTED_EDGE('',*,*,#1562,.T.);
#2105=ORIENTED_EDGE('',*,*,#1502,.T.);
#2106=ORIENTED_EDGE('',*,*,#1563,.T.);
#2107=ORIENTED_EDGE('',*,*,#1564,.T.);
#2108=ORIENTED_EDGE('',*,*,#1565,.F.);
#2109=ORIENTED_EDGE('',*,*,#1309,.T.);
#2110=ORIENTED_EDGE('',*,*,#1435,.T.);
#2111=ORIENTED_EDGE('',*,*,#1566,.T.);
#2112=ORIENTED_EDGE('',*,*,#1563,.F.);
#2113=ORIENTED_EDGE('',*,*,#1501,.T.);
#2114=ORIENTED_EDGE('',*,*,#1287,.T.);
#2115=ORIENTED_EDGE('',*,*,#1503,.T.);
#2116=ORIENTED_EDGE('',*,*,#1565,.T.);
#2117=ORIENTED_EDGE('',*,*,#1567,.T.);
#2118=ORIENTED_EDGE('',*,*,#1560,.F.);
#2119=ORIENTED_EDGE('',*,*,#1562,.F.);
#2120=ORIENTED_EDGE('',*,*,#1568,.T.);
#2121=ORIENTED_EDGE('',*,*,#1442,.F.);
#2122=ORIENTED_EDGE('',*,*,#1289,.T.);
#2123=ORIENTED_EDGE('',*,*,#1282,.T.);
#2124=ORIENTED_EDGE('',*,*,#1569,.T.);
#2125=ORIENTED_EDGE('',*,*,#1570,.T.);
#2126=ORIENTED_EDGE('',*,*,#1571,.T.);
#2127=ORIENTED_EDGE('',*,*,#1505,.T.);
#2128=ORIENTED_EDGE('',*,*,#1572,.T.);
#2129=ORIENTED_EDGE('',*,*,#1573,.T.);
#2130=ORIENTED_EDGE('',*,*,#1574,.F.);
#2131=ORIENTED_EDGE('',*,*,#1291,.T.);
#2132=ORIENTED_EDGE('',*,*,#1444,.T.);
#2133=ORIENTED_EDGE('',*,*,#1575,.T.);
#2134=ORIENTED_EDGE('',*,*,#1572,.F.);
#2135=ORIENTED_EDGE('',*,*,#1504,.T.);
#2136=ORIENTED_EDGE('',*,*,#1281,.T.);
#2137=ORIENTED_EDGE('',*,*,#1506,.T.);
#2138=ORIENTED_EDGE('',*,*,#1574,.T.);
#2139=ORIENTED_EDGE('',*,*,#1576,.T.);
#2140=ORIENTED_EDGE('',*,*,#1569,.F.);
#2141=ORIENTED_EDGE('',*,*,#1571,.F.);
#2142=ORIENTED_EDGE('',*,*,#1577,.T.);
#2143=ORIENTED_EDGE('',*,*,#1451,.F.);
#2144=ORIENTED_EDGE('',*,*,#1283,.T.);
#2145=ORIENTED_EDGE('',*,*,#1266,.T.);
#2146=ORIENTED_EDGE('',*,*,#1578,.T.);
#2147=ORIENTED_EDGE('',*,*,#1579,.T.);
#2148=ORIENTED_EDGE('',*,*,#1580,.T.);
#2149=ORIENTED_EDGE('',*,*,#1464,.T.);
#2150=ORIENTED_EDGE('',*,*,#1508,.T.);
#2151=ORIENTED_EDGE('',*,*,#1581,.T.);
#2152=ORIENTED_EDGE('',*,*,#1582,.T.);
#2153=ORIENTED_EDGE('',*,*,#1583,.F.);
#2154=ORIENTED_EDGE('',*,*,#1285,.T.);
#2155=ORIENTED_EDGE('',*,*,#1453,.T.);
#2156=ORIENTED_EDGE('',*,*,#1584,.T.);
#2157=ORIENTED_EDGE('',*,*,#1581,.F.);
#2158=ORIENTED_EDGE('',*,*,#1507,.T.);
#2159=ORIENTED_EDGE('',*,*,#1265,.T.);
#2160=ORIENTED_EDGE('',*,*,#1465,.T.);
#2161=ORIENTED_EDGE('',*,*,#1583,.T.);
#2162=ORIENTED_EDGE('',*,*,#1585,.T.);
#2163=ORIENTED_EDGE('',*,*,#1578,.F.);
#2164=ORIENTED_EDGE('',*,*,#1580,.F.);
#2165=ORIENTED_EDGE('',*,*,#1586,.T.);
#2166=ORIENTED_EDGE('',*,*,#1458,.F.);
#2167=ORIENTED_EDGE('',*,*,#1267,.T.);
#2168=ORIENTED_EDGE('',*,*,#1272,.T.);
#2169=ORIENTED_EDGE('',*,*,#1587,.T.);
#2170=ORIENTED_EDGE('',*,*,#1588,.T.);
#2171=ORIENTED_EDGE('',*,*,#1589,.T.);
#2172=ORIENTED_EDGE('',*,*,#1466,.T.);
#2173=ORIENTED_EDGE('',*,*,#1456,.T.);
#2174=ORIENTED_EDGE('',*,*,#1590,.T.);
#2175=ORIENTED_EDGE('',*,*,#1591,.F.);
#2176=ORIENTED_EDGE('',*,*,#1271,.T.);
#2177=ORIENTED_EDGE('',*,*,#1467,.T.);
#2178=ORIENTED_EDGE('',*,*,#1591,.T.);
#2179=ORIENTED_EDGE('',*,*,#1592,.T.);
#2180=ORIENTED_EDGE('',*,*,#1587,.F.);
#2181=ORIENTED_EDGE('',*,*,#1589,.F.);
#2182=ORIENTED_EDGE('',*,*,#1593,.T.);
#2183=ORIENTED_EDGE('',*,*,#1449,.F.);
#2184=ORIENTED_EDGE('',*,*,#1273,.T.);
#2185=ORIENTED_EDGE('',*,*,#1278,.T.);
#2186=ORIENTED_EDGE('',*,*,#1594,.T.);
#2187=ORIENTED_EDGE('',*,*,#1595,.T.);
#2188=ORIENTED_EDGE('',*,*,#1596,.T.);
#2189=ORIENTED_EDGE('',*,*,#1468,.T.);
#2190=ORIENTED_EDGE('',*,*,#1447,.T.);
#2191=ORIENTED_EDGE('',*,*,#1597,.T.);
#2192=ORIENTED_EDGE('',*,*,#1598,.F.);
#2193=ORIENTED_EDGE('',*,*,#1277,.T.);
#2194=ORIENTED_EDGE('',*,*,#1469,.T.);
#2195=ORIENTED_EDGE('',*,*,#1598,.T.);
#2196=ORIENTED_EDGE('',*,*,#1599,.T.);
#2197=ORIENTED_EDGE('',*,*,#1594,.F.);
#2198=ORIENTED_EDGE('',*,*,#1596,.F.);
#2199=ORIENTED_EDGE('',*,*,#1600,.T.);
#2200=ORIENTED_EDGE('',*,*,#1440,.F.);
#2201=ORIENTED_EDGE('',*,*,#1279,.T.);
#2202=ORIENTED_EDGE('',*,*,#1296,.T.);
#2203=ORIENTED_EDGE('',*,*,#1601,.T.);
#2204=ORIENTED_EDGE('',*,*,#1602,.T.);
#2205=ORIENTED_EDGE('',*,*,#1603,.T.);
#2206=ORIENTED_EDGE('',*,*,#1470,.T.);
#2207=ORIENTED_EDGE('',*,*,#1438,.T.);
#2208=ORIENTED_EDGE('',*,*,#1604,.T.);
#2209=ORIENTED_EDGE('',*,*,#1605,.F.);
#2210=ORIENTED_EDGE('',*,*,#1295,.T.);
#2211=ORIENTED_EDGE('',*,*,#1471,.T.);
#2212=ORIENTED_EDGE('',*,*,#1605,.T.);
#2213=ORIENTED_EDGE('',*,*,#1606,.T.);
#2214=ORIENTED_EDGE('',*,*,#1601,.F.);
#2215=ORIENTED_EDGE('',*,*,#1603,.F.);
#2216=ORIENTED_EDGE('',*,*,#1607,.T.);
#2217=ORIENTED_EDGE('',*,*,#1431,.F.);
#2218=ORIENTED_EDGE('',*,*,#1297,.T.);
#2219=ORIENTED_EDGE('',*,*,#1302,.T.);
#2220=ORIENTED_EDGE('',*,*,#1608,.T.);
#2221=ORIENTED_EDGE('',*,*,#1609,.T.);
#2222=ORIENTED_EDGE('',*,*,#1610,.T.);
#2223=ORIENTED_EDGE('',*,*,#1472,.T.);
#2224=ORIENTED_EDGE('',*,*,#1429,.T.);
#2225=ORIENTED_EDGE('',*,*,#1611,.T.);
#2226=ORIENTED_EDGE('',*,*,#1612,.F.);
#2227=ORIENTED_EDGE('',*,*,#1301,.T.);
#2228=ORIENTED_EDGE('',*,*,#1473,.T.);
#2229=ORIENTED_EDGE('',*,*,#1612,.T.);
#2230=ORIENTED_EDGE('',*,*,#1613,.T.);
#2231=ORIENTED_EDGE('',*,*,#1608,.F.);
#2232=ORIENTED_EDGE('',*,*,#1610,.F.);
#2233=ORIENTED_EDGE('',*,*,#1614,.T.);
#2234=ORIENTED_EDGE('',*,*,#1422,.F.);
#2235=ORIENTED_EDGE('',*,*,#1303,.T.);
#2236=ORIENTED_EDGE('',*,*,#1320,.T.);
#2237=ORIENTED_EDGE('',*,*,#1615,.T.);
#2238=ORIENTED_EDGE('',*,*,#1616,.T.);
#2239=ORIENTED_EDGE('',*,*,#1617,.T.);
#2240=ORIENTED_EDGE('',*,*,#1474,.T.);
#2241=ORIENTED_EDGE('',*,*,#1420,.T.);
#2242=ORIENTED_EDGE('',*,*,#1618,.T.);
#2243=ORIENTED_EDGE('',*,*,#1619,.F.);
#2244=ORIENTED_EDGE('',*,*,#1319,.T.);
#2245=ORIENTED_EDGE('',*,*,#1475,.T.);
#2246=ORIENTED_EDGE('',*,*,#1619,.T.);
#2247=ORIENTED_EDGE('',*,*,#1620,.T.);
#2248=ORIENTED_EDGE('',*,*,#1615,.F.);
#2249=ORIENTED_EDGE('',*,*,#1617,.F.);
#2250=ORIENTED_EDGE('',*,*,#1621,.T.);
#2251=ORIENTED_EDGE('',*,*,#1413,.F.);
#2252=ORIENTED_EDGE('',*,*,#1321,.T.);
#2253=ORIENTED_EDGE('',*,*,#1326,.T.);
#2254=ORIENTED_EDGE('',*,*,#1622,.T.);
#2255=ORIENTED_EDGE('',*,*,#1623,.T.);
#2256=ORIENTED_EDGE('',*,*,#1624,.T.);
#2257=ORIENTED_EDGE('',*,*,#1476,.T.);
#2258=ORIENTED_EDGE('',*,*,#1411,.T.);
#2259=ORIENTED_EDGE('',*,*,#1625,.T.);
#2260=ORIENTED_EDGE('',*,*,#1626,.F.);
#2261=ORIENTED_EDGE('',*,*,#1325,.T.);
#2262=ORIENTED_EDGE('',*,*,#1477,.T.);
#2263=ORIENTED_EDGE('',*,*,#1626,.T.);
#2264=ORIENTED_EDGE('',*,*,#1627,.T.);
#2265=ORIENTED_EDGE('',*,*,#1622,.F.);
#2266=ORIENTED_EDGE('',*,*,#1624,.F.);
#2267=ORIENTED_EDGE('',*,*,#1628,.T.);
#2268=ORIENTED_EDGE('',*,*,#1404,.F.);
#2269=ORIENTED_EDGE('',*,*,#1327,.T.);
#2270=ORIENTED_EDGE('',*,*,#1344,.T.);
#2271=ORIENTED_EDGE('',*,*,#1629,.T.);
#2272=ORIENTED_EDGE('',*,*,#1630,.T.);
#2273=ORIENTED_EDGE('',*,*,#1631,.T.);
#2274=ORIENTED_EDGE('',*,*,#1478,.T.);
#2275=ORIENTED_EDGE('',*,*,#1402,.T.);
#2276=ORIENTED_EDGE('',*,*,#1632,.T.);
#2277=ORIENTED_EDGE('',*,*,#1633,.F.);
#2278=ORIENTED_EDGE('',*,*,#1343,.T.);
#2279=ORIENTED_EDGE('',*,*,#1479,.T.);
#2280=ORIENTED_EDGE('',*,*,#1633,.T.);
#2281=ORIENTED_EDGE('',*,*,#1634,.T.);
#2282=ORIENTED_EDGE('',*,*,#1629,.F.);
#2283=ORIENTED_EDGE('',*,*,#1631,.F.);
#2284=ORIENTED_EDGE('',*,*,#1635,.T.);
#2285=ORIENTED_EDGE('',*,*,#1395,.F.);
#2286=ORIENTED_EDGE('',*,*,#1345,.T.);
#2287=ORIENTED_EDGE('',*,*,#1350,.T.);
#2288=ORIENTED_EDGE('',*,*,#1636,.T.);
#2289=ORIENTED_EDGE('',*,*,#1637,.T.);
#2290=ORIENTED_EDGE('',*,*,#1638,.T.);
#2291=ORIENTED_EDGE('',*,*,#1480,.T.);
#2292=ORIENTED_EDGE('',*,*,#1393,.T.);
#2293=ORIENTED_EDGE('',*,*,#1639,.T.);
#2294=ORIENTED_EDGE('',*,*,#1640,.F.);
#2295=ORIENTED_EDGE('',*,*,#1349,.T.);
#2296=ORIENTED_EDGE('',*,*,#1481,.T.);
#2297=ORIENTED_EDGE('',*,*,#1640,.T.);
#2298=ORIENTED_EDGE('',*,*,#1641,.T.);
#2299=ORIENTED_EDGE('',*,*,#1636,.F.);
#2300=ORIENTED_EDGE('',*,*,#1638,.F.);
#2301=ORIENTED_EDGE('',*,*,#1642,.T.);
#2302=ORIENTED_EDGE('',*,*,#1386,.F.);
#2303=ORIENTED_EDGE('',*,*,#1351,.T.);
#2304=ORIENTED_EDGE('',*,*,#1482,.T.);
#2305=ORIENTED_EDGE('',*,*,#1384,.T.);
#2306=ORIENTED_EDGE('',*,*,#1643,.T.);
#2307=ORIENTED_EDGE('',*,*,#1644,.F.);
#2308=ORIENTED_EDGE('',*,*,#1362,.T.);
#2309=ORIENTED_EDGE('',*,*,#1645,.T.);
#2310=ORIENTED_EDGE('',*,*,#1646,.T.);
#2311=ORIENTED_EDGE('',*,*,#1513,.F.);
#2312=ORIENTED_EDGE('',*,*,#1361,.T.);
#2313=ORIENTED_EDGE('',*,*,#1483,.T.);
#2314=ORIENTED_EDGE('',*,*,#1644,.T.);
#2315=ORIENTED_EDGE('',*,*,#1647,.T.);
#2316=ORIENTED_EDGE('',*,*,#1645,.F.);
#2317=ORIENTED_EDGE('',*,*,#1648,.T.);
#2318=ORIENTED_EDGE('',*,*,#1649,.T.);
#2319=ORIENTED_EDGE('',*,*,#1650,.F.);
#2320=ORIENTED_EDGE('',*,*,#1374,.F.);
#2321=ORIENTED_EDGE('',*,*,#1650,.T.);
#2322=ORIENTED_EDGE('',*,*,#1651,.T.);
#2323=ORIENTED_EDGE('',*,*,#1652,.F.);
#2324=ORIENTED_EDGE('',*,*,#1375,.F.);
#2325=ORIENTED_EDGE('',*,*,#1652,.T.);
#2326=ORIENTED_EDGE('',*,*,#1653,.T.);
#2327=ORIENTED_EDGE('',*,*,#1654,.F.);
#2328=ORIENTED_EDGE('',*,*,#1372,.F.);
#2329=ORIENTED_EDGE('',*,*,#1654,.T.);
#2330=ORIENTED_EDGE('',*,*,#1655,.T.);
#2331=ORIENTED_EDGE('',*,*,#1648,.F.);
#2332=ORIENTED_EDGE('',*,*,#1373,.F.);
#2333=ORIENTED_EDGE('',*,*,#1655,.F.);
#2334=ORIENTED_EDGE('',*,*,#1653,.F.);
#2335=ORIENTED_EDGE('',*,*,#1651,.F.);
#2336=ORIENTED_EDGE('',*,*,#1649,.F.);
#2337=ORIENTED_EDGE('',*,*,#1656,.F.);
#2338=ORIENTED_EDGE('',*,*,#1657,.T.);
#2339=ORIENTED_EDGE('',*,*,#1658,.F.);
#2340=ORIENTED_EDGE('',*,*,#1657,.F.);
#2341=ORIENTED_EDGE('',*,*,#1656,.T.);
#2342=ORIENTED_EDGE('',*,*,#1514,.F.);
#2343=ORIENTED_EDGE('',*,*,#1646,.F.);
#2344=ORIENTED_EDGE('',*,*,#1647,.F.);
#2345=ORIENTED_EDGE('',*,*,#1643,.F.);
#2346=ORIENTED_EDGE('',*,*,#1383,.F.);
#2347=ORIENTED_EDGE('',*,*,#1387,.F.);
#2348=ORIENTED_EDGE('',*,*,#1642,.F.);
#2349=ORIENTED_EDGE('',*,*,#1637,.F.);
#2350=ORIENTED_EDGE('',*,*,#1641,.F.);
#2351=ORIENTED_EDGE('',*,*,#1639,.F.);
#2352=ORIENTED_EDGE('',*,*,#1392,.F.);
#2353=ORIENTED_EDGE('',*,*,#1396,.F.);
#2354=ORIENTED_EDGE('',*,*,#1635,.F.);
#2355=ORIENTED_EDGE('',*,*,#1630,.F.);
#2356=ORIENTED_EDGE('',*,*,#1634,.F.);
#2357=ORIENTED_EDGE('',*,*,#1632,.F.);
#2358=ORIENTED_EDGE('',*,*,#1401,.F.);
#2359=ORIENTED_EDGE('',*,*,#1405,.F.);
#2360=ORIENTED_EDGE('',*,*,#1628,.F.);
#2361=ORIENTED_EDGE('',*,*,#1623,.F.);
#2362=ORIENTED_EDGE('',*,*,#1627,.F.);
#2363=ORIENTED_EDGE('',*,*,#1625,.F.);
#2364=ORIENTED_EDGE('',*,*,#1410,.F.);
#2365=ORIENTED_EDGE('',*,*,#1414,.F.);
#2366=ORIENTED_EDGE('',*,*,#1621,.F.);
#2367=ORIENTED_EDGE('',*,*,#1616,.F.);
#2368=ORIENTED_EDGE('',*,*,#1620,.F.);
#2369=ORIENTED_EDGE('',*,*,#1618,.F.);
#2370=ORIENTED_EDGE('',*,*,#1419,.F.);
#2371=ORIENTED_EDGE('',*,*,#1423,.F.);
#2372=ORIENTED_EDGE('',*,*,#1614,.F.);
#2373=ORIENTED_EDGE('',*,*,#1609,.F.);
#2374=ORIENTED_EDGE('',*,*,#1613,.F.);
#2375=ORIENTED_EDGE('',*,*,#1611,.F.);
#2376=ORIENTED_EDGE('',*,*,#1428,.F.);
#2377=ORIENTED_EDGE('',*,*,#1432,.F.);
#2378=ORIENTED_EDGE('',*,*,#1607,.F.);
#2379=ORIENTED_EDGE('',*,*,#1602,.F.);
#2380=ORIENTED_EDGE('',*,*,#1606,.F.);
#2381=ORIENTED_EDGE('',*,*,#1604,.F.);
#2382=ORIENTED_EDGE('',*,*,#1437,.F.);
#2383=ORIENTED_EDGE('',*,*,#1441,.F.);
#2384=ORIENTED_EDGE('',*,*,#1600,.F.);
#2385=ORIENTED_EDGE('',*,*,#1595,.F.);
#2386=ORIENTED_EDGE('',*,*,#1599,.F.);
#2387=ORIENTED_EDGE('',*,*,#1597,.F.);
#2388=ORIENTED_EDGE('',*,*,#1446,.F.);
#2389=ORIENTED_EDGE('',*,*,#1450,.F.);
#2390=ORIENTED_EDGE('',*,*,#1593,.F.);
#2391=ORIENTED_EDGE('',*,*,#1588,.F.);
#2392=ORIENTED_EDGE('',*,*,#1592,.F.);
#2393=ORIENTED_EDGE('',*,*,#1590,.F.);
#2394=ORIENTED_EDGE('',*,*,#1455,.F.);
#2395=ORIENTED_EDGE('',*,*,#1459,.F.);
#2396=ORIENTED_EDGE('',*,*,#1586,.F.);
#2397=ORIENTED_EDGE('',*,*,#1579,.F.);
#2398=ORIENTED_EDGE('',*,*,#1585,.F.);
#2399=ORIENTED_EDGE('',*,*,#1582,.F.);
#2400=ORIENTED_EDGE('',*,*,#1584,.F.);
#2401=ORIENTED_EDGE('',*,*,#1452,.F.);
#2402=ORIENTED_EDGE('',*,*,#1577,.F.);
#2403=ORIENTED_EDGE('',*,*,#1570,.F.);
#2404=ORIENTED_EDGE('',*,*,#1576,.F.);
#2405=ORIENTED_EDGE('',*,*,#1573,.F.);
#2406=ORIENTED_EDGE('',*,*,#1575,.F.);
#2407=ORIENTED_EDGE('',*,*,#1443,.F.);
#2408=ORIENTED_EDGE('',*,*,#1568,.F.);
#2409=ORIENTED_EDGE('',*,*,#1561,.F.);
#2410=ORIENTED_EDGE('',*,*,#1567,.F.);
#2411=ORIENTED_EDGE('',*,*,#1564,.F.);
#2412=ORIENTED_EDGE('',*,*,#1566,.F.);
#2413=ORIENTED_EDGE('',*,*,#1434,.F.);
#2414=ORIENTED_EDGE('',*,*,#1559,.F.);
#2415=ORIENTED_EDGE('',*,*,#1552,.F.);
#2416=ORIENTED_EDGE('',*,*,#1558,.F.);
#2417=ORIENTED_EDGE('',*,*,#1555,.F.);
#2418=ORIENTED_EDGE('',*,*,#1557,.F.);
#2419=ORIENTED_EDGE('',*,*,#1425,.F.);
#2420=ORIENTED_EDGE('',*,*,#1550,.F.);
#2421=ORIENTED_EDGE('',*,*,#1543,.F.);
#2422=ORIENTED_EDGE('',*,*,#1549,.F.);
#2423=ORIENTED_EDGE('',*,*,#1546,.F.);
#2424=ORIENTED_EDGE('',*,*,#1548,.F.);
#2425=ORIENTED_EDGE('',*,*,#1416,.F.);
#2426=ORIENTED_EDGE('',*,*,#1541,.F.);
#2427=ORIENTED_EDGE('',*,*,#1534,.F.);
#2428=ORIENTED_EDGE('',*,*,#1540,.F.);
#2429=ORIENTED_EDGE('',*,*,#1537,.F.);
#2430=ORIENTED_EDGE('',*,*,#1539,.F.);
#2431=ORIENTED_EDGE('',*,*,#1407,.F.);
#2432=ORIENTED_EDGE('',*,*,#1532,.F.);
#2433=ORIENTED_EDGE('',*,*,#1525,.F.);
#2434=ORIENTED_EDGE('',*,*,#1531,.F.);
#2435=ORIENTED_EDGE('',*,*,#1528,.F.);
#2436=ORIENTED_EDGE('',*,*,#1530,.F.);
#2437=ORIENTED_EDGE('',*,*,#1398,.F.);
#2438=ORIENTED_EDGE('',*,*,#1523,.F.);
#2439=ORIENTED_EDGE('',*,*,#1516,.F.);
#2440=ORIENTED_EDGE('',*,*,#1522,.F.);
#2441=ORIENTED_EDGE('',*,*,#1519,.F.);
#2442=ORIENTED_EDGE('',*,*,#1521,.F.);
#2443=ORIENTED_EDGE('',*,*,#1389,.F.);
#2444=ORIENTED_EDGE('',*,*,#1512,.F.);
#2445=ORIENTED_EDGE('',*,*,#1461,.F.);
#2446=ORIENTED_EDGE('',*,*,#1511,.F.);
#2447=ORIENTED_EDGE('',*,*,#1509,.F.);
#2448=ORIENTED_EDGE('',*,*,#1377,.F.);
#2449=ORIENTED_EDGE('',*,*,#1381,.F.);
#2450=ORIENTED_EDGE('',*,*,#1658,.T.);
#2451=CONICAL_SURFACE('',#2638,34.1947330470336,0.785398163397448);
#2452=CONICAL_SURFACE('',#2641,34.1947330470336,0.785398163397448);
#2453=CONICAL_SURFACE('',#2644,34.1947330470336,0.785398163397448);
#2454=CONICAL_SURFACE('',#2647,34.1947330470336,0.785398163397448);
#2455=CONICAL_SURFACE('',#2650,34.1947330470336,0.785398163397448);
#2456=CONICAL_SURFACE('',#2653,34.1947330470336,0.785398163397448);
#2457=CONICAL_SURFACE('',#2656,34.1947330470336,0.785398163397448);
#2458=CONICAL_SURFACE('',#2659,34.1947330470336,0.785398163397448);
#2459=CONICAL_SURFACE('',#2662,34.1947330470336,0.785398163397448);
#2460=CONICAL_SURFACE('',#2665,34.1947330470336,0.785398163397448);
#2461=CONICAL_SURFACE('',#2668,34.1947330470336,0.785398163397448);
#2462=CONICAL_SURFACE('',#2671,34.1947330470336,0.785398163397448);
#2463=CONICAL_SURFACE('',#2674,34.1947330470336,0.785398163397448);
#2464=CONICAL_SURFACE('',#2677,34.1947330470336,0.785398163397448);
#2465=CONICAL_SURFACE('',#2680,34.1947330470336,0.785398163397448);
#2466=CONICAL_SURFACE('',#2683,34.1947330470336,0.785398163397448);
#2467=CONICAL_SURFACE('',#2686,34.1947330470336,0.785398163397448);
#2468=CONICAL_SURFACE('',#2689,34.1947330470336,0.785398163397448);
#2469=CONICAL_SURFACE('',#2736,29.5612747298966,0.687502818340661);
#2470=CONICAL_SURFACE('',#2738,29.5612747298966,0.687502818340661);
#2471=CONICAL_SURFACE('',#2742,29.5612747298966,0.687502818340661);
#2472=CONICAL_SURFACE('',#2746,29.5612747298966,0.687502818340661);
#2473=CONICAL_SURFACE('',#2750,29.5612747298966,0.687502818340661);
#2474=CONICAL_SURFACE('',#2754,29.5612747298966,0.687502818340661);
#2475=CONICAL_SURFACE('',#2758,29.5612747298966,0.687502818340661);
#2476=CONICAL_SURFACE('',#2762,29.5612747298966,0.687502818340661);
#2477=CONICAL_SURFACE('',#2766,29.5612747298966,0.687502818340661);
#2478=CONICAL_SURFACE('',#2770,29.5612747298966,0.687502818340661);
#2479=CONICAL_SURFACE('',#2774,29.5612747298966,0.687502818340661);
#2480=CONICAL_SURFACE('',#2778,29.5612747298966,0.687502818340661);
#2481=CONICAL_SURFACE('',#2782,29.5612747298966,0.687502818340661);
#2482=CONICAL_SURFACE('',#2786,29.5612747298966,0.687502818340661);
#2483=CONICAL_SURFACE('',#2790,29.5612747298966,0.687502818340661);
#2484=CONICAL_SURFACE('',#2794,29.5612747298966,0.687502818340661);
#2485=CONICAL_SURFACE('',#2798,29.5612747298966,0.687502818340661);
#2486=CONICAL_SURFACE('',#2802,29.5612747298966,0.687502818340661);
#2487=ADVANCED_FACE('',(#140),#2451,.F.);
#2488=ADVANCED_FACE('',(#141),#2452,.F.);
#2489=ADVANCED_FACE('',(#142),#2453,.F.);
#2490=ADVANCED_FACE('',(#143),#2454,.F.);
#2491=ADVANCED_FACE('',(#144),#2455,.F.);
#2492=ADVANCED_FACE('',(#145),#2456,.F.);
#2493=ADVANCED_FACE('',(#146),#2457,.F.);
#2494=ADVANCED_FACE('',(#147),#2458,.F.);
#2495=ADVANCED_FACE('',(#148),#2459,.F.);
#2496=ADVANCED_FACE('',(#149),#2460,.F.);
#2497=ADVANCED_FACE('',(#150),#2461,.F.);
#2498=ADVANCED_FACE('',(#151),#2462,.F.);
#2499=ADVANCED_FACE('',(#152),#2463,.F.);
#2500=ADVANCED_FACE('',(#153),#2464,.F.);
#2501=ADVANCED_FACE('',(#154),#2465,.F.);
#2502=ADVANCED_FACE('',(#155),#2466,.F.);
#2503=ADVANCED_FACE('',(#156),#2467,.F.);
#2504=ADVANCED_FACE('',(#157),#2468,.F.);
#2505=ADVANCED_FACE('',(#158,#78),#80,.T.);
#2506=ADVANCED_FACE('',(#159),#42,.T.);
#2507=ADVANCED_FACE('',(#160),#81,.T.);
#2508=ADVANCED_FACE('',(#161),#43,.T.);
#2509=ADVANCED_FACE('',(#162),#82,.T.);
#2510=ADVANCED_FACE('',(#163),#83,.T.);
#2511=ADVANCED_FACE('',(#164),#44,.T.);
#2512=ADVANCED_FACE('',(#165),#84,.T.);
#2513=ADVANCED_FACE('',(#166),#85,.T.);
#2514=ADVANCED_FACE('',(#167),#45,.T.);
#2515=ADVANCED_FACE('',(#168),#86,.T.);
#2516=ADVANCED_FACE('',(#169),#87,.T.);
#2517=ADVANCED_FACE('',(#170),#46,.T.);
#2518=ADVANCED_FACE('',(#171),#88,.T.);
#2519=ADVANCED_FACE('',(#172),#89,.T.);
#2520=ADVANCED_FACE('',(#173),#47,.T.);
#2521=ADVANCED_FACE('',(#174),#90,.T.);
#2522=ADVANCED_FACE('',(#175),#91,.T.);
#2523=ADVANCED_FACE('',(#176),#48,.T.);
#2524=ADVANCED_FACE('',(#177),#92,.T.);
#2525=ADVANCED_FACE('',(#178),#93,.T.);
#2526=ADVANCED_FACE('',(#179),#49,.T.);
#2527=ADVANCED_FACE('',(#180),#94,.T.);
#2528=ADVANCED_FACE('',(#181),#95,.T.);
#2529=ADVANCED_FACE('',(#182),#50,.T.);
#2530=ADVANCED_FACE('',(#183),#96,.T.);
#2531=ADVANCED_FACE('',(#184),#97,.T.);
#2532=ADVANCED_FACE('',(#185),#51,.T.);
#2533=ADVANCED_FACE('',(#186),#98,.T.);
#2534=ADVANCED_FACE('',(#187),#99,.T.);
#2535=ADVANCED_FACE('',(#188),#38,.T.);
#2536=ADVANCED_FACE('',(#189),#100,.T.);
#2537=ADVANCED_FACE('',(#190),#52,.T.);
#2538=ADVANCED_FACE('',(#191),#2469,.T.);
#2539=ADVANCED_FACE('',(#192),#2470,.T.);
#2540=ADVANCED_FACE('',(#193),#101,.T.);
#2541=ADVANCED_FACE('',(#194),#102,.T.);
#2542=ADVANCED_FACE('',(#195),#53,.T.);
#2543=ADVANCED_FACE('',(#196),#54,.T.);
#2544=ADVANCED_FACE('',(#197),#2471,.T.);
#2545=ADVANCED_FACE('',(#198),#103,.T.);
#2546=ADVANCED_FACE('',(#199),#104,.T.);
#2547=ADVANCED_FACE('',(#200),#55,.T.);
#2548=ADVANCED_FACE('',(#201),#56,.T.);
#2549=ADVANCED_FACE('',(#202),#2472,.T.);
#2550=ADVANCED_FACE('',(#203),#105,.T.);
#2551=ADVANCED_FACE('',(#204),#106,.T.);
#2552=ADVANCED_FACE('',(#205),#57,.T.);
#2553=ADVANCED_FACE('',(#206),#58,.T.);
#2554=ADVANCED_FACE('',(#207),#2473,.T.);
#2555=ADVANCED_FACE('',(#208),#107,.T.);
#2556=ADVANCED_FACE('',(#209),#108,.T.);
#2557=ADVANCED_FACE('',(#210),#59,.T.);
#2558=ADVANCED_FACE('',(#211),#60,.T.);
#2559=ADVANCED_FACE('',(#212),#2474,.T.);
#2560=ADVANCED_FACE('',(#213),#109,.T.);
#2561=ADVANCED_FACE('',(#214),#110,.T.);
#2562=ADVANCED_FACE('',(#215),#61,.T.);
#2563=ADVANCED_FACE('',(#216),#62,.T.);
#2564=ADVANCED_FACE('',(#217),#2475,.T.);
#2565=ADVANCED_FACE('',(#218),#111,.T.);
#2566=ADVANCED_FACE('',(#219),#112,.T.);
#2567=ADVANCED_FACE('',(#220),#63,.T.);
#2568=ADVANCED_FACE('',(#221),#64,.T.);
#2569=ADVANCED_FACE('',(#222),#2476,.T.);
#2570=ADVANCED_FACE('',(#223),#113,.T.);
#2571=ADVANCED_FACE('',(#224),#114,.T.);
#2572=ADVANCED_FACE('',(#225),#65,.T.);
#2573=ADVANCED_FACE('',(#226),#66,.T.);
#2574=ADVANCED_FACE('',(#227),#2477,.T.);
#2575=ADVANCED_FACE('',(#228),#115,.T.);
#2576=ADVANCED_FACE('',(#229),#116,.T.);
#2577=ADVANCED_FACE('',(#230),#67,.T.);
#2578=ADVANCED_FACE('',(#231),#68,.T.);
#2579=ADVANCED_FACE('',(#232),#2478,.T.);
#2580=ADVANCED_FACE('',(#233),#117,.T.);
#2581=ADVANCED_FACE('',(#234),#118,.T.);
#2582=ADVANCED_FACE('',(#235),#69,.T.);
#2583=ADVANCED_FACE('',(#236),#2479,.T.);
#2584=ADVANCED_FACE('',(#237),#119,.T.);
#2585=ADVANCED_FACE('',(#238),#120,.T.);
#2586=ADVANCED_FACE('',(#239),#70,.T.);
#2587=ADVANCED_FACE('',(#240),#2480,.T.);
#2588=ADVANCED_FACE('',(#241),#121,.T.);
#2589=ADVANCED_FACE('',(#242),#122,.T.);
#2590=ADVANCED_FACE('',(#243),#71,.T.);
#2591=ADVANCED_FACE('',(#244),#2481,.T.);
#2592=ADVANCED_FACE('',(#245),#123,.T.);
#2593=ADVANCED_FACE('',(#246),#124,.T.);
#2594=ADVANCED_FACE('',(#247),#72,.T.);
#2595=ADVANCED_FACE('',(#248),#2482,.T.);
#2596=ADVANCED_FACE('',(#249),#125,.T.);
#2597=ADVANCED_FACE('',(#250),#126,.T.);
#2598=ADVANCED_FACE('',(#251),#73,.T.);
#2599=ADVANCED_FACE('',(#252),#2483,.T.);
#2600=ADVANCED_FACE('',(#253),#127,.T.);
#2601=ADVANCED_FACE('',(#254),#128,.T.);
#2602=ADVANCED_FACE('',(#255),#74,.T.);
#2603=ADVANCED_FACE('',(#256),#2484,.T.);
#2604=ADVANCED_FACE('',(#257),#129,.T.);
#2605=ADVANCED_FACE('',(#258),#130,.T.);
#2606=ADVANCED_FACE('',(#259),#75,.T.);
#2607=ADVANCED_FACE('',(#260),#2485,.T.);
#2608=ADVANCED_FACE('',(#261),#131,.T.);
#2609=ADVANCED_FACE('',(#262),#132,.T.);
#2610=ADVANCED_FACE('',(#263),#76,.T.);
#2611=ADVANCED_FACE('',(#264),#2486,.T.);
#2612=ADVANCED_FACE('',(#265),#133,.T.);
#2613=ADVANCED_FACE('',(#266),#134,.T.);
#2614=ADVANCED_FACE('',(#267),#77,.T.);
#2615=ADVANCED_FACE('',(#268),#135,.F.);
#2616=ADVANCED_FACE('',(#269),#39,.F.);
#2617=ADVANCED_FACE('',(#270),#136,.F.);
#2618=ADVANCED_FACE('',(#271),#40,.F.);
#2619=ADVANCED_FACE('',(#272),#137,.T.);
#2620=ADVANCED_FACE('',(#273),#41,.T.);
#2621=ADVANCED_FACE('',(#274),#138,.T.);
#2622=ADVANCED_FACE('',(#275,#79),#139,.F.);
#2623=CLOSED_SHELL('',(#2487,#2488,#2489,#2490,#2491,#2492,#2493,#2494,
#2495,#2496,#2497,#2498,#2499,#2500,#2501,#2502,#2503,#2504,#2505,#2506,
#2507,#2508,#2509,#2510,#2511,#2512,#2513,#2514,#2515,#2516,#2517,#2518,
#2519,#2520,#2521,#2522,#2523,#2524,#2525,#2526,#2527,#2528,#2529,#2530,
#2531,#2532,#2533,#2534,#2535,#2536,#2537,#2538,#2539,#2540,#2541,#2542,
#2543,#2544,#2545,#2546,#2547,#2548,#2549,#2550,#2551,#2552,#2553,#2554,
#2555,#2556,#2557,#2558,#2559,#2560,#2561,#2562,#2563,#2564,#2565,#2566,
#2567,#2568,#2569,#2570,#2571,#2572,#2573,#2574,#2575,#2576,#2577,#2578,
#2579,#2580,#2581,#2582,#2583,#2584,#2585,#2586,#2587,#2588,#2589,#2590,
#2591,#2592,#2593,#2594,#2595,#2596,#2597,#2598,#2599,#2600,#2601,#2602,
#2603,#2604,#2605,#2606,#2607,#2608,#2609,#2610,#2611,#2612,#2613,#2614,
#2615,#2616,#2617,#2618,#2619,#2620,#2621,#2622));
#2624=DERIVED_UNIT_ELEMENT(#2626,1.);
#2625=DERIVED_UNIT_ELEMENT(#7009,-3.);
#2626=(
MASS_UNIT()
NAMED_UNIT(*)
SI_UNIT(.KILO.,.GRAM.)
);
#2627=DERIVED_UNIT((#2624,#2625));
#2628=MEASURE_REPRESENTATION_ITEM('density measure',
POSITIVE_RATIO_MEASURE(7850.),#2627);
#2629=PROPERTY_DEFINITION_REPRESENTATION(#2634,#2631);
#2630=PROPERTY_DEFINITION_REPRESENTATION(#2635,#2632);
#2631=REPRESENTATION('material name',(#2633),#7006);
#2632=REPRESENTATION('density',(#2628),#7006);
#2633=DESCRIPTIVE_REPRESENTATION_ITEM('Steel','Steel');
#2634=PROPERTY_DEFINITION('material property','material name',#7021);
#2635=PROPERTY_DEFINITION('material property','density of part',#7021);
#2636=AXIS2_PLACEMENT_3D('',#3393,#2819,#2820);
#2637=AXIS2_PLACEMENT_3D('',#3394,#2821,#2822);
#2638=AXIS2_PLACEMENT_3D('',#3395,#2823,#2824);
#2639=AXIS2_PLACEMENT_3D('',#3405,#2825,#2826);
#2640=AXIS2_PLACEMENT_3D('',#3414,#2828,#2829);
#2641=AXIS2_PLACEMENT_3D('',#3416,#2831,#2832);
#2642=AXIS2_PLACEMENT_3D('',#3426,#2833,#2834);
#2643=AXIS2_PLACEMENT_3D('',#3435,#2836,#2837);
#2644=AXIS2_PLACEMENT_3D('',#3437,#2839,#2840);
#2645=AXIS2_PLACEMENT_3D('',#3447,#2841,#2842);
#2646=AXIS2_PLACEMENT_3D('',#3456,#2844,#2845);
#2647=AXIS2_PLACEMENT_3D('',#3458,#2847,#2848);
#2648=AXIS2_PLACEMENT_3D('',#3470,#2850,#2851);
#2649=AXIS2_PLACEMENT_3D('',#3478,#2853,#2854);
#2650=AXIS2_PLACEMENT_3D('',#3479,#2855,#2856);
#2651=AXIS2_PLACEMENT_3D('',#3489,#2858,#2859);
#2652=AXIS2_PLACEMENT_3D('',#3499,#2861,#2862);
#2653=AXIS2_PLACEMENT_3D('',#3500,#2863,#2864);
#2654=AXIS2_PLACEMENT_3D('',#3510,#2865,#2866);
#2655=AXIS2_PLACEMENT_3D('',#3519,#2868,#2869);
#2656=AXIS2_PLACEMENT_3D('',#3521,#2871,#2872);
#2657=AXIS2_PLACEMENT_3D('',#3529,#2873,#2874);
#2658=AXIS2_PLACEMENT_3D('',#3538,#2876,#2877);
#2659=AXIS2_PLACEMENT_3D('',#3540,#2879,#2880);
#2660=AXIS2_PLACEMENT_3D('',#3550,#2882,#2883);
#2661=AXIS2_PLACEMENT_3D('',#3560,#2885,#2886);
#2662=AXIS2_PLACEMENT_3D('',#3561,#2887,#2888);
#2663=AXIS2_PLACEMENT_3D('',#3601,#2890,#2891);
#2664=AXIS2_PLACEMENT_3D('',#3611,#2893,#2894);
#2665=AXIS2_PLACEMENT_3D('',#3612,#2895,#2896);
#2666=AXIS2_PLACEMENT_3D('',#3622,#2897,#2898);
#2667=AXIS2_PLACEMENT_3D('',#3661,#2900,#2901);
#2668=AXIS2_PLACEMENT_3D('',#3663,#2903,#2904);
#2669=AXIS2_PLACEMENT_3D('',#3673,#2905,#2906);
#2670=AXIS2_PLACEMENT_3D('',#3682,#2908,#2909);
#2671=AXIS2_PLACEMENT_3D('',#3684,#2911,#2912);
#2672=AXIS2_PLACEMENT_3D('',#3694,#2914,#2915);
#2673=AXIS2_PLACEMENT_3D('',#3702,#2917,#2918);
#2674=AXIS2_PLACEMENT_3D('',#3703,#2919,#2920);
#2675=AXIS2_PLACEMENT_3D('',#3713,#2922,#2923);
#2676=AXIS2_PLACEMENT_3D('',#3723,#2925,#2926);
#2677=AXIS2_PLACEMENT_3D('',#3724,#2927,#2928);
#2678=AXIS2_PLACEMENT_3D('',#3734,#2929,#2930);
#2679=AXIS2_PLACEMENT_3D('',#3743,#2932,#2933);
#2680=AXIS2_PLACEMENT_3D('',#3745,#2935,#2936);
#2681=AXIS2_PLACEMENT_3D('',#3753,#2937,#2938);
#2682=AXIS2_PLACEMENT_3D('',#3764,#2940,#2941);
#2683=AXIS2_PLACEMENT_3D('',#3766,#2943,#2944);
#2684=AXIS2_PLACEMENT_3D('',#3776,#2946,#2947);
#2685=AXIS2_PLACEMENT_3D('',#3786,#2949,#2950);
#2686=AXIS2_PLACEMENT_3D('',#3787,#2951,#2952);
#2687=AXIS2_PLACEMENT_3D('',#3797,#2953,#2954);
#2688=AXIS2_PLACEMENT_3D('',#3806,#2956,#2957);
#2689=AXIS2_PLACEMENT_3D('',#3808,#2959,#2960);
#2690=AXIS2_PLACEMENT_3D('',#3818,#2962,#2963);
#2691=AXIS2_PLACEMENT_3D('',#3828,#2965,#2966);
#2692=AXIS2_PLACEMENT_3D('',#3829,#2967,#2968);
#2693=AXIS2_PLACEMENT_3D('',#3831,#2969,#2970);
#2694=AXIS2_PLACEMENT_3D('',#3836,#2972,#2973);
#2695=AXIS2_PLACEMENT_3D('',#3839,#2975,#2976);
#2696=AXIS2_PLACEMENT_3D('',#3916,#2979,#2980);
#2697=AXIS2_PLACEMENT_3D('',#3996,#2985,#2986);
#2698=AXIS2_PLACEMENT_3D('',#4000,#2989,#2990);
#2699=AXIS2_PLACEMENT_3D('',#4082,#2996,#2997);
#2700=AXIS2_PLACEMENT_3D('',#4086,#3000,#3001);
#2701=AXIS2_PLACEMENT_3D('',#4168,#3007,#3008);
#2702=AXIS2_PLACEMENT_3D('',#4172,#3011,#3012);
#2703=AXIS2_PLACEMENT_3D('',#4254,#3018,#3019);
#2704=AXIS2_PLACEMENT_3D('',#4258,#3022,#3023);
#2705=AXIS2_PLACEMENT_3D('',#4340,#3029,#3030);
#2706=AXIS2_PLACEMENT_3D('',#4344,#3033,#3034);
#2707=AXIS2_PLACEMENT_3D('',#4426,#3040,#3041);
#2708=AXIS2_PLACEMENT_3D('',#4430,#3044,#3045);
#2709=AXIS2_PLACEMENT_3D('',#4512,#3051,#3052);
#2710=AXIS2_PLACEMENT_3D('',#4516,#3055,#3056);
#2711=AXIS2_PLACEMENT_3D('',#4598,#3062,#3063);
#2712=AXIS2_PLACEMENT_3D('',#4602,#3066,#3067);
#2713=AXIS2_PLACEMENT_3D('',#4684,#3073,#3074);
#2714=AXIS2_PLACEMENT_3D('',#4688,#3077,#3078);
#2715=AXIS2_PLACEMENT_3D('',#4694,#3082,#3083);
#2716=AXIS2_PLACEMENT_3D('',#4698,#3085,#3086);
#2717=AXIS2_PLACEMENT_3D('',#4704,#3087,#3088);
#2718=AXIS2_PLACEMENT_3D('',#4710,#3089,#3090);
#2719=AXIS2_PLACEMENT_3D('',#4716,#3091,#3092);
#2720=AXIS2_PLACEMENT_3D('',#4722,#3093,#3094);
#2721=AXIS2_PLACEMENT_3D('',#4728,#3095,#3096);
#2722=AXIS2_PLACEMENT_3D('',#4734,#3097,#3098);
#2723=AXIS2_PLACEMENT_3D('',#4740,#3099,#3100);
#2724=AXIS2_PLACEMENT_3D('',#4746,#3101,#3102);
#2725=AXIS2_PLACEMENT_3D('',#4752,#3103,#3104);
#2726=AXIS2_PLACEMENT_3D('',#4758,#3105,#3106);
#2727=AXIS2_PLACEMENT_3D('',#4769,#3107,#3108);
#2728=AXIS2_PLACEMENT_3D('',#4780,#3109,#3110);
#2729=AXIS2_PLACEMENT_3D('',#4791,#3111,#3112);
#2730=AXIS2_PLACEMENT_3D('',#4802,#3113,#3114);
#2731=AXIS2_PLACEMENT_3D('',#4813,#3115,#3116);
#2732=AXIS2_PLACEMENT_3D('',#4824,#3117,#3118);
#2733=AXIS2_PLACEMENT_3D('',#4835,#3119,#3120);
#2734=AXIS2_PLACEMENT_3D('',#4845,#3121,#3122);
#2735=AXIS2_PLACEMENT_3D('',#4846,#3123,#3124);
#2736=AXIS2_PLACEMENT_3D('',#4926,#3127,#3128);
#2737=AXIS2_PLACEMENT_3D('',#4927,#3129,#3130);
#2738=AXIS2_PLACEMENT_3D('',#4928,#3131,#3132);
#2739=AXIS2_PLACEMENT_3D('',#4931,#3134,#3135);
#2740=AXIS2_PLACEMENT_3D('',#4932,#3136,#3137);
#2741=AXIS2_PLACEMENT_3D('',#4938,#3141,#3142);
#2742=AXIS2_PLACEMENT_3D('',#5087,#3146,#3147);
#2743=AXIS2_PLACEMENT_3D('',#5088,#3148,#3149);
#2744=AXIS2_PLACEMENT_3D('',#5089,#3150,#3151);
#2745=AXIS2_PLACEMENT_3D('',#5095,#3155,#3156);
#2746=AXIS2_PLACEMENT_3D('',#5244,#3160,#3161);
#2747=AXIS2_PLACEMENT_3D('',#5245,#3162,#3163);
#2748=AXIS2_PLACEMENT_3D('',#5246,#3164,#3165);
#2749=AXIS2_PLACEMENT_3D('',#5252,#3169,#3170);
#2750=AXIS2_PLACEMENT_3D('',#5401,#3174,#3175);
#2751=AXIS2_PLACEMENT_3D('',#5402,#3176,#3177);
#2752=AXIS2_PLACEMENT_3D('',#5403,#3178,#3179);
#2753=AXIS2_PLACEMENT_3D('',#5409,#3183,#3184);
#2754=AXIS2_PLACEMENT_3D('',#5558,#3188,#3189);
#2755=AXIS2_PLACEMENT_3D('',#5559,#3190,#3191);
#2756=AXIS2_PLACEMENT_3D('',#5560,#3192,#3193);
#2757=AXIS2_PLACEMENT_3D('',#5566,#3197,#3198);
#2758=AXIS2_PLACEMENT_3D('',#5715,#3202,#3203);
#2759=AXIS2_PLACEMENT_3D('',#5716,#3204,#3205);
#2760=AXIS2_PLACEMENT_3D('',#5717,#3206,#3207);
#2761=AXIS2_PLACEMENT_3D('',#5723,#3211,#3212);
#2762=AXIS2_PLACEMENT_3D('',#5872,#3216,#3217);
#2763=AXIS2_PLACEMENT_3D('',#5873,#3218,#3219);
#2764=AXIS2_PLACEMENT_3D('',#5874,#3220,#3221);
#2765=AXIS2_PLACEMENT_3D('',#5880,#3225,#3226);
#2766=AXIS2_PLACEMENT_3D('',#6029,#3230,#3231);
#2767=AXIS2_PLACEMENT_3D('',#6030,#3232,#3233);
#2768=AXIS2_PLACEMENT_3D('',#6031,#3234,#3235);
#2769=AXIS2_PLACEMENT_3D('',#6037,#3239,#3240);
#2770=AXIS2_PLACEMENT_3D('',#6186,#3244,#3245);
#2771=AXIS2_PLACEMENT_3D('',#6187,#3246,#3247);
#2772=AXIS2_PLACEMENT_3D('',#6188,#3248,#3249);
#2773=AXIS2_PLACEMENT_3D('',#6194,#3253,#3254);
#2774=AXIS2_PLACEMENT_3D('',#6274,#3257,#3258);
#2775=AXIS2_PLACEMENT_3D('',#6275,#3259,#3260);
#2776=AXIS2_PLACEMENT_3D('',#6276,#3261,#3262);
#2777=AXIS2_PLACEMENT_3D('',#6282,#3266,#3267);
#2778=AXIS2_PLACEMENT_3D('',#6362,#3270,#3271);
#2779=AXIS2_PLACEMENT_3D('',#6363,#3272,#3273);
#2780=AXIS2_PLACEMENT_3D('',#6364,#3274,#3275);
#2781=AXIS2_PLACEMENT_3D('',#6370,#3279,#3280);
#2782=AXIS2_PLACEMENT_3D('',#6450,#3283,#3284);
#2783=AXIS2_PLACEMENT_3D('',#6451,#3285,#3286);
#2784=AXIS2_PLACEMENT_3D('',#6452,#3287,#3288);
#2785=AXIS2_PLACEMENT_3D('',#6458,#3292,#3293);
#2786=AXIS2_PLACEMENT_3D('',#6538,#3296,#3297);
#2787=AXIS2_PLACEMENT_3D('',#6539,#3298,#3299);
#2788=AXIS2_PLACEMENT_3D('',#6540,#3300,#3301);
#2789=AXIS2_PLACEMENT_3D('',#6546,#3305,#3306);
#2790=AXIS2_PLACEMENT_3D('',#6626,#3309,#3310);
#2791=AXIS2_PLACEMENT_3D('',#6627,#3311,#3312);
#2792=AXIS2_PLACEMENT_3D('',#6628,#3313,#3314);
#2793=AXIS2_PLACEMENT_3D('',#6634,#3318,#3319);
#2794=AXIS2_PLACEMENT_3D('',#6714,#3322,#3323);
#2795=AXIS2_PLACEMENT_3D('',#6715,#3324,#3325);
#2796=AXIS2_PLACEMENT_3D('',#6716,#3326,#3327);
#2797=AXIS2_PLACEMENT_3D('',#6722,#3331,#3332);
#2798=AXIS2_PLACEMENT_3D('',#6802,#3335,#3336);
#2799=AXIS2_PLACEMENT_3D('',#6803,#3337,#3338);
#2800=AXIS2_PLACEMENT_3D('',#6804,#3339,#3340);
#2801=AXIS2_PLACEMENT_3D('',#6810,#3344,#3345);
#2802=AXIS2_PLACEMENT_3D('',#6890,#3348,#3349);
#2803=AXIS2_PLACEMENT_3D('',#6891,#3350,#3351);
#2804=AXIS2_PLACEMENT_3D('',#6892,#3352,#3353);
#2805=AXIS2_PLACEMENT_3D('',#6896,#3356,#3357);
#2806=AXIS2_PLACEMENT_3D('',#6976,#3360,#3361);
#2807=AXIS2_PLACEMENT_3D('',#6982,#3365,#3366);
#2808=AXIS2_PLACEMENT_3D('',#6984,#3367,#3368);
#2809=AXIS2_PLACEMENT_3D('',#6986,#3370,#3371);
#2810=AXIS2_PLACEMENT_3D('',#6990,#3374,#3375);
#2811=AXIS2_PLACEMENT_3D('',#6991,#3376,#3377);
#2812=AXIS2_PLACEMENT_3D('',#6992,#3378,#3379);
#2813=AXIS2_PLACEMENT_3D('',#6993,#3380,#3381);
#2814=AXIS2_PLACEMENT_3D('',#6995,#3382,#3383);
#2815=AXIS2_PLACEMENT_3D('',#6998,#3385,#3386);
#2816=AXIS2_PLACEMENT_3D('',#6999,#3387,#3388);
#2817=AXIS2_PLACEMENT_3D('',#7000,#3389,#3390);
#2818=AXIS2_PLACEMENT_3D('',#7001,#3391,#3392);
#2819=DIRECTION('axis',(0.,0.,1.));
#2820=DIRECTION('refdir',(1.,0.,0.));
#2821=DIRECTION('axis',(0.,0.,1.));
#2822=DIRECTION('refdir',(1.,0.,0.));
#2823=DIRECTION('center_axis',(0.,0.,1.));
#2824=DIRECTION('ref_axis',(1.,0.,0.));
#2825=DIRECTION('center_axis',(0.,0.,1.));
#2826=DIRECTION('ref_axis',(1.,0.,0.));
#2827=DIRECTION('',(-0.702977985933609,0.0763085514517212,0.707106043156234));
#2828=DIRECTION('center_axis',(0.,0.,1.));
#2829=DIRECTION('ref_axis',(1.,0.,0.));
#2830=DIRECTION('',(0.686682287661245,-0.168726048801759,-0.707106043156234));
#2831=DIRECTION('center_axis',(0.,0.,1.));
#2832=DIRECTION('ref_axis',(1.,0.,0.));
#2833=DIRECTION('center_axis',(0.,0.,1.));
#2834=DIRECTION('ref_axis',(1.,0.,0.));
#2835=DIRECTION('',(-0.634484164252261,0.312139214205847,0.707106043156234));
#2836=DIRECTION('center_axis',(0.,0.,1.));
#2837=DIRECTION('ref_axis',(1.,0.,0.));
#2838=DIRECTION('',(0.587562571145707,-0.393409797438474,-0.707106043156234));
#2839=DIRECTION('center_axis',(0.,0.,1.));
#2840=DIRECTION('ref_axis',(1.,0.,0.));
#2841=DIRECTION('center_axis',(0.,0.,1.));
#2842=DIRECTION('ref_axis',(1.,0.,0.));
#2843=DIRECTION('',(-0.489462188373118,0.510321281042573,0.707106043156234));
#2844=DIRECTION('center_axis',(0.,0.,1.));
#2845=DIRECTION('ref_axis',(1.,0.,0.));
#2846=DIRECTION('',(0.417574137049987,-0.570642518393865,-0.707106043156234));
#2847=DIRECTION('center_axis',(0.,0.,1.));
#2848=DIRECTION('ref_axis',(1.,0.,0.));
#2849=DIRECTION('',(-0.686682287661245,-0.168726048801759,0.707106043156234));
#2850=DIRECTION('center_axis',(0.,0.,1.));
#2851=DIRECTION('ref_axis',(1.,0.,0.));
#2852=DIRECTION('',(0.702977985933609,0.0763085514517211,-0.707106043156234));
#2853=DIRECTION('center_axis',(0.,0.,1.));
#2854=DIRECTION('ref_axis',(1.,0.,0.));
#2855=DIRECTION('center_axis',(0.,0.,1.));
#2856=DIRECTION('ref_axis',(1.,0.,0.));
#2857=DIRECTION('',(-0.587562571145707,-0.393409797438472,0.707106043156234));
#2858=DIRECTION('center_axis',(0.,0.,1.));
#2859=DIRECTION('ref_axis',(1.,0.,0.));
#2860=DIRECTION('',(0.634484164252261,0.312139214205847,-0.707106043156234));
#2861=DIRECTION('center_axis',(0.,0.,1.));
#2862=DIRECTION('ref_axis',(1.,0.,0.));
#2863=DIRECTION('center_axis',(0.,0.,1.));
#2864=DIRECTION('ref_axis',(1.,0.,0.));
#2865=DIRECTION('center_axis',(0.,0.,1.));
#2866=DIRECTION('ref_axis',(1.,0.,0.));
#2867=DIRECTION('',(-0.285403848883622,0.646951069845586,0.707106043156234));
#2868=DIRECTION('center_axis',(0.,0.,1.));
#2869=DIRECTION('ref_axis',(1.,0.,0.));
#2870=DIRECTION('',(0.197220099288126,-0.679047329844331,-0.707106043156234));
#2871=DIRECTION('center_axis',(0.,0.,1.));
#2872=DIRECTION('ref_axis',(1.,0.,0.));
#2873=DIRECTION('center_axis',(0.,0.,1.));
#2874=DIRECTION('ref_axis',(1.,0.,0.));
#2875=DIRECTION('',(-0.0469215931065546,0.70554901164432,0.707106043156234));
#2876=DIRECTION('center_axis',(0.,0.,1.));
#2877=DIRECTION('ref_axis',(1.,0.,0.));
#2878=DIRECTION('',(-0.0469215931065542,-0.70554901164432,-0.707106043156234));
#2879=DIRECTION('center_axis',(0.,0.,1.));
#2880=DIRECTION('ref_axis',(1.,0.,0.));
#2881=DIRECTION('',(-0.417574137049987,-0.570642518393866,0.707106043156234));
#2882=DIRECTION('center_axis',(0.,0.,1.));
#2883=DIRECTION('ref_axis',(1.,0.,0.));
#2884=DIRECTION('',(0.489462188373119,0.510321281042572,-0.707106043156233));
#2885=DIRECTION('center_axis',(0.,0.,1.));
#2886=DIRECTION('ref_axis',(1.,0.,0.));
#2887=DIRECTION('center_axis',(0.,0.,1.));
#2888=DIRECTION('ref_axis',(1.,0.,0.));
#2889=DIRECTION('',(-0.197220099288126,-0.679047329844331,0.707106043156234));
#2890=DIRECTION('center_axis',(0.,0.,1.));
#2891=DIRECTION('ref_axis',(1.,0.,0.));
#2892=DIRECTION('',(0.285403848883623,0.646951069845586,-0.707106043156234));
#2893=DIRECTION('center_axis',(0.,0.,1.));
#2894=DIRECTION('ref_axis',(1.,0.,0.));
#2895=DIRECTION('center_axis',(0.,0.,1.));
#2896=DIRECTION('ref_axis',(1.,0.,0.));
#2897=DIRECTION('center_axis',(0.,0.,1.));
#2898=DIRECTION('ref_axis',(1.,0.,0.));
#2899=DIRECTION('',(0.197220099288127,0.679047329844331,0.707106043156234));
#2900=DIRECTION('center_axis',(0.,0.,1.));
#2901=DIRECTION('ref_axis',(1.,0.,0.));
#2902=DIRECTION('',(-0.285403848883622,-0.646951069845587,-0.707106043156234));
#2903=DIRECTION('center_axis',(0.,0.,1.));
#2904=DIRECTION('ref_axis',(1.,0.,0.));
#2905=DIRECTION('center_axis',(0.,0.,1.));
#2906=DIRECTION('ref_axis',(1.,0.,0.));
#2907=DIRECTION('',(0.417574137049988,0.570642518393865,0.707106043156234));
#2908=DIRECTION('center_axis',(0.,0.,1.));
#2909=DIRECTION('ref_axis',(1.,0.,0.));
#2910=DIRECTION('',(-0.489462188373119,-0.510321281042572,-0.707106043156233));
#2911=DIRECTION('center_axis',(0.,0.,1.));
#2912=DIRECTION('ref_axis',(1.,0.,0.));
#2913=DIRECTION('',(0.0469215931065542,-0.70554901164432,0.707106043156234));
#2914=DIRECTION('center_axis',(0.,0.,1.));
#2915=DIRECTION('ref_axis',(1.,0.,0.));
#2916=DIRECTION('',(0.0469215931065541,0.70554901164432,-0.707106043156234));
#2917=DIRECTION('center_axis',(0.,0.,1.));
#2918=DIRECTION('ref_axis',(1.,0.,0.));
#2919=DIRECTION('center_axis',(0.,0.,1.));
#2920=DIRECTION('ref_axis',(1.,0.,0.));
#2921=DIRECTION('',(0.285403848883622,-0.646951069845587,0.707106043156234));
#2922=DIRECTION('center_axis',(0.,0.,1.));
#2923=DIRECTION('ref_axis',(1.,0.,0.));
#2924=DIRECTION('',(-0.197220099288126,0.679047329844331,-0.707106043156234));
#2925=DIRECTION('center_axis',(0.,0.,1.));
#2926=DIRECTION('ref_axis',(1.,0.,0.));
#2927=DIRECTION('center_axis',(0.,0.,1.));
#2928=DIRECTION('ref_axis',(1.,0.,0.));
#2929=DIRECTION('center_axis',(0.,0.,1.));
#2930=DIRECTION('ref_axis',(1.,0.,0.));
#2931=DIRECTION('',(0.587562571145707,0.393409797438472,0.707106043156234));
#2932=DIRECTION('center_axis',(0.,0.,1.));
#2933=DIRECTION('ref_axis',(1.,0.,0.));
#2934=DIRECTION('',(-0.634484164252261,-0.312139214205847,-0.707106043156234));
#2935=DIRECTION('center_axis',(0.,0.,1.));
#2936=DIRECTION('ref_axis',(1.,0.,0.));
#2937=DIRECTION('center_axis',(0.,0.,1.));
#2938=DIRECTION('ref_axis',(1.,0.,0.));
#2939=DIRECTION('',(0.686682287661245,0.168726048801759,0.707106043156234));
#2940=DIRECTION('center_axis',(0.,0.,1.));
#2941=DIRECTION('ref_axis',(1.,0.,0.));
#2942=DIRECTION('',(-0.702977985933609,-0.0763085514517215,-0.707106043156234));
#2943=DIRECTION('center_axis',(0.,0.,1.));
#2944=DIRECTION('ref_axis',(1.,0.,0.));
#2945=DIRECTION('',(0.489462188373118,-0.510321281042573,0.707106043156234));
#2946=DIRECTION('center_axis',(0.,0.,1.));
#2947=DIRECTION('ref_axis',(1.,0.,0.));
#2948=DIRECTION('',(-0.417574137049987,0.570642518393866,-0.707106043156234));
#2949=DIRECTION('center_axis',(0.,0.,1.));
#2950=DIRECTION('ref_axis',(1.,0.,0.));
#2951=DIRECTION('center_axis',(0.,0.,1.));
#2952=DIRECTION('ref_axis',(1.,0.,0.));
#2953=DIRECTION('center_axis',(0.,0.,1.));
#2954=DIRECTION('ref_axis',(1.,0.,0.));
#2955=DIRECTION('',(0.70297798593361,-0.076308551451721,0.707106043156234));
#2956=DIRECTION('center_axis',(0.,0.,1.));
#2957=DIRECTION('ref_axis',(1.,0.,0.));
#2958=DIRECTION('',(-0.686682287661245,0.168726048801759,-0.707106043156234));
#2959=DIRECTION('center_axis',(0.,0.,1.));
#2960=DIRECTION('ref_axis',(1.,0.,0.));
#2961=DIRECTION('',(0.634484164252261,-0.312139214205849,0.707106043156234));
#2962=DIRECTION('center_axis',(0.,0.,1.));
#2963=DIRECTION('ref_axis',(1.,0.,0.));
#2964=DIRECTION('',(-0.587562571145707,0.393409797438473,-0.707106043156234));
#2965=DIRECTION('center_axis',(0.,0.,1.));
#2966=DIRECTION('ref_axis',(1.,0.,0.));
#2967=DIRECTION('center_axis',(0.,0.,-1.));
#2968=DIRECTION('ref_axis',(-1.,0.,0.));
#2969=DIRECTION('center_axis',(0.,0.,1.));
#2970=DIRECTION('ref_axis',(1.,0.,0.));
#2971=DIRECTION('',(1.,-6.77166706700513E-17,0.));
#2972=DIRECTION('center_axis',(0.,0.,1.));
#2973=DIRECTION('ref_axis',(1.,0.,0.));
#2974=DIRECTION('',(-1.,0.,0.));
#2975=DIRECTION('center_axis',(0.,0.,1.));
#2976=DIRECTION('ref_axis',(1.,0.,0.));
#2977=DIRECTION('',(-0.643859140511996,0.159612702943347,0.748310892770026));
#2978=DIRECTION('',(-0.722514563647362,0.233796168885529,0.650624359159654));
#2979=DIRECTION('center_axis',(0.239555354508439,0.970882223989841,-0.000969157817724443));
#2980=DIRECTION('ref_axis',(0.000333383754748733,0.000915964338185141,0.999999524932189));
#2981=DIRECTION('',(-0.615951281634777,0.152751200159983,0.772833157610465));
#2982=DIRECTION('',(0.970882679948919,-0.239555467011723,0.));
#2983=DIRECTION('',(-0.659620442701961,-0.0702259163798988,0.748310892770026));
#2984=DIRECTION('',(-0.758904603060998,-0.0274179999438071,0.650624359159654));
#2985=DIRECTION('center_axis',(-0.106952878500018,0.994263618218873,-0.000969157817724443));
#2986=DIRECTION('ref_axis',(0.,0.000974748889077236,0.999999524932189));
#2987=DIRECTION('',(-0.631048861487707,-0.0671285700198292,0.772833157610465));
#2988=DIRECTION('',(0.994264085158643,0.106952928728701,0.));
#2989=DIRECTION('center_axis',(0.557169676302682,0.830398104852058,-0.000969157817724443));
#2990=DIRECTION('ref_axis',(0.000626556508454567,0.000746700969914014,0.999999524932189));
#2991=DIRECTION('',(-0.526560886743937,0.354206921232882,0.772833157610465));
#2992=DIRECTION('',(0.830398494835049,-0.557169937968377,0.));
#2993=DIRECTION('',(-0.550438923627399,0.370199674659011,0.748310892770026));
#2994=DIRECTION('',(-0.595821784541137,-0.291594253763585,0.748310892770026));
#2995=DIRECTION('',(-0.703759547106394,-0.285325153333336,0.650624359159654));
#2996=DIRECTION('center_axis',(-0.440561015904995,0.897722146322504,-0.000969157817724443));
#2997=DIRECTION('ref_axis',(-0.000333383754748733,0.000915964338185141,
0.999999524932189));
#2998=DIRECTION('',(-0.570032635355918,-0.278911643943069,0.772833157610465));
#2999=DIRECTION('',(0.897722567923138,0.440561222807326,0.));
#3000=DIRECTION('center_axis',(0.807581112186167,0.589755718898322,-0.000969157817724443));
#3001=DIRECTION('ref_axis',(0.000844157300251547,0.000487374444538618,0.999999524932189));
#3002=DIRECTION('',(-0.373659477700748,0.512940060067687,0.772833157610465));
#3003=DIRECTION('',(0.589755995867523,-0.807581491453529,0.));
#3004=DIRECTION('',(-0.390627648940015,0.536135102045486,0.748310892770025));
#3005=DIRECTION('',(-0.460158225771635,-0.47779202067053,0.748310892770026));
#3006=DIRECTION('',(-0.563730703386026,-0.508817882280081,0.650624359159654));
#3007=DIRECTION('center_axis',(-0.721030992803717,0.692902134611816,-0.000969157817724443));
#3008=DIRECTION('ref_axis',(-0.000626556508454567,0.000746700969914014,
0.999999524932189));
#3009=DIRECTION('',(-0.440262060614494,-0.457053857309309,0.772833157610465));
#3010=DIRECTION('',(0.692902460022056,0.721031331424219,0.));
#3011=DIRECTION('center_axis',(0.960586347312156,0.277980089378026,-0.000969157817724443));
#3012=DIRECTION('ref_axis',(0.000959940263203299,0.000169263368271127,0.999999524932189));
#3013=DIRECTION('',(-0.175689221020282,0.609805057469291,0.772833157610465));
#3014=DIRECTION('',(0.277980219926863,-0.960586798435942,0.));
#3015=DIRECTION('',(-0.183700914740361,0.637404723613876,0.748310892770026));
#3016=DIRECTION('',(-0.268992793761946,-0.606361018425385,0.748310892770026));
#3017=DIRECTION('',(-0.355707617058202,-0.670939665271673,0.650624359159654));
#3018=DIRECTION('center_axis',(-0.914533990686185,0.404507899320551,-0.000969157817724443));
#3019=DIRECTION('ref_axis',(-0.000844157300251547,0.000487374444538618,
0.999999524932189));
#3020=DIRECTION('',(-0.257389383786959,-0.580068630087517,0.772833157610465));
#3021=DIRECTION('',(0.40450808929112,0.91453442018223,0.));
#3022=DIRECTION('center_axis',(0.997730692207677,-0.0673240414704458,-0.000969157817724443));
#3023=DIRECTION('ref_axis',(0.000959940263203299,-0.000169263368271127,
0.999999524932189));
#3024=DIRECTION('',(0.0434717486119808,0.633118565175951,0.772833157610465));
#3025=DIRECTION('',(-0.0673240730880891,-0.997731160775702,0.));
#3026=DIRECTION('',(0.0453828609137379,0.661793928422596,0.748310892770026));
#3027=DIRECTION('',(-0.045382860913738,-0.661793928422596,0.748310892770026));
#3028=DIRECTION('',(-0.104780942427838,-0.752136222616637,0.650624359159654));
#3029=DIRECTION('center_axis',(-0.997730692207677,0.0673240414704459,-0.000969157817724443));
#3030=DIRECTION('ref_axis',(-0.000959940263203299,0.000169263368271127,
0.999999524932189));
#3031=DIRECTION('',(-0.0434717486119808,-0.633118565175951,0.772833157610465));
#3032=DIRECTION('',(0.0673240730880892,0.997731160775702,0.));
#3033=DIRECTION('center_axis',(0.914533990686185,-0.404507899320551,-0.000969157817724443));
#3034=DIRECTION('ref_axis',(0.000844157300251546,-0.000487374444538619,
0.999999524932189));
#3035=DIRECTION('',(0.257389383786959,0.580068630087517,0.772833157610465));
#3036=DIRECTION('',(-0.40450808929112,-0.91453442018223,0.));
#3037=DIRECTION('',(0.268992793761947,0.606361018425385,0.748310892770026));
#3038=DIRECTION('',(0.183700914740361,-0.637404723613876,0.748310892770026));
#3039=DIRECTION('',(0.158783860261337,-0.742614051165609,0.650624359159654));
#3040=DIRECTION('center_axis',(-0.960586347312156,-0.277980089378026,-0.000969157817724443));
#3041=DIRECTION('ref_axis',(-0.000959940263203299,-0.000169263368271127,
0.999999524932189));
#3042=DIRECTION('',(0.175689221020282,-0.609805057469291,0.772833157610465));
#3043=DIRECTION('',(-0.277980219926863,0.960586798435942,0.));
#3044=DIRECTION('center_axis',(0.721030992803717,-0.692902134611816,-0.000969157817724443));
#3045=DIRECTION('ref_axis',(0.000626556508454567,-0.000746700969914014,
0.999999524932189));
#3046=DIRECTION('',(0.440262060614494,0.457053857309309,0.772833157610465));
#3047=DIRECTION('',(-0.692902460022056,-0.721031331424219,0.));
#3048=DIRECTION('',(0.460158225771635,0.47779202067053,0.748310892770026));
#3049=DIRECTION('',(0.390627648940014,-0.536135102045486,0.748310892770026));
#3050=DIRECTION('',(0.403196986002796,-0.643521665327866,0.650624359159654));
#3051=DIRECTION('center_axis',(-0.807581112186168,-0.589755718898322,-0.000969157817724443));
#3052=DIRECTION('ref_axis',(-0.000844157300251547,-0.000487374444538618,
0.999999524932189));
#3053=DIRECTION('',(0.373659477700748,-0.512940060067687,0.772833157610465));
#3054=DIRECTION('',(-0.589755995867523,0.807581491453529,0.));
#3055=DIRECTION('center_axis',(0.440561015904995,-0.897722146322504,-0.000969157817724443));
#3056=DIRECTION('ref_axis',(0.000333383754748733,-0.000915964338185141,
0.999999524932189));
#3057=DIRECTION('',(0.570032635355918,0.278911643943069,0.772833157610465));
#3058=DIRECTION('',(-0.897722567923139,-0.440561222807325,0.));
#3059=DIRECTION('',(0.595821784541137,0.291594253763585,0.748310892770026));
#3060=DIRECTION('',(0.550438923627399,-0.370199674659011,0.748310892770026));
#3061=DIRECTION('',(0.598978604678556,-0.466811069283301,0.650624359159654));
#3062=DIRECTION('center_axis',(-0.557169676302682,-0.830398104852058,-0.000969157817724443));
#3063=DIRECTION('ref_axis',(-0.000626556508454567,-0.000746700969914014,
0.999999524932189));
#3064=DIRECTION('',(0.526560886743937,-0.354206921232882,0.772833157610465));
#3065=DIRECTION('',(-0.830398494835049,0.557169937968377,0.));
#3066=DIRECTION('center_axis',(0.106952878500018,-0.994263618218873,-0.000969157817724443));
#3067=DIRECTION('ref_axis',(-1.19372310698088E-19,-0.000974748889077236,
0.999999524932189));
#3068=DIRECTION('',(0.631048861487707,0.0671285700198292,0.772833157610465));
#3069=DIRECTION('',(-0.994264085158643,-0.106952928728701,0.));
#3070=DIRECTION('',(0.659620442701961,0.0702259163798988,0.748310892770026));
#3071=DIRECTION('',(0.643859140511996,-0.159612702943347,0.748310892770026));
#3072=DIRECTION('',(0.722514563647363,-0.233796168885528,0.650624359159654));
#3073=DIRECTION('center_axis',(-0.239555354508439,-0.970882223989842,-0.000969157817724443));
#3074=DIRECTION('ref_axis',(-0.000333383754748733,-0.000915964338185141,
0.999999524932189));
#3075=DIRECTION('',(0.615951281634777,-0.152751200159982,0.772833157610465));
#3076=DIRECTION('',(-0.970882679948919,0.239555467011723,0.));
#3077=DIRECTION('center_axis',(-0.440561015904996,-0.897722146322504,-0.000969157817724184));
#3078=DIRECTION('ref_axis',(0.000333383754748644,0.000915964338184896,-0.999999524932189));
#3079=DIRECTION('',(-0.595821784541143,0.291594253763588,0.74831089277002));
#3080=DIRECTION('',(-0.897722567923138,0.440561222807326,0.));
#3081=DIRECTION('',(0.570032635355918,-0.27891164394307,-0.772833157610465));
#3082=DIRECTION('center_axis',(0.,0.,1.));
#3083=DIRECTION('ref_axis',(1.,0.,0.));
#3084=DIRECTION('',(0.,0.,1.));
#3085=DIRECTION('center_axis',(-0.65086904949144,-1.06466478506974E-14,
0.759190016013191));
#3086=DIRECTION('ref_axis',(0.759190016013191,0.,0.65086904949144));
#3087=DIRECTION('center_axis',(-0.611616842905048,0.222610325593294,0.759190016013191));
#3088=DIRECTION('ref_axis',(0.713405255821936,-0.259658278088237,0.65086904949144));
#3089=DIRECTION('center_axis',(-0.498594618561055,0.418370560541544,0.759190016013191));
#3090=DIRECTION('ref_axis',(0.581573293038321,-0.487997935690995,0.65086904949144));
#3091=DIRECTION('center_axis',(-0.325434524745729,0.563669131396612,0.759190016013191));
#3092=DIRECTION('ref_axis',(0.379595008006606,-0.657477840166932,0.65086904949144));
#3093=DIRECTION('center_axis',(-0.113022224344006,0.640980886134854,0.759190016013191));
#3094=DIRECTION('ref_axis',(0.131831962783631,-0.747656213779251,0.65086904949144));
#3095=DIRECTION('center_axis',(0.113022224343985,0.640980886134858,0.759190016013191));
#3096=DIRECTION('ref_axis',(0.131831962783606,0.747656213779256,-0.65086904949144));
#3097=DIRECTION('center_axis',(0.325434524745711,0.563669131396623,0.759190016013191));
#3098=DIRECTION('ref_axis',(0.379595008006585,0.657477840166945,-0.65086904949144));
#3099=DIRECTION('center_axis',(0.498594618561042,0.418370560541561,0.759190016013191));
#3100=DIRECTION('ref_axis',(0.581573293038305,0.487997935691014,-0.65086904949144));
#3101=DIRECTION('center_axis',(0.61161684290504,0.222610325593314,0.759190016013191));
#3102=DIRECTION('ref_axis',(0.713405255821927,0.25965827808826,-0.65086904949144));
#3103=DIRECTION('center_axis',(0.65086904949144,1.07263563205098E-14,0.759190016013191));
#3104=DIRECTION('ref_axis',(0.759190016013191,0.,-0.65086904949144));
#3105=DIRECTION('center_axis',(0.611616842905047,-0.222610325593294,0.759190016013191));
#3106=DIRECTION('ref_axis',(0.713405255821936,-0.259658278088237,-0.65086904949144));
#3107=DIRECTION('center_axis',(0.498594618561055,-0.418370560541544,0.759190016013191));
#3108=DIRECTION('ref_axis',(0.581573293038321,-0.487997935690996,-0.65086904949144));
#3109=DIRECTION('center_axis',(0.325434524745729,-0.563669131396612,0.759190016013191));
#3110=DIRECTION('ref_axis',(0.379595008006606,-0.657477840166932,-0.65086904949144));
#3111=DIRECTION('center_axis',(0.113022224344006,-0.640980886134854,0.759190016013191));
#3112=DIRECTION('ref_axis',(0.13183196278363,-0.747656213779251,-0.65086904949144));
#3113=DIRECTION('center_axis',(-0.113022224343985,-0.640980886134858,0.759190016013191));
#3114=DIRECTION('ref_axis',(0.131831962783606,0.747656213779256,0.65086904949144));
#3115=DIRECTION('center_axis',(-0.325434524745711,-0.563669131396623,0.759190016013191));
#3116=DIRECTION('ref_axis',(0.379595008006585,0.657477840166945,0.65086904949144));
#3117=DIRECTION('center_axis',(-0.498594618561042,-0.418370560541561,0.759190016013191));
#3118=DIRECTION('ref_axis',(0.581573293038305,0.487997935691014,0.65086904949144));
#3119=DIRECTION('center_axis',(-0.61161684290504,-0.222610325593314,0.759190016013191));
#3120=DIRECTION('ref_axis',(0.713405255821927,0.25965827808826,0.65086904949144));
#3121=DIRECTION('center_axis',(-0.65086904949144,-1.06466478506974E-14,
0.759190016013191));
#3122=DIRECTION('ref_axis',(0.759190016013191,0.,0.65086904949144));
#3123=DIRECTION('center_axis',(0.611616842905047,-0.222610325593294,0.759190016013191));
#3124=DIRECTION('ref_axis',(0.713405255821931,-0.259658278088249,-0.65086904949144));
#3125=DIRECTION('',(-0.342020143325654,-0.939692620785914,0.));
#3126=DIRECTION('',(-0.703759547106395,0.285325153333336,0.650624359159654));
#3127=DIRECTION('center_axis',(0.,0.,-1.));
#3128=DIRECTION('ref_axis',(1.,0.,0.));
#3129=DIRECTION('center_axis',(0.,0.,-1.));
#3130=DIRECTION('ref_axis',(1.,0.,0.));
#3131=DIRECTION('center_axis',(0.,0.,-1.));
#3132=DIRECTION('ref_axis',(1.,0.,0.));
#3133=DIRECTION('',(-0.631048861487707,0.0671285700198293,0.772833157610465));
#3134=DIRECTION('center_axis',(0.,0.,-1.));
#3135=DIRECTION('ref_axis',(1.,0.,0.));
#3136=DIRECTION('center_axis',(-0.721030992803717,-0.692902134611816,-0.000969157817724184));
#3137=DIRECTION('ref_axis',(0.000626556508454399,0.000746700969913814,-0.999999524932189));
#3138=DIRECTION('',(-0.46015822577164,0.477792020670535,0.74831089277002));
#3139=DIRECTION('',(-0.692902460022056,0.721031331424219,0.));
#3140=DIRECTION('',(0.440262060614494,-0.457053857309309,-0.772833157610465));
#3141=DIRECTION('center_axis',(0.498594618561055,-0.418370560541544,0.759190016013191));
#3142=DIRECTION('ref_axis',(0.581573293038313,-0.487997935691005,-0.65086904949144));
#3143=DIRECTION('',(-0.598978604678556,0.466811069283301,0.650624359159654));
#3144=DIRECTION('',(-0.642787609686527,-0.766044443118988,0.));
#3145=DIRECTION('',(-0.563730703386026,0.508817882280081,0.650624359159654));
#3146=DIRECTION('center_axis',(0.,0.,-1.));
#3147=DIRECTION('ref_axis',(1.,0.,0.));
#3148=DIRECTION('center_axis',(0.,0.,-1.));
#3149=DIRECTION('ref_axis',(1.,0.,0.));
#3150=DIRECTION('center_axis',(-0.914533990686185,-0.404507899320551,-0.000969157817724184));
#3151=DIRECTION('ref_axis',(0.000844157300251321,0.000487374444538488,-0.999999524932189));
#3152=DIRECTION('',(-0.268992793761949,0.606361018425391,0.74831089277002));
#3153=DIRECTION('',(-0.40450808929112,0.91453442018223,0.));
#3154=DIRECTION('',(0.257389383786959,-0.580068630087517,-0.772833157610465));
#3155=DIRECTION('center_axis',(0.325434524745729,-0.563669131396612,0.759190016013191));
#3156=DIRECTION('ref_axis',(0.379595008006596,-0.657477840166939,-0.65086904949144));
#3157=DIRECTION('',(-0.403196986002796,0.643521665327866,0.650624359159654));
#3158=DIRECTION('',(-0.86602540378443,-0.500000000000014,0.));
#3159=DIRECTION('',(-0.355707617058202,0.670939665271673,0.650624359159654));
#3160=DIRECTION('center_axis',(0.,0.,-1.));
#3161=DIRECTION('ref_axis',(1.,0.,0.));
#3162=DIRECTION('center_axis',(0.,0.,-1.));
#3163=DIRECTION('ref_axis',(1.,0.,0.));
#3164=DIRECTION('center_axis',(-0.997730692207677,-0.0673240414704456,-0.000969157817724184));
#3165=DIRECTION('ref_axis',(0.000959940263203042,0.000169263368271081,-0.999999524932189));
#3166=DIRECTION('',(-0.0453828609137381,0.661793928422602,0.74831089277002));
#3167=DIRECTION('',(-0.067324073088089,0.997731160775702,0.));
#3168=DIRECTION('',(0.0434717486119805,-0.633118565175952,-0.772833157610465));
#3169=DIRECTION('center_axis',(0.113022224344006,-0.640980886134854,0.759190016013191));
#3170=DIRECTION('ref_axis',(0.131831962783618,-0.747656213779253,-0.65086904949144));
#3171=DIRECTION('',(-0.158783860261337,0.742614051165609,0.650624359159654));
#3172=DIRECTION('',(-0.984807753012205,-0.173648177666946,0.));
#3173=DIRECTION('',(-0.104780942427838,0.752136222616637,0.650624359159654));
#3174=DIRECTION('center_axis',(0.,0.,-1.));
#3175=DIRECTION('ref_axis',(1.,0.,0.));
#3176=DIRECTION('center_axis',(0.,0.,-1.));
#3177=DIRECTION('ref_axis',(1.,0.,0.));
#3178=DIRECTION('center_axis',(-0.960586347312156,0.277980089378026,-0.000969157817724184));
#3179=DIRECTION('ref_axis',(0.000959940263203042,-0.000169263368271082,
-0.999999524932189));
#3180=DIRECTION('',(0.183700914740363,0.637404723613883,0.74831089277002));
#3181=DIRECTION('',(0.277980219926863,0.960586798435942,0.));
#3182=DIRECTION('',(-0.175689221020282,-0.609805057469291,-0.772833157610465));
#3183=DIRECTION('center_axis',(-0.113022224343985,-0.640980886134858,0.759190016013191));
#3184=DIRECTION('ref_axis',(-0.131831962783618,-0.747656213779253,-0.65086904949144));
#3185=DIRECTION('',(0.104780942427838,0.752136222616637,0.650624359159654));
#3186=DIRECTION('',(-0.984807753012211,0.173648177666914,0.));
#3187=DIRECTION('',(0.158783860261337,0.742614051165609,0.650624359159654));
#3188=DIRECTION('center_axis',(0.,0.,-1.));
#3189=DIRECTION('ref_axis',(1.,0.,0.));
#3190=DIRECTION('center_axis',(0.,0.,-1.));
#3191=DIRECTION('ref_axis',(1.,0.,0.));
#3192=DIRECTION('center_axis',(-0.807581112186167,0.589755718898323,-0.000969157817724184));
#3193=DIRECTION('ref_axis',(0.00084415730025132,-0.000487374444538488,-0.999999524932189));
#3194=DIRECTION('',(0.390627648940019,0.536135102045491,0.74831089277002));
#3195=DIRECTION('',(0.589755995867523,0.807581491453529,0.));
#3196=DIRECTION('',(-0.373659477700749,-0.512940060067687,-0.772833157610465));
#3197=DIRECTION('center_axis',(-0.325434524745711,-0.563669131396623,0.759190016013191));
#3198=DIRECTION('ref_axis',(-0.379595008006596,-0.657477840166938,-0.65086904949144));
#3199=DIRECTION('',(0.355707617058202,0.670939665271673,0.650624359159654));
#3200=DIRECTION('',(-0.866025403784447,0.499999999999986,0.));
#3201=DIRECTION('',(0.403196986002796,0.643521665327867,0.650624359159654));
#3202=DIRECTION('center_axis',(0.,0.,-1.));
#3203=DIRECTION('ref_axis',(1.,0.,0.));
#3204=DIRECTION('center_axis',(0.,0.,-1.));
#3205=DIRECTION('ref_axis',(1.,0.,0.));
#3206=DIRECTION('center_axis',(-0.557169676302682,0.830398104852058,-0.000969157817724184));
#3207=DIRECTION('ref_axis',(0.000626556508454399,-0.000746700969913814,
-0.999999524932189));
#3208=DIRECTION('',(0.550438923627405,0.370199674659014,0.74831089277002));
#3209=DIRECTION('',(0.830398494835049,0.557169937968377,0.));
#3210=DIRECTION('',(-0.526560886743938,-0.354206921232882,-0.772833157610465));
#3211=DIRECTION('center_axis',(-0.498594618561042,-0.418370560541561,0.759190016013191));
#3212=DIRECTION('ref_axis',(-0.581573293038313,-0.487997935691005,-0.65086904949144));
#3213=DIRECTION('',(0.563730703386026,0.508817882280081,0.650624359159654));
#3214=DIRECTION('',(-0.642787609686552,0.766044443118967,0.));
#3215=DIRECTION('',(0.598978604678557,0.466811069283301,0.650624359159654));
#3216=DIRECTION('center_axis',(0.,0.,-1.));
#3217=DIRECTION('ref_axis',(1.,0.,0.));
#3218=DIRECTION('center_axis',(0.,0.,-1.));
#3219=DIRECTION('ref_axis',(1.,0.,0.));
#3220=DIRECTION('center_axis',(-0.239555354508439,0.970882223989842,-0.000969157817724184));
#3221=DIRECTION('ref_axis',(0.000333383754748643,-0.000915964338184896,
-0.999999524932189));
#3222=DIRECTION('',(0.643859140512002,0.159612702943348,0.74831089277002));
#3223=DIRECTION('',(0.970882679948919,0.239555467011723,0.));
#3224=DIRECTION('',(-0.615951281634777,-0.152751200159982,-0.772833157610465));
#3225=DIRECTION('center_axis',(-0.61161684290504,-0.222610325593314,0.759190016013191));
#3226=DIRECTION('ref_axis',(-0.713405255821932,-0.259658278088248,-0.65086904949144));
#3227=DIRECTION('',(0.703759547106394,0.285325153333336,0.650624359159654));
#3228=DIRECTION('',(-0.342020143325684,0.939692620785903,0.));
#3229=DIRECTION('',(0.722514563647363,0.233796168885529,0.650624359159654));
#3230=DIRECTION('center_axis',(0.,0.,-1.));
#3231=DIRECTION('ref_axis',(1.,0.,0.));
#3232=DIRECTION('center_axis',(0.,0.,-1.));
#3233=DIRECTION('ref_axis',(1.,0.,0.));
#3234=DIRECTION('center_axis',(0.106952878500018,0.994263618218873,-0.000969157817724184));
#3235=DIRECTION('ref_axis',(-1.19372310698056E-19,-0.000974748889076976,
-0.999999524932189));
#3236=DIRECTION('',(0.659620442701967,-0.0702259163798996,0.74831089277002));
#3237=DIRECTION('',(0.994264085158643,-0.106952928728701,0.));
#3238=DIRECTION('',(-0.631048861487707,0.0671285700198293,-0.772833157610465));
#3239=DIRECTION('center_axis',(-0.65086904949144,-1.06466478506974E-14,
0.759190016013191));
#3240=DIRECTION('ref_axis',(-0.759190016013191,9.29739623055183E-17,-0.65086904949144));
#3241=DIRECTION('',(0.758904603060998,0.0274179999438071,0.650624359159654));
#3242=DIRECTION('',(-1.63575881492847E-14,1.,0.));
#3243=DIRECTION('',(0.758904603060998,-0.0274179999438067,0.650624359159654));
#3244=DIRECTION('center_axis',(0.,0.,-1.));
#3245=DIRECTION('ref_axis',(1.,0.,0.));
#3246=DIRECTION('center_axis',(0.,0.,-1.));
#3247=DIRECTION('ref_axis',(1.,0.,0.));
#3248=DIRECTION('center_axis',(0.440561015904995,0.897722146322504,-0.000969157817724184));
#3249=DIRECTION('ref_axis',(-0.000333383754748644,-0.000915964338184896,
-0.999999524932189));
#3250=DIRECTION('',(0.595821784541143,-0.291594253763588,0.74831089277002));
#3251=DIRECTION('',(0.897722567923138,-0.440561222807325,0.));
#3252=DIRECTION('',(-0.570032635355918,0.27891164394307,-0.772833157610465));
#3253=DIRECTION('center_axis',(-0.611616842905048,0.222610325593294,0.759190016013191));
#3254=DIRECTION('ref_axis',(-0.713405255821931,0.259658278088249,-0.65086904949144));
#3255=DIRECTION('',(0.342020143325653,0.939692620785914,0.));
#3256=DIRECTION('',(0.703759547106395,-0.285325153333336,0.650624359159654));
#3257=DIRECTION('center_axis',(0.,0.,-1.));
#3258=DIRECTION('ref_axis',(1.,0.,0.));
#3259=DIRECTION('center_axis',(0.,0.,-1.));
#3260=DIRECTION('ref_axis',(1.,0.,0.));
#3261=DIRECTION('center_axis',(0.721030992803717,0.692902134611816,-0.000969157817724184));
#3262=DIRECTION('ref_axis',(-0.000626556508454399,-0.000746700969913814,
-0.999999524932189));
#3263=DIRECTION('',(0.46015822577164,-0.477792020670535,0.74831089277002));
#3264=DIRECTION('',(0.692902460022056,-0.721031331424219,0.));
#3265=DIRECTION('',(-0.440262060614494,0.457053857309309,-0.772833157610465));
#3266=DIRECTION('center_axis',(-0.498594618561055,0.418370560541544,0.759190016013191));
#3267=DIRECTION('ref_axis',(-0.581573293038313,0.487997935691005,-0.65086904949144));
#3268=DIRECTION('',(0.642787609686527,0.766044443118988,0.));
#3269=DIRECTION('',(0.563730703386026,-0.508817882280081,0.650624359159654));
#3270=DIRECTION('center_axis',(0.,0.,-1.));
#3271=DIRECTION('ref_axis',(1.,0.,0.));
#3272=DIRECTION('center_axis',(0.,0.,-1.));
#3273=DIRECTION('ref_axis',(1.,0.,0.));
#3274=DIRECTION('center_axis',(0.914533990686185,0.404507899320551,-0.000969157817724184));
#3275=DIRECTION('ref_axis',(-0.000844157300251321,-0.000487374444538488,
-0.999999524932189));
#3276=DIRECTION('',(0.268992793761949,-0.606361018425391,0.74831089277002));
#3277=DIRECTION('',(0.40450808929112,-0.91453442018223,0.));
#3278=DIRECTION('',(-0.257389383786959,0.580068630087517,-0.772833157610465));
#3279=DIRECTION('center_axis',(-0.325434524745729,0.563669131396612,0.759190016013191));
#3280=DIRECTION('ref_axis',(-0.379595008006596,0.657477840166939,-0.65086904949144));
#3281=DIRECTION('',(0.866025403784431,0.500000000000014,0.));
#3282=DIRECTION('',(0.355707617058202,-0.670939665271673,0.650624359159654));
#3283=DIRECTION('center_axis',(0.,0.,-1.));
#3284=DIRECTION('ref_axis',(1.,0.,0.));
#3285=DIRECTION('center_axis',(0.,0.,-1.));
#3286=DIRECTION('ref_axis',(1.,0.,0.));
#3287=DIRECTION('center_axis',(0.997730692207677,0.067324041470446,-0.000969157817724184));
#3288=DIRECTION('ref_axis',(-0.000959940263203042,-0.000169263368271082,
-0.999999524932189));
#3289=DIRECTION('',(0.0453828609137384,-0.661793928422602,0.74831089277002));
#3290=DIRECTION('',(0.0673240730880893,-0.997731160775702,0.));
#3291=DIRECTION('',(-0.0434717486119807,0.633118565175952,-0.772833157610465));
#3292=DIRECTION('center_axis',(-0.113022224344006,0.640980886134854,0.759190016013191));
#3293=DIRECTION('ref_axis',(-0.131831962783618,0.747656213779253,-0.65086904949144));
#3294=DIRECTION('',(0.984807753012205,0.173648177666947,0.));
#3295=DIRECTION('',(0.104780942427838,-0.752136222616637,0.650624359159654));
#3296=DIRECTION('center_axis',(0.,0.,-1.));
#3297=DIRECTION('ref_axis',(1.,0.,0.));
#3298=DIRECTION('center_axis',(0.,0.,-1.));
#3299=DIRECTION('ref_axis',(1.,0.,0.));
#3300=DIRECTION('center_axis',(0.960586347312156,-0.277980089378026,-0.000969157817724184));
#3301=DIRECTION('ref_axis',(-0.000959940263203042,0.000169263368271082,
-0.999999524932189));
#3302=DIRECTION('',(-0.183700914740363,-0.637404723613883,0.74831089277002));
#3303=DIRECTION('',(-0.277980219926863,-0.960586798435942,0.));
#3304=DIRECTION('',(0.175689221020282,0.609805057469291,-0.772833157610465));
#3305=DIRECTION('center_axis',(0.113022224343985,0.640980886134858,0.759190016013191));
#3306=DIRECTION('ref_axis',(0.131831962783618,0.747656213779253,-0.65086904949144));
#3307=DIRECTION('',(0.984807753012211,-0.173648177666914,0.));
#3308=DIRECTION('',(-0.158783860261337,-0.742614051165609,0.650624359159654));
#3309=DIRECTION('center_axis',(0.,0.,-1.));
#3310=DIRECTION('ref_axis',(1.,0.,0.));
#3311=DIRECTION('center_axis',(0.,0.,-1.));
#3312=DIRECTION('ref_axis',(1.,0.,0.));
#3313=DIRECTION('center_axis',(0.807581112186168,-0.589755718898322,-0.000969157817724184));
#3314=DIRECTION('ref_axis',(-0.000844157300251321,0.000487374444538488,
-0.999999524932189));
#3315=DIRECTION('',(-0.390627648940018,-0.536135102045492,0.74831089277002));
#3316=DIRECTION('',(-0.589755995867523,-0.807581491453529,0.));
#3317=DIRECTION('',(0.373659477700748,0.512940060067687,-0.772833157610465));
#3318=DIRECTION('center_axis',(0.325434524745711,0.563669131396623,0.759190016013191));
#3319=DIRECTION('ref_axis',(0.379595008006596,0.657477840166939,-0.65086904949144));
#3320=DIRECTION('',(0.866025403784447,-0.499999999999986,0.));
#3321=DIRECTION('',(-0.403196986002796,-0.643521665327867,0.650624359159654));
#3322=DIRECTION('center_axis',(0.,0.,-1.));
#3323=DIRECTION('ref_axis',(1.,0.,0.));
#3324=DIRECTION('center_axis',(0.,0.,-1.));
#3325=DIRECTION('ref_axis',(1.,0.,0.));
#3326=DIRECTION('center_axis',(0.557169676302682,-0.830398104852058,-0.000969157817724184));
#3327=DIRECTION('ref_axis',(-0.000626556508454399,0.000746700969913814,
-0.999999524932189));
#3328=DIRECTION('',(-0.550438923627405,-0.370199674659014,0.74831089277002));
#3329=DIRECTION('',(-0.830398494835049,-0.557169937968377,0.));
#3330=DIRECTION('',(0.526560886743938,0.354206921232882,-0.772833157610465));
#3331=DIRECTION('center_axis',(0.498594618561042,0.418370560541561,0.759190016013191));
#3332=DIRECTION('ref_axis',(0.581573293038313,0.487997935691005,-0.65086904949144));
#3333=DIRECTION('',(0.642787609686552,-0.766044443118967,0.));
#3334=DIRECTION('',(-0.598978604678557,-0.466811069283301,0.650624359159654));
#3335=DIRECTION('center_axis',(0.,0.,-1.));
#3336=DIRECTION('ref_axis',(1.,0.,0.));
#3337=DIRECTION('center_axis',(0.,0.,-1.));
#3338=DIRECTION('ref_axis',(1.,0.,0.));
#3339=DIRECTION('center_axis',(0.239555354508439,-0.970882223989842,-0.000969157817724184));
#3340=DIRECTION('ref_axis',(-0.000333383754748644,0.000915964338184896,
-0.999999524932189));
#3341=DIRECTION('',(-0.643859140512002,-0.159612702943348,0.74831089277002));
#3342=DIRECTION('',(-0.970882679948919,-0.239555467011723,0.));
#3343=DIRECTION('',(0.615951281634777,0.152751200159982,-0.772833157610465));
#3344=DIRECTION('center_axis',(0.61161684290504,0.222610325593314,0.759190016013191));
#3345=DIRECTION('ref_axis',(0.713405255821932,0.259658278088248,-0.65086904949144));
#3346=DIRECTION('',(0.342020143325684,-0.939692620785903,0.));
#3347=DIRECTION('',(-0.722514563647363,-0.233796168885529,0.650624359159654));
#3348=DIRECTION('center_axis',(0.,0.,-1.));
#3349=DIRECTION('ref_axis',(1.,0.,0.));
#3350=DIRECTION('center_axis',(0.,0.,-1.));
#3351=DIRECTION('ref_axis',(1.,0.,0.));
#3352=DIRECTION('center_axis',(0.65086904949144,1.07263563205098E-14,0.759190016013191));
#3353=DIRECTION('ref_axis',(0.759190016013191,0.,-0.65086904949144));
#3354=DIRECTION('',(1.64800528291995E-14,-1.,0.));
#3355=DIRECTION('',(-0.758904603060998,0.0274179999438066,0.650624359159654));
#3356=DIRECTION('center_axis',(-0.106952878500017,-0.994263618218873,-0.000969157817724184));
#3357=DIRECTION('ref_axis',(0.,0.000974748889076976,-0.999999524932189));
#3358=DIRECTION('',(-0.659620442701967,0.0702259163798996,0.74831089277002));
#3359=DIRECTION('',(-0.994264085158643,0.106952928728701,0.));
#3360=DIRECTION('center_axis',(0.,1.,0.));
#3361=DIRECTION('ref_axis',(-1.,0.,0.));
#3362=DIRECTION('',(0.,0.,1.));
#3363=DIRECTION('',(-1.,0.,0.));
#3364=DIRECTION('',(0.,0.,1.));
#3365=DIRECTION('center_axis',(0.,0.,1.));
#3366=DIRECTION('ref_axis',(-1.,1.22464679914735E-16,0.));
#3367=DIRECTION('center_axis',(0.,0.,1.));
#3368=DIRECTION('ref_axis',(1.,0.,0.));
#3369=DIRECTION('',(0.,0.,1.));
#3370=DIRECTION('center_axis',(-6.77166706700513E-17,-1.,0.));
#3371=DIRECTION('ref_axis',(1.,-6.77166706700513E-17,0.));
#3372=DIRECTION('',(1.,-6.77166706700513E-17,0.));
#3373=DIRECTION('',(0.,0.,1.));
#3374=DIRECTION('center_axis',(0.,0.,1.));
#3375=DIRECTION('ref_axis',(1.,0.,0.));
#3376=DIRECTION('center_axis',(0.,0.,1.));
#3377=DIRECTION('ref_axis',(1.,0.,0.));
#3378=DIRECTION('center_axis',(0.,0.,-1.));
#3379=DIRECTION('ref_axis',(1.,0.,0.));
#3380=DIRECTION('center_axis',(0.,0.,1.));
#3381=DIRECTION('ref_axis',(1.,0.,0.));
#3382=DIRECTION('center_axis',(0.,0.,1.));
#3383=DIRECTION('ref_axis',(1.,0.,0.));
#3384=DIRECTION('',(0.,0.,-1.));
#3385=DIRECTION('center_axis',(0.,0.,-1.));
#3386=DIRECTION('ref_axis',(1.,0.,0.));
#3387=DIRECTION('center_axis',(0.,0.,1.));
#3388=DIRECTION('ref_axis',(1.,0.,0.));
#3389=DIRECTION('center_axis',(0.,0.,-1.));
#3390=DIRECTION('ref_axis',(-1.,0.,0.));
#3391=DIRECTION('',(0.,0.,1.));
#3392=DIRECTION('',(1.,0.,0.));
#3393=CARTESIAN_POINT('',(0.,0.,0.));
#3394=CARTESIAN_POINT('',(0.,0.,0.));
#3395=CARTESIAN_POINT('Origin',(0.,0.,-1.80526695296637));
#3396=CARTESIAN_POINT('',(-34.6904267968202,9.33701845636264,-0.0749999999999984));
#3397=CARTESIAN_POINT('',(-32.8392733165744,8.14085697779435,-2.16671129946753));
#3398=CARTESIAN_POINT('Ctrl Pts',(-34.6904267968202,9.33701845636265,-0.0749999999999967));
#3399=CARTESIAN_POINT('Ctrl Pts',(-34.5202860652702,9.18467543844977,-0.278888216087514));
#3400=CARTESIAN_POINT('Ctrl Pts',(-34.3468760258705,9.04008731787891,-0.483474259809725));
#3401=CARTESIAN_POINT('Ctrl Pts',(-33.4588054956953,8.35835927295007,-1.51475943333339));
#3402=CARTESIAN_POINT('Ctrl Pts',(-33.0004879521124,8.1931325455231,-1.99765473952135));
#3403=CARTESIAN_POINT('Ctrl Pts',(-32.8392733165744,8.14085697779434,-2.16671129946752));
#3404=CARTESIAN_POINT('',(-35.7917864635653,3.09089740149128,-0.0749999999999984));
#3405=CARTESIAN_POINT('Origin',(0.,0.,-0.0749999999999984));
#3406=CARTESIAN_POINT('',(-33.6431598778958,3.5817897375388,-2.16671129946722));
#3407=CARTESIAN_POINT('Ctrl Pts',(-33.6431598778958,3.5817897375388,-2.16671129946722));
#3408=CARTESIAN_POINT('Ctrl Pts',(-34.3879106420502,3.60824157776074,-1.42334537426587));
#3409=CARTESIAN_POINT('Ctrl Pts',(-35.2006517953583,3.32782617472618,-0.643557920282377));
#3410=CARTESIAN_POINT('Ctrl Pts',(-35.7917864635653,3.09089740149128,-0.0750000000000048));
#3411=CARTESIAN_POINT('',(-32.2823282282391,3.43407089866793,-3.53553390593274));
#3412=CARTESIAN_POINT('',(-34.0024939509001,3.62079560012331,-1.80526695296637));
#3413=CARTESIAN_POINT('',(-31.5099870388179,7.81423544477476,-3.53553390593274));
#3414=CARTESIAN_POINT('Origin',(0.,0.,-3.53553390593274));
#3415=CARTESIAN_POINT('',(-33.1902776840854,8.22710294770708,-1.80526695296637));
#3416=CARTESIAN_POINT('Origin',(0.,0.,-1.80526695296637));
#3417=CARTESIAN_POINT('',(-29.4048896822062,20.6387520886629,-0.0749999999999984));
#3418=CARTESIAN_POINT('',(-28.0744857372175,18.8815961953524,-2.16671129946754));
#3419=CARTESIAN_POINT('Ctrl Pts',(-29.4048896822062,20.6387520886629,-0.0749999999999849));
#3420=CARTESIAN_POINT('Ctrl Pts',(-29.2954542662171,20.4343040583795,-0.282028212846736));
#3421=CARTESIAN_POINT('Ctrl Pts',(-29.1818405891552,20.2394418736199,-0.486515557934287));
#3422=CARTESIAN_POINT('Ctrl Pts',(-28.5822653881183,19.2978739818232,-1.51475943332344));
#3423=CARTESIAN_POINT('Ctrl Pts',(-28.2080986434539,18.9858578133673,-1.99765473948898));
#3424=CARTESIAN_POINT('Ctrl Pts',(-28.0744857372176,18.8815961953524,-2.16671129946751));
#3425=CARTESIAN_POINT('',(-32.5761284522943,15.146005415938,-0.0749999999999984));
#3426=CARTESIAN_POINT('Origin',(0.,0.,-0.0749999999999984));
#3427=CARTESIAN_POINT('',(-30.3891848377838,14.8724197489382,-2.16671129946722));
#3428=CARTESIAN_POINT('Ctrl Pts',(-30.3891848377838,14.8724197489382,-2.16671129946722));
#3429=CARTESIAN_POINT('Ctrl Pts',(-31.0075656298831,15.1226907698747,-1.50126538125099));
#3430=CARTESIAN_POINT('Ctrl Pts',(-31.7952391421503,15.1711062968742,-0.77251349744382));
#3431=CARTESIAN_POINT('Ctrl Pts',(-32.5761284522943,15.146005415938,-0.0750000000000006));
#3432=CARTESIAN_POINT('',(-29.160944196912,14.2681776102425,-3.53553390593274));
#3433=CARTESIAN_POINT('',(-30.7135076238712,15.031972761327,-1.80526695296637));
#3434=CARTESIAN_POINT('',(-26.9370763746344,18.120029667745,-3.53553390593274));
#3435=CARTESIAN_POINT('Origin',(0.,0.,-3.53553390593274));
#3436=CARTESIAN_POINT('',(-28.3748240922405,19.082691460936,-1.80526695296637));
#3437=CARTESIAN_POINT('Origin',(0.,0.,-1.80526695296637));
#3438=CARTESIAN_POINT('',(-20.5726889019654,29.4511476235299,-0.0749999999999984));
#3439=CARTESIAN_POINT('',(-19.9235008426707,27.3449362490695,-2.16671129946754));
#3440=CARTESIAN_POINT('Ctrl Pts',(-20.5726889019654,29.4511476235299,-0.0749999999999948));
#3441=CARTESIAN_POINT('Ctrl Pts',(-20.539778593725,29.2216002014557,-0.282028212865854));
#3442=CARTESIAN_POINT('Ctrl Pts',(-20.4996634521352,28.9996314783033,-0.486515557910255));
#3443=CARTESIAN_POINT('Ctrl Pts',(-20.2582822454222,27.9097802821539,-1.51475943335123));
#3444=CARTESIAN_POINT('Ctrl Pts',(-20.0133963310964,27.4886084273795,-1.99765473961961));
#3445=CARTESIAN_POINT('Ctrl Pts',(-19.9235008426707,27.3449362490695,-2.16671129946753));
#3446=CARTESIAN_POINT('',(-25.4313085772243,25.3742816459894,-0.0749999999999984));
#3447=CARTESIAN_POINT('Origin',(0.,0.,-0.0749999999999984));
#3448=CARTESIAN_POINT('',(-23.4698256096331,24.3692164450769,-2.16671129946722));
#3449=CARTESIAN_POINT('Ctrl Pts',(-23.4698256096331,24.3692164450769,-2.16671129946723));
#3450=CARTESIAN_POINT('Ctrl Pts',(-23.9653157463694,24.8158929638055,-1.50126538122962));
#3451=CARTESIAN_POINT('Ctrl Pts',(-24.6889276479877,25.1307888848206,-0.772513497395143));
#3452=CARTESIAN_POINT('Ctrl Pts',(-25.4313085772243,25.3742816459894,-0.0749999999999954));
#3453=CARTESIAN_POINT('',(-22.5223199257367,23.3813315261473,-3.53553390593274));
#3454=CARTESIAN_POINT('',(-23.7200189943069,24.6300721592242,-1.80526695296637));
#3455=CARTESIAN_POINT('',(-19.1151567507628,26.2402808896286,-3.53553390593274));
#3456=CARTESIAN_POINT('Origin',(0.,0.,-3.53553390593274));
#3457=CARTESIAN_POINT('',(-20.1369479470678,27.6366257534445,-1.80526695296637));
#3458=CARTESIAN_POINT('Origin',(0.,0.,-1.80526695296637));
#3459=CARTESIAN_POINT('',(-32.8392733165747,-8.14085697779442,-2.16671129946722));
#3460=CARTESIAN_POINT('',(-34.6904267968202,-9.33701845636263,-0.0749999999999984));
#3461=CARTESIAN_POINT('Ctrl Pts',(-32.8392733165747,-8.14085697779442,-2.16671129946722));
#3462=CARTESIAN_POINT('Ctrl Pts',(-33.4617131647919,-8.3426897477162,-1.51399426070804));
#3463=CARTESIAN_POINT('Ctrl Pts',(-34.0689051907088,-8.7881013424399,-0.817520348478585));
#3464=CARTESIAN_POINT('Ctrl Pts',(-34.6556563995122,-9.30599556307732,-0.116633841439424));
#3465=CARTESIAN_POINT('Ctrl Pts',(-34.673057589727,-9.32146616971599,-0.0958143965106262));
#3466=CARTESIAN_POINT('Ctrl Pts',(-34.6904267968202,-9.33701845636264,-0.0749999999999831));
#3467=CARTESIAN_POINT('',(-31.5099870388179,-7.81423544477475,-3.53553390593274));
#3468=CARTESIAN_POINT('',(-33.1902776840854,-8.22710294770707,-1.80526695296637));
#3469=CARTESIAN_POINT('',(-32.2823282282391,-3.43407089866792,-3.53553390593274));
#3470=CARTESIAN_POINT('Origin',(0.,0.,-3.53553390593274));
#3471=CARTESIAN_POINT('',(-33.6431598778955,-3.58178973753876,-2.16671129946754));
#3472=CARTESIAN_POINT('',(-34.0024939509001,-3.62079560012331,-1.80526695296637));
#3473=CARTESIAN_POINT('',(-35.7917864635653,-3.09089740149127,-0.0749999999999984));
#3474=CARTESIAN_POINT('Ctrl Pts',(-35.7917864635653,-3.09089740149127,-0.0750000000000016));
#3475=CARTESIAN_POINT('Ctrl Pts',(-35.200651795316,-3.32782617474308,-0.643557920323038));
#3476=CARTESIAN_POINT('Ctrl Pts',(-34.3879106420475,-3.6082415777606,-1.42334537426854));
#3477=CARTESIAN_POINT('Ctrl Pts',(-33.6431598778955,-3.58178973753878,-2.16671129946753));
#3478=CARTESIAN_POINT('Origin',(0.,0.,-0.0749999999999984));
#3479=CARTESIAN_POINT('Origin',(0.,0.,-1.80526695296637));
#3480=CARTESIAN_POINT('',(-28.0744857372178,-18.8815961953526,-2.16671129946722));
#3481=CARTESIAN_POINT('',(-29.4048896822062,-20.6387520886629,-0.0749999999999984));
#3482=CARTESIAN_POINT('Ctrl Pts',(-28.0744857372178,-18.8815961953526,-2.16671129946721));
#3483=CARTESIAN_POINT('Ctrl Pts',(-28.6004171952254,-19.2919941600512,-1.50126538125627));
#3484=CARTESIAN_POINT('Ctrl Pts',(-29.0361830276966,-19.9499316680926,-0.772513497417001));
#3485=CARTESIAN_POINT('Ctrl Pts',(-29.4048896822062,-20.6387520886629,-0.0750000000000085));
#3486=CARTESIAN_POINT('',(-26.9370763746344,-18.120029667745,-3.53553390593274));
#3487=CARTESIAN_POINT('',(-28.3748240922405,-19.082691460936,-1.80526695296637));
#3488=CARTESIAN_POINT('',(-29.160944196912,-14.2681776102425,-3.53553390593274));
#3489=CARTESIAN_POINT('Origin',(0.,0.,-3.53553390593274));
#3490=CARTESIAN_POINT('',(-30.3891848377836,-14.8724197489381,-2.16671129946754));
#3491=CARTESIAN_POINT('',(-30.7135076238712,-15.031972761327,-1.80526695296637));
#3492=CARTESIAN_POINT('',(-32.5761284522943,-15.146005415938,-0.0749999999999984));
#3493=CARTESIAN_POINT('Ctrl Pts',(-32.5761284522943,-15.146005415938,-0.0749999999999981));
#3494=CARTESIAN_POINT('Ctrl Pts',(-32.3443535562767,-15.1534555807609,-0.282028212886009));
#3495=CARTESIAN_POINT('Ctrl Pts',(-32.1187911155073,-15.1524943425846,-0.486515557974456));
#3496=CARTESIAN_POINT('Ctrl Pts',(-31.0035818013349,-15.1040309329061,-1.51475943333661));
#3497=CARTESIAN_POINT('Ctrl Pts',(-30.5462845007226,-14.9360011109968,-1.99765473951025));
#3498=CARTESIAN_POINT('Ctrl Pts',(-30.3891848377836,-14.8724197489381,-2.16671129946751));
#3499=CARTESIAN_POINT('Origin',(0.,0.,-0.0749999999999984));
#3500=CARTESIAN_POINT('Origin',(0.,0.,-1.80526695296637));
#3501=CARTESIAN_POINT('',(-9.2591182195959,34.7113001023521,-0.0749999999999984));
#3502=CARTESIAN_POINT('',(-9.36944770694148,32.5100734228711,-2.16671129946754));
#3503=CARTESIAN_POINT('Ctrl Pts',(-9.25911821959591,34.7113001023521,-0.0749999999999977));
#3504=CARTESIAN_POINT('Ctrl Pts',(-9.30589043643671,34.4882132919712,-0.278495163225781));
#3505=CARTESIAN_POINT('Ctrl Pts',(-9.34445024552426,34.2656331325138,-0.48317480859103));
#3506=CARTESIAN_POINT('Ctrl Pts',(-9.49085128352944,33.1553551760084,-1.51475943335043));
#3507=CARTESIAN_POINT('Ctrl Pts',(-9.40478305504159,32.6758271764864,-1.99765473960993));
#3508=CARTESIAN_POINT('Ctrl Pts',(-9.36944770694151,32.5100734228711,-2.16671129946753));
#3509=CARTESIAN_POINT('',(-15.2190975615999,32.5420450250212,-0.0749999999999984));
#3510=CARTESIAN_POINT('Origin',(0.,0.,-0.0749999999999984));
#3511=CARTESIAN_POINT('',(-13.7196590352249,30.9267259866086,-2.16671129946722));
#3512=CARTESIAN_POINT('Ctrl Pts',(-13.7196590352249,30.9267259866086,-2.16671129946724));
#3513=CARTESIAN_POINT('Ctrl Pts',(-14.0324950934395,31.5159322227319,-1.50126538121512));
#3514=CARTESIAN_POINT('Ctrl Pts',(-14.6047671096702,32.0593274423259,-0.772513497381217));
#3515=CARTESIAN_POINT('Ctrl Pts',(-15.2190975615999,32.5420450250212,-0.075000000000013));
#3516=CARTESIAN_POINT('',(-13.1671714774763,29.6743517882965,-3.53553390593274));
#3517=CARTESIAN_POINT('',(-13.8655460038323,31.2574213535678,-1.80526695296637));
#3518=CARTESIAN_POINT('',(-8.9876671130812,31.195566970922,-3.53553390593274));
#3519=CARTESIAN_POINT('Origin',(0.,0.,-3.53553390593274));
#3520=CARTESIAN_POINT('',(-9.47025868977855,32.8571751069313,-1.80526695296637));
#3521=CARTESIAN_POINT('Origin',(0.,0.,-1.80526695296637));
#3522=CARTESIAN_POINT('',(3.17123877008813,35.7847575046009,-0.0749999999999984));
#3523=CARTESIAN_POINT('',(2.31469910056601,33.7540159442905,-2.16671129946754));
#3524=CARTESIAN_POINT('Ctrl Pts',(3.17123877008813,35.7847575046009,-0.0749999999999961));
#3525=CARTESIAN_POINT('Ctrl Pts',(2.7589344998387,35.1208421342703,-0.772719299032585));
#3526=CARTESIAN_POINT('Ctrl Pts',(2.40712968956004,34.4145509722113,-1.50140030754327));
#3527=CARTESIAN_POINT('Ctrl Pts',(2.31469910056599,33.7540159442905,-2.16671129946752));
#3528=CARTESIAN_POINT('',(-3.17123877008813,35.7847575046009,-0.0749999999999984));
#3529=CARTESIAN_POINT('Origin',(0.,0.,-0.0749999999999984));
#3530=CARTESIAN_POINT('',(-2.31469910056603,33.7540159442908,-2.16671129946722));
#3531=CARTESIAN_POINT('Ctrl Pts',(-2.31469910056603,33.7540159442908,-2.16671129946722));
#3532=CARTESIAN_POINT('Ctrl Pts',(-2.40712787971146,34.4145380385227,-1.50141333474826));
#3533=CARTESIAN_POINT('Ctrl Pts',(-2.75892141651507,35.1208210667718,-0.772741439204324));
#3534=CARTESIAN_POINT('Ctrl Pts',(-3.17123877008812,35.7847575046009,-0.0749999999999999));
#3535=CARTESIAN_POINT('',(-2.22386782227766,32.3882072779875,-3.53553390593274));
#3536=CARTESIAN_POINT('',(-2.3386835316307,34.114664222263,-1.80526695296637));
#3537=CARTESIAN_POINT('',(2.22386782227766,32.3882072779875,-3.53553390593274));
#3538=CARTESIAN_POINT('Origin',(0.,0.,-3.53553390593274));
#3539=CARTESIAN_POINT('',(2.3386835316307,34.114664222263,-1.80526695296637));
#3540=CARTESIAN_POINT('Origin',(0.,0.,-1.80526695296637));
#3541=CARTESIAN_POINT('',(-19.9235008426709,-27.3449362490698,-2.16671129946723));
#3542=CARTESIAN_POINT('',(-20.5726889019654,-29.4511476235299,-0.0749999999999984));
#3543=CARTESIAN_POINT('Ctrl Pts',(-19.9235008426709,-27.3449362490697,-2.16671129946724));
#3544=CARTESIAN_POINT('Ctrl Pts',(-20.277350382097,-27.9104633407369,-1.50126538124824));
#3545=CARTESIAN_POINT('Ctrl Pts',(-20.4618084384486,-28.6777630543938,-0.772513497470351));
#3546=CARTESIAN_POINT('Ctrl Pts',(-20.5726889019654,-29.4511476235299,-0.0750000000000056));
#3547=CARTESIAN_POINT('',(-19.1151567507629,-26.2402808896286,-3.53553390593274));
#3548=CARTESIAN_POINT('',(-20.1369479470678,-27.6366257534445,-1.80526695296637));
#3549=CARTESIAN_POINT('',(-22.5223199257367,-23.3813315261473,-3.53553390593274));
#3550=CARTESIAN_POINT('Origin',(0.,0.,-3.53553390593274));
#3551=CARTESIAN_POINT('',(-23.4698256096329,-24.3692164450767,-2.16671129946754));
#3552=CARTESIAN_POINT('',(-23.7200189943069,-24.6300721592242,-1.80526695296637));
#3553=CARTESIAN_POINT('',(-25.4313085772243,-25.3742816459894,-0.0749999999999984));
#3554=CARTESIAN_POINT('Ctrl Pts',(-25.4313085772243,-25.3742816459894,-0.0749999999999919));
#3555=CARTESIAN_POINT('Ctrl Pts',(-25.2109633113003,-25.3020108277378,-0.282028212897677));
#3556=CARTESIAN_POINT('Ctrl Pts',(-24.9993327130424,-25.2239606610082,-0.48651555794861));
#3557=CARTESIAN_POINT('Ctrl Pts',(-23.9679542121366,-24.7969959030725,-1.51475943336897));
#3558=CARTESIAN_POINT('Ctrl Pts',(-23.5957048969635,-24.4826946309701,-1.99765473964058));
#3559=CARTESIAN_POINT('Ctrl Pts',(-23.4698256096329,-24.3692164450767,-2.16671129946752));
#3560=CARTESIAN_POINT('Origin',(0.,0.,-0.0749999999999984));
#3561=CARTESIAN_POINT('Origin',(0.,0.,-1.80526695296637));
#3562=CARTESIAN_POINT('',(-9.36944770694157,-32.5100734228714,-2.16671129946722));
#3563=CARTESIAN_POINT('',(-9.2591182195959,-34.7113001023521,-0.0749999999999984));
#3564=CARTESIAN_POINT('Ctrl Pts',(-9.36944770694157,-32.5100734228714,-2.16671129946722));
#3565=CARTESIAN_POINT('Ctrl Pts',(-9.37617817785441,-32.5416432429367,-2.13451234626767));
#3566=CARTESIAN_POINT('Ctrl Pts',(-9.38266290376567,-32.5747520124659,-2.10090713829148));
#3567=CARTESIAN_POINT('Ctrl Pts',(-9.38883062831531,-32.6097862956608,-2.06554843762332));
#3568=CARTESIAN_POINT('Ctrl Pts',(-9.39496213222168,-32.6446148361603,-2.03039738482809));
#3569=CARTESIAN_POINT('Ctrl Pts',(-9.40078042205372,-32.681346359071,-1.9935133433577));
#3570=CARTESIAN_POINT('Ctrl Pts',(-9.40616508261688,-32.7203710664778,-1.95455365981696));
#3571=CARTESIAN_POINT('Ctrl Pts',(-9.41184426386866,-32.7615302786623,-1.91346302805951));
#3572=CARTESIAN_POINT('Ctrl Pts',(-9.41704157073247,-32.8052403628662,-1.87006342984373));
#3573=CARTESIAN_POINT('Ctrl Pts',(-9.42155422243365,-32.8519710315182,-1.82395179967601));
#3574=CARTESIAN_POINT('Ctrl Pts',(-9.4260416464242,-32.8984404551494,-1.77809795383122));
#3575=CARTESIAN_POINT('Ctrl Pts',(-9.42985157594952,-32.9478969859188,-1.72956219828107));
#3576=CARTESIAN_POINT('Ctrl Pts',(-9.43272595612561,-33.0008125604367,-1.67794847014587));
#3577=CARTESIAN_POINT('Ctrl Pts',(-9.43583619280749,-33.0580701084388,-1.62209959118739));
#3578=CARTESIAN_POINT('Ctrl Pts',(-9.43785049913575,-33.1193780428988,-1.56264660142219));
#3579=CARTESIAN_POINT('Ctrl Pts',(-9.43837905767323,-33.1853418955837,-1.49909113021808));
#3580=CARTESIAN_POINT('Ctrl Pts',(-9.43883569101247,-33.2423295179269,-1.44418416157684));
#3581=CARTESIAN_POINT('Ctrl Pts',(-9.43818118040872,-33.3027926550878,-1.38621513860518));
#3582=CARTESIAN_POINT('Ctrl Pts',(-9.4361427083411,-33.3671204155287,-1.32486775699367));
#3583=CARTESIAN_POINT('Ctrl Pts',(-9.4330139582978,-33.465853916204,-1.23070869250493));
#3584=CARTESIAN_POINT('Ctrl Pts',(-9.42689318303803,-33.5649999656214,-1.13687409278999));
#3585=CARTESIAN_POINT('Ctrl Pts',(-9.41845994136286,-33.663944424136,-1.04379183022636));
#3586=CARTESIAN_POINT('Ctrl Pts',(-9.40900222607151,-33.7749086955671,-0.939401896685895));
#3587=CARTESIAN_POINT('Ctrl Pts',(-9.39664021311886,-33.8856181139976,-0.835958762099579));
#3588=CARTESIAN_POINT('Ctrl Pts',(-9.38237601180176,-33.9952048787532,-0.734059903529187));
#3589=CARTESIAN_POINT('Ctrl Pts',(-9.37067618753026,-34.0850904504455,-0.65048012838188));
#3590=CARTESIAN_POINT('Ctrl Pts',(-9.35769363428046,-34.1742217151192,-0.56793884938722));
#3591=CARTESIAN_POINT('Ctrl Pts',(-9.34360838786822,-34.2622232991987,-0.486728604439057));
#3592=CARTESIAN_POINT('Ctrl Pts',(-9.32156466351516,-34.399947738325,-0.359632762315444));
#3593=CARTESIAN_POINT('Ctrl Pts',(-9.29627677938405,-34.5383309244908,-0.232646763126512));
#3594=CARTESIAN_POINT('Ctrl Pts',(-9.26788769469043,-34.6770080230925,-0.106013220082377));
#3595=CARTESIAN_POINT('Ctrl Pts',(-9.2655573053481,-34.6883916811461,-0.0956181875451737));
#3596=CARTESIAN_POINT('Ctrl Pts',(-9.26320604756347,-34.699777314988,-0.0852255296523708));
#3597=CARTESIAN_POINT('Ctrl Pts',(-9.26083401558765,-34.711164720368,-0.0748353803769943));
#3598=CARTESIAN_POINT('',(-8.9876671130812,-31.195566970922,-3.53553390593274));
#3599=CARTESIAN_POINT('',(-9.47025868977855,-32.8571751069313,-1.80526695296637));
#3600=CARTESIAN_POINT('',(-13.1671714774763,-29.6743517882965,-3.53553390593274));
#3601=CARTESIAN_POINT('Origin',(0.,0.,-3.53553390593274));
#3602=CARTESIAN_POINT('',(-13.7196590352248,-30.9267259866083,-2.16671129946754));
#3603=CARTESIAN_POINT('',(-13.8655460038324,-31.2574213535678,-1.80526695296637));
#3604=CARTESIAN_POINT('',(-15.2190975615999,-32.5420450250212,-0.0749999999999984));
#3605=CARTESIAN_POINT('Ctrl Pts',(-15.2190975615999,-32.5420450250212,-0.0749999999999929));
#3606=CARTESIAN_POINT('Ctrl Pts',(-15.0367588167875,-32.3987701509675,-0.28202821291489));
#3607=CARTESIAN_POINT('Ctrl Pts',(-14.864585834492,-32.2530450576976,-0.48651555795748));
#3608=CARTESIAN_POINT('Ctrl Pts',(-14.0414376157322,-31.4990772026983,-1.51475943328195));
#3609=CARTESIAN_POINT('Ctrl Pts',(-13.7991350473086,-31.0764138525444,-1.99765473948537));
#3610=CARTESIAN_POINT('Ctrl Pts',(-13.7196590352248,-30.9267259866083,-2.16671129946753));
#3611=CARTESIAN_POINT('Origin',(0.,0.,-0.0749999999999984));
#3612=CARTESIAN_POINT('Origin',(0.,0.,-1.80526695296637));
#3613=CARTESIAN_POINT('',(15.2190975615999,32.5420450250212,-0.0749999999999984));
#3614=CARTESIAN_POINT('',(13.7196590352248,30.9267259866083,-2.16671129946754));
#3615=CARTESIAN_POINT('Ctrl Pts',(15.2190975615999,32.5420450250212,-0.0749999999999862));
#3616=CARTESIAN_POINT('Ctrl Pts',(15.036758816757,32.3987701509435,-0.282028212949613));
#3617=CARTESIAN_POINT('Ctrl Pts',(14.8645858344915,32.2530450576934,-0.486515557961386));
#3618=CARTESIAN_POINT('Ctrl Pts',(14.0414376156051,31.4990772025972,-1.51475943342722));
#3619=CARTESIAN_POINT('Ctrl Pts',(13.7991350471517,31.0764138522488,-1.99765473981918));
#3620=CARTESIAN_POINT('Ctrl Pts',(13.7196590352248,30.9267259866083,-2.16671129946753));
#3621=CARTESIAN_POINT('',(9.25911821959592,34.7113001023521,-0.0749999999999984));
#3622=CARTESIAN_POINT('Origin',(0.,0.,-0.0749999999999984));
#3623=CARTESIAN_POINT('',(9.36944770694157,32.5100734228714,-2.16671129946722));
#3624=CARTESIAN_POINT('Ctrl Pts',(9.36944770694157,32.5100734228714,-2.16671129946722));
#3625=CARTESIAN_POINT('Ctrl Pts',(9.37617817785513,32.5416432429401,-2.13451234626422));
#3626=CARTESIAN_POINT('Ctrl Pts',(9.38266290376688,32.5747520124722,-2.10090713828508));
#3627=CARTESIAN_POINT('Ctrl Pts',(9.38883062831685,32.6097862956696,-2.06554843761445));
#3628=CARTESIAN_POINT('Ctrl Pts',(9.39496213222358,32.6446148361717,-2.03039738481656));
#3629=CARTESIAN_POINT('Ctrl Pts',(9.4007804220558,32.6813463590847,-1.99351334334395));
#3630=CARTESIAN_POINT('Ctrl Pts',(9.40616508261902,32.7203710664933,-1.9545536598014));
#3631=CARTESIAN_POINT('Ctrl Pts',(9.41184426387071,32.7615302786788,-1.91346302804304));
#3632=CARTESIAN_POINT('Ctrl Pts',(9.41704157073432,32.8052403628832,-1.8700634298269));
#3633=CARTESIAN_POINT('Ctrl Pts',(9.42155422243526,32.851971031535,-1.82395179965939));
#3634=CARTESIAN_POINT('Ctrl Pts',(9.42604164642562,32.8984404551667,-1.77809795381413));
#3635=CARTESIAN_POINT('Ctrl Pts',(9.42985157595069,32.9478969859362,-1.72956219826399));
#3636=CARTESIAN_POINT('Ctrl Pts',(9.43272595612652,33.0008125604537,-1.67794847012925));
#3637=CARTESIAN_POINT('Ctrl Pts',(9.43583619280804,33.058070108454,-1.62209959117265));
#3638=CARTESIAN_POINT('Ctrl Pts',(9.43785049913599,33.1193780429114,-1.56264660141003));
#3639=CARTESIAN_POINT('Ctrl Pts',(9.4383790576733,33.1853418955929,-1.4990911302092));
#3640=CARTESIAN_POINT('Ctrl Pts',(9.43883569101239,33.2423295179336,-1.44418416157044));
#3641=CARTESIAN_POINT('Ctrl Pts',(9.4381811804086,33.3027926550914,-1.38621513860176));
#3642=CARTESIAN_POINT('Ctrl Pts',(9.4361427083411,33.3671204155287,-1.32486775699369));
#3643=CARTESIAN_POINT('Ctrl Pts',(9.4330139582971,33.4658539162262,-1.23070869248372));
#3644=CARTESIAN_POINT('Ctrl Pts',(9.42689318303529,33.5649999656656,-1.1368740927481));
#3645=CARTESIAN_POINT('Ctrl Pts',(9.41845994135727,33.6639444242016,-1.04379183016459));
#3646=CARTESIAN_POINT('Ctrl Pts',(9.40900222606661,33.7749086956112,-0.93940189664469));
#3647=CARTESIAN_POINT('Ctrl Pts',(9.39664021311602,33.8856181140196,-0.835958762079158));
#3648=CARTESIAN_POINT('Ctrl Pts',(9.38237601180179,33.995204878753,-0.734059903529355));
#3649=CARTESIAN_POINT('Ctrl Pts',(9.37067618753026,34.0850904504457,-0.650480128381756));
#3650=CARTESIAN_POINT('Ctrl Pts',(9.35769363428044,34.1742217151194,-0.567938849387101));
#3651=CARTESIAN_POINT('Ctrl Pts',(9.34360838786825,34.2622232991985,-0.486728604439219));
#3652=CARTESIAN_POINT('Ctrl Pts',(9.32156466355637,34.3999477380673,-0.359632762553079));
#3653=CARTESIAN_POINT('Ctrl Pts',(9.29627677947817,34.5383309239758,-0.232646763599009));
#3654=CARTESIAN_POINT('Ctrl Pts',(9.26788769484849,34.6770080223203,-0.106013220787525));
#3655=CARTESIAN_POINT('Ctrl Pts',(9.26555730545442,34.6883916806311,-0.0956181880152233));
#3656=CARTESIAN_POINT('Ctrl Pts',(9.26320604761711,34.6997773147304,-0.0852255298874239));
#3657=CARTESIAN_POINT('Ctrl Pts',(9.26083401558766,34.7111647203678,-0.0748353803771623));
#3658=CARTESIAN_POINT('',(8.9876671130812,31.195566970922,-3.53553390593274));
#3659=CARTESIAN_POINT('',(9.47025868977855,32.8571751069313,-1.80526695296637));
#3660=CARTESIAN_POINT('',(13.1671714774763,29.6743517882965,-3.53553390593274));
#3661=CARTESIAN_POINT('Origin',(0.,0.,-3.53553390593274));
#3662=CARTESIAN_POINT('',(13.8655460038323,31.2574213535678,-1.80526695296637));
#3663=CARTESIAN_POINT('Origin',(0.,0.,-1.80526695296637));
#3664=CARTESIAN_POINT('',(25.4313085772243,25.3742816459894,-0.0749999999999984));
#3665=CARTESIAN_POINT('',(23.4698256096329,24.3692164450767,-2.16671129946754));
#3666=CARTESIAN_POINT('Ctrl Pts',(25.4313085772244,25.3742816459894,-0.0749999999999749));
#3667=CARTESIAN_POINT('Ctrl Pts',(25.2109633113003,25.3020108277377,-0.282028212897681));
#3668=CARTESIAN_POINT('Ctrl Pts',(24.9993327130424,25.2239606610082,-0.486515557948612));
#3669=CARTESIAN_POINT('Ctrl Pts',(23.9679542121366,24.7969959030725,-1.51475943336897));
#3670=CARTESIAN_POINT('Ctrl Pts',(23.5957048969635,24.4826946309701,-1.99765473964058));
#3671=CARTESIAN_POINT('Ctrl Pts',(23.4698256096329,24.3692164450767,-2.16671129946752));
#3672=CARTESIAN_POINT('',(20.5726889019654,29.4511476235299,-0.0749999999999984));
#3673=CARTESIAN_POINT('Origin',(0.,0.,-0.0749999999999984));
#3674=CARTESIAN_POINT('',(19.9235008426709,27.3449362490698,-2.16671129946722));
#3675=CARTESIAN_POINT('Ctrl Pts',(19.9235008426709,27.3449362490698,-2.16671129946723));
#3676=CARTESIAN_POINT('Ctrl Pts',(20.2773503821106,27.9104633407585,-1.50126538122282));
#3677=CARTESIAN_POINT('Ctrl Pts',(20.4618084384608,28.6777630544771,-0.772513497395136));
#3678=CARTESIAN_POINT('Ctrl Pts',(20.5726889019654,29.4511476235299,-0.0750000000000064));
#3679=CARTESIAN_POINT('',(19.1151567507628,26.2402808896286,-3.53553390593274));
#3680=CARTESIAN_POINT('',(20.1369479470678,27.6366257534445,-1.80526695296637));
#3681=CARTESIAN_POINT('',(22.5223199257367,23.3813315261473,-3.53553390593274));
#3682=CARTESIAN_POINT('Origin',(0.,0.,-3.53553390593274));
#3683=CARTESIAN_POINT('',(23.7200189943069,24.6300721592242,-1.80526695296637));
#3684=CARTESIAN_POINT('Origin',(0.,0.,-1.80526695296637));
#3685=CARTESIAN_POINT('',(2.31469910056602,-33.7540159442908,-2.16671129946722));
#3686=CARTESIAN_POINT('',(3.17123877008812,-35.7847575046009,-0.0749999999999984));
#3687=CARTESIAN_POINT('Ctrl Pts',(2.31469910056602,-33.7540159442908,-2.16671129946721));
#3688=CARTESIAN_POINT('Ctrl Pts',(2.4071278797119,-34.4145380385261,-1.50141333474482));
#3689=CARTESIAN_POINT('Ctrl Pts',(2.75892141652504,-35.1208210667875,-0.772741439187706));
#3690=CARTESIAN_POINT('Ctrl Pts',(3.17123877008811,-35.7847575046009,-0.0749999999999952));
#3691=CARTESIAN_POINT('',(2.22386782227764,-32.3882072779875,-3.53553390593274));
#3692=CARTESIAN_POINT('',(2.33868353163069,-34.114664222263,-1.80526695296637));
#3693=CARTESIAN_POINT('',(-2.22386782227766,-32.3882072779875,-3.53553390593274));
#3694=CARTESIAN_POINT('Origin',(0.,0.,-3.53553390593274));
#3695=CARTESIAN_POINT('',(-2.31469910056601,-33.7540159442905,-2.16671129946754));
#3696=CARTESIAN_POINT('',(-2.3386835316307,-34.114664222263,-1.80526695296637));
#3697=CARTESIAN_POINT('',(-3.17123877008813,-35.7847575046009,-0.0749999999999984));
#3698=CARTESIAN_POINT('Ctrl Pts',(-3.17123877008813,-35.7847575046009,-0.0749999999999936));
#3699=CARTESIAN_POINT('Ctrl Pts',(-2.75893449986788,-35.1208421343173,-0.772719298983141));
#3700=CARTESIAN_POINT('Ctrl Pts',(-2.40712968956236,-34.4145509722279,-1.50140030752653));
#3701=CARTESIAN_POINT('Ctrl Pts',(-2.31469910056599,-33.7540159442905,-2.16671129946752));
#3702=CARTESIAN_POINT('Origin',(0.,0.,-0.0749999999999984));
#3703=CARTESIAN_POINT('Origin',(0.,0.,-1.80526695296637));
#3704=CARTESIAN_POINT('',(13.7196590352249,-30.9267259866086,-2.16671129946723));
#3705=CARTESIAN_POINT('',(15.2190975615999,-32.5420450250212,-0.0749999999999984));
#3706=CARTESIAN_POINT('Ctrl Pts',(13.7196590352249,-30.9267259866086,-2.16671129946723));
#3707=CARTESIAN_POINT('Ctrl Pts',(14.0324950934238,-31.5159322227027,-1.50126538124813));
#3708=CARTESIAN_POINT('Ctrl Pts',(14.6047671096065,-32.0593274422759,-0.772513497453395));
#3709=CARTESIAN_POINT('Ctrl Pts',(15.2190975615999,-32.5420450250212,-0.0749999999999979));
#3710=CARTESIAN_POINT('',(13.1671714774763,-29.6743517882965,-3.53553390593274));
#3711=CARTESIAN_POINT('',(13.8655460038323,-31.2574213535678,-1.80526695296637));
#3712=CARTESIAN_POINT('',(8.98766711308119,-31.195566970922,-3.53553390593274));
#3713=CARTESIAN_POINT('Origin',(0.,0.,-3.53553390593274));
#3714=CARTESIAN_POINT('',(9.36944770694147,-32.5100734228711,-2.16671129946754));
#3715=CARTESIAN_POINT('',(9.47025868977854,-32.8571751069313,-1.80526695296637));
#3716=CARTESIAN_POINT('',(9.25911821959588,-34.7113001023521,-0.0749999999999984));
#3717=CARTESIAN_POINT('Ctrl Pts',(9.25911821959589,-34.7113001023521,-0.0749999999999906));
#3718=CARTESIAN_POINT('Ctrl Pts',(9.30589043643978,-34.4882132919564,-0.278495163239256));
#3719=CARTESIAN_POINT('Ctrl Pts',(9.3444502455296,-34.2656331324826,-0.483174808619832));
#3720=CARTESIAN_POINT('Ctrl Pts',(9.49085128352167,-33.1553551760299,-1.51475943333169));
#3721=CARTESIAN_POINT('Ctrl Pts',(9.40478305505432,-32.675827176546,-1.99765473954909));
#3722=CARTESIAN_POINT('Ctrl Pts',(9.36944770694149,-32.5100734228711,-2.16671129946752));
#3723=CARTESIAN_POINT('Origin',(0.,0.,-0.0749999999999984));
#3724=CARTESIAN_POINT('Origin',(0.,0.,-1.80526695296637));
#3725=CARTESIAN_POINT('',(32.5761284522943,15.146005415938,-0.0749999999999984));
#3726=CARTESIAN_POINT('',(30.3891848377836,14.8724197489381,-2.16671129946754));
#3727=CARTESIAN_POINT('Ctrl Pts',(32.5761284522943,15.146005415938,-0.0749999999999976));
#3728=CARTESIAN_POINT('Ctrl Pts',(32.3443535562914,15.1534555807604,-0.282028212872862));
#3729=CARTESIAN_POINT('Ctrl Pts',(32.1187911155278,15.1524943425851,-0.486515557955743));
#3730=CARTESIAN_POINT('Ctrl Pts',(31.0035818013995,15.1040309329107,-1.51475943327632));
#3731=CARTESIAN_POINT('Ctrl Pts',(30.54628450082,14.9360011110362,-1.9976547394054));
#3732=CARTESIAN_POINT('Ctrl Pts',(30.3891848377836,14.8724197489381,-2.16671129946751));
#3733=CARTESIAN_POINT('',(29.4048896822062,20.6387520886629,-0.0749999999999984));
#3734=CARTESIAN_POINT('Origin',(0.,0.,-0.0749999999999984));
#3735=CARTESIAN_POINT('',(28.0744857372178,18.8815961953526,-2.16671129946722));
#3736=CARTESIAN_POINT('Ctrl Pts',(28.0744857372178,18.8815961953526,-2.16671129946721));
#3737=CARTESIAN_POINT('Ctrl Pts',(28.6004171952254,19.2919941600512,-1.50126538125627));
#3738=CARTESIAN_POINT('Ctrl Pts',(29.0361830276965,19.9499316680928,-0.772513497417038));
#3739=CARTESIAN_POINT('Ctrl Pts',(29.4048896822061,20.6387520886629,-0.0749999999999987));
#3740=CARTESIAN_POINT('',(26.9370763746344,18.120029667745,-3.53553390593274));
#3741=CARTESIAN_POINT('',(28.3748240922405,19.082691460936,-1.80526695296637));
#3742=CARTESIAN_POINT('',(29.160944196912,14.2681776102425,-3.53553390593274));
#3743=CARTESIAN_POINT('Origin',(0.,0.,-3.53553390593274));
#3744=CARTESIAN_POINT('',(30.7135076238712,15.031972761327,-1.80526695296637));
#3745=CARTESIAN_POINT('Origin',(0.,0.,-1.80526695296637));
#3746=CARTESIAN_POINT('',(35.7917864635653,3.09089740149127,-0.0749999999999984));
#3747=CARTESIAN_POINT('',(33.6431598778955,3.58178973753876,-2.16671129946754));
#3748=CARTESIAN_POINT('Ctrl Pts',(35.7917864635653,3.09089740149127,-0.0749999999999972));
#3749=CARTESIAN_POINT('Ctrl Pts',(35.2006517953693,3.32782617472177,-0.643557920271828));
#3750=CARTESIAN_POINT('Ctrl Pts',(34.3879106420635,3.60824157776122,-1.42334537425263));
#3751=CARTESIAN_POINT('Ctrl Pts',(33.6431598778955,3.58178973753879,-2.16671129946752));
#3752=CARTESIAN_POINT('',(34.6904267968202,9.33701845636264,-0.0749999999999984));
#3753=CARTESIAN_POINT('Origin',(0.,0.,-0.0749999999999984));
#3754=CARTESIAN_POINT('',(32.8392733165747,8.14085697779442,-2.16671129946722));
#3755=CARTESIAN_POINT('Ctrl Pts',(32.8392733165747,8.14085697779442,-2.16671129946722));
#3756=CARTESIAN_POINT('Ctrl Pts',(33.4617131648002,8.34268974771901,-1.51399426069926));
#3757=CARTESIAN_POINT('Ctrl Pts',(34.0689051907271,8.78810134245598,-0.817520348456768));
#3758=CARTESIAN_POINT('Ctrl Pts',(34.6556563995122,9.30599556307733,-0.116633841439417));
#3759=CARTESIAN_POINT('Ctrl Pts',(34.673057589727,9.32146616971599,-0.0958143965106334));
#3760=CARTESIAN_POINT('Ctrl Pts',(34.6904267968202,9.33701845636264,-0.0749999999999966));
#3761=CARTESIAN_POINT('',(31.5099870388179,7.81423544477475,-3.53553390593274));
#3762=CARTESIAN_POINT('',(33.1902776840854,8.22710294770708,-1.80526695296637));
#3763=CARTESIAN_POINT('',(32.2823282282391,3.43407089866792,-3.53553390593274));
#3764=CARTESIAN_POINT('Origin',(0.,0.,-3.53553390593274));
#3765=CARTESIAN_POINT('',(34.0024939509001,3.62079560012331,-1.80526695296637));
#3766=CARTESIAN_POINT('Origin',(0.,0.,-1.80526695296637));
#3767=CARTESIAN_POINT('',(23.4698256096331,-24.3692164450769,-2.16671129946722));
#3768=CARTESIAN_POINT('',(25.4313085772243,-25.3742816459894,-0.0749999999999984));
#3769=CARTESIAN_POINT('Ctrl Pts',(23.4698256096331,-24.3692164450769,-2.16671129946723));
#3770=CARTESIAN_POINT('Ctrl Pts',(23.9653157463537,-24.8158929637911,-1.50126538125094));
#3771=CARTESIAN_POINT('Ctrl Pts',(24.688927647902,-25.1307888847924,-0.772513497475779));
#3772=CARTESIAN_POINT('Ctrl Pts',(25.4313085772243,-25.3742816459894,-0.0749999999999995));
#3773=CARTESIAN_POINT('',(22.5223199257366,-23.3813315261473,-3.53553390593274));
#3774=CARTESIAN_POINT('',(23.7200189943069,-24.6300721592242,-1.80526695296637));
#3775=CARTESIAN_POINT('',(19.1151567507628,-26.2402808896286,-3.53553390593274));
#3776=CARTESIAN_POINT('Origin',(0.,0.,-3.53553390593274));
#3777=CARTESIAN_POINT('',(19.9235008426707,-27.3449362490695,-2.16671129946754));
#3778=CARTESIAN_POINT('',(20.1369479470678,-27.6366257534445,-1.80526695296637));
#3779=CARTESIAN_POINT('',(20.5726889019654,-29.4511476235299,-0.0749999999999984));
#3780=CARTESIAN_POINT('Ctrl Pts',(20.5726889019654,-29.4511476235299,-0.0749999999999927));
#3781=CARTESIAN_POINT('Ctrl Pts',(20.539778593716,-29.2216002013932,-0.282028212922204));
#3782=CARTESIAN_POINT('Ctrl Pts',(20.4996634521131,-28.9996314781802,-0.486515558023551));
#3783=CARTESIAN_POINT('Ctrl Pts',(20.2582822453995,-27.9097802821464,-1.51475943336972));
#3784=CARTESIAN_POINT('Ctrl Pts',(20.0133963311344,-27.4886084274399,-1.99765473954846));
#3785=CARTESIAN_POINT('Ctrl Pts',(19.9235008426708,-27.3449362490695,-2.1667112994675));
#3786=CARTESIAN_POINT('Origin',(0.,0.,-0.0749999999999984));
#3787=CARTESIAN_POINT('Origin',(0.,0.,-1.80526695296637));
#3788=CARTESIAN_POINT('',(34.6904267968202,-9.33701845636268,-0.0749999999999984));
#3789=CARTESIAN_POINT('',(32.8392733165744,-8.14085697779437,-2.16671129946753));
#3790=CARTESIAN_POINT('Ctrl Pts',(34.6904267968202,-9.33701845636267,-0.0749999999999941));
#3791=CARTESIAN_POINT('Ctrl Pts',(34.5202860652783,-9.18467543845704,-0.278888216077797));
#3792=CARTESIAN_POINT('Ctrl Pts',(34.3468760258857,-9.04008731789127,-0.483474259791813));
#3793=CARTESIAN_POINT('Ctrl Pts',(33.4588054956916,-8.35835927294479,-1.51475943333833));
#3794=CARTESIAN_POINT('Ctrl Pts',(33.0004879520939,-8.19313254551711,-1.99765473954077));
#3795=CARTESIAN_POINT('Ctrl Pts',(32.8392733165744,-8.14085697779436,-2.16671129946752));
#3796=CARTESIAN_POINT('',(35.7917864635653,-3.09089740149127,-0.0749999999999984));
#3797=CARTESIAN_POINT('Origin',(0.,0.,-0.0749999999999984));
#3798=CARTESIAN_POINT('',(33.6431598778958,-3.5817897375388,-2.16671129946722));
#3799=CARTESIAN_POINT('Ctrl Pts',(33.6431598778958,-3.5817897375388,-2.16671129946722));
#3800=CARTESIAN_POINT('Ctrl Pts',(34.3879106420465,-3.60824157776058,-1.4233453742696));
#3801=CARTESIAN_POINT('Ctrl Pts',(35.2006517953386,-3.32782617473407,-0.643557920301308));
#3802=CARTESIAN_POINT('Ctrl Pts',(35.7917864635653,-3.09089740149127,-0.0749999999999999));
#3803=CARTESIAN_POINT('',(32.2823282282391,-3.43407089866792,-3.53553390593274));
#3804=CARTESIAN_POINT('',(34.0024939509001,-3.62079560012331,-1.80526695296637));
#3805=CARTESIAN_POINT('',(31.5099870388179,-7.81423544477478,-3.53553390593274));
#3806=CARTESIAN_POINT('Origin',(0.,0.,-3.53553390593274));
#3807=CARTESIAN_POINT('',(33.1902776840854,-8.2271029477071,-1.80526695296637));
#3808=CARTESIAN_POINT('Origin',(0.,0.,-1.80526695296637));
#3809=CARTESIAN_POINT('',(30.3891848377838,-14.8724197489383,-2.16671129946723));
#3810=CARTESIAN_POINT('',(32.5761284522943,-15.146005415938,-0.0749999999999984));
#3811=CARTESIAN_POINT('Ctrl Pts',(30.3891848377838,-14.8724197489383,-2.16671129946722));
#3812=CARTESIAN_POINT('Ctrl Pts',(31.0075656298622,-15.1226907698664,-1.50126538127334));
#3813=CARTESIAN_POINT('Ctrl Pts',(31.7952391420978,-15.1711062968761,-0.772513497490654));
#3814=CARTESIAN_POINT('Ctrl Pts',(32.5761284522943,-15.146005415938,-0.0750000000000008));
#3815=CARTESIAN_POINT('',(29.160944196912,-14.2681776102425,-3.53553390593274));
#3816=CARTESIAN_POINT('',(30.7135076238712,-15.031972761327,-1.80526695296637));
#3817=CARTESIAN_POINT('',(26.9370763746344,-18.120029667745,-3.53553390593274));
#3818=CARTESIAN_POINT('Origin',(0.,0.,-3.53553390593274));
#3819=CARTESIAN_POINT('',(28.0744857372175,-18.8815961953524,-2.16671129946754));
#3820=CARTESIAN_POINT('',(28.3748240922405,-19.082691460936,-1.80526695296637));
#3821=CARTESIAN_POINT('',(29.4048896822061,-20.6387520886629,-0.0749999999999984));
#3822=CARTESIAN_POINT('Ctrl Pts',(29.4048896822062,-20.6387520886629,-0.0749999999999751));
#3823=CARTESIAN_POINT('Ctrl Pts',(29.2954542661727,-20.4343040582967,-0.282028212930653));
#3824=CARTESIAN_POINT('Ctrl Pts',(29.1818405891121,-20.2394418735539,-0.486515558007234));
#3825=CARTESIAN_POINT('Ctrl Pts',(28.5822653880162,-19.2978739816563,-1.51475943350236));
#3826=CARTESIAN_POINT('Ctrl Pts',(28.208098643171,-18.9858578131466,-1.99765473984697));
#3827=CARTESIAN_POINT('Ctrl Pts',(28.0744857372176,-18.8815961953524,-2.16671129946751));
#3828=CARTESIAN_POINT('Origin',(0.,0.,-0.0749999999999984));
#3829=CARTESIAN_POINT('Origin',(35.925,0.,-4.00000005960464));
#3830=CARTESIAN_POINT('',(-35.925,-4.39954362593687E-15,-4.00000005960464));
#3831=CARTESIAN_POINT('Origin',(0.,0.,-4.00000005960464));
#3832=CARTESIAN_POINT('',(-2.04939015319194,-1.6,-4.00000005960464));
#3833=CARTESIAN_POINT('',(2.04939015319194,-1.6,-4.00000005960464));
#3834=CARTESIAN_POINT('',(16.937804923404,-1.6,-4.00000005960464));
#3835=CARTESIAN_POINT('',(2.04939015319194,1.6,-4.00000005960464));
#3836=CARTESIAN_POINT('Origin',(0.,0.,-4.00000005960464));
#3837=CARTESIAN_POINT('',(-2.04939015319194,1.6,-4.00000005960464));
#3838=CARTESIAN_POINT('',(18.987195076596,1.6,-4.00000005960464));
#3839=CARTESIAN_POINT('Origin',(0.,0.,-4.00000005960464));
#3840=CARTESIAN_POINT('Ctrl Pts',(36.8384057754108,-11.9204214994138,2.82701587481361));
#3841=CARTESIAN_POINT('Ctrl Pts',(29.7025792248199,-9.61136228690767,9.25282763024084));
#3842=CARTESIAN_POINT('Ctrl Pts',(22.5667526742291,-7.30230307440156,15.6786393856681));
#3843=CARTESIAN_POINT('Ctrl Pts',(15.4309261236383,-4.99324386189545,22.1044511410953));
#3844=CARTESIAN_POINT('Ctrl Pts',(36.2002417858599,-10.9484232124568,1.89489488956397));
#3845=CARTESIAN_POINT('Ctrl Pts',(29.1881133686102,-8.82737354774675,8.50124792058056));
#3846=CARTESIAN_POINT('Ctrl Pts',(22.1757394611433,-6.70714144055219,15.1076498873904));
#3847=CARTESIAN_POINT('Ctrl Pts',(15.1636110438935,-4.58609177584215,21.714002918407));
#3848=CARTESIAN_POINT('Ctrl Pts',(35.1513612334699,-9.65270442741605,0.466107649827921));
#3849=CARTESIAN_POINT('Ctrl Pts',(28.3423183961026,-7.7832725389306,7.34935704953572));
#3850=CARTESIAN_POINT('Ctrl Pts',(21.5332972376773,-5.91277105524701,14.2322609976824));
#3851=CARTESIAN_POINT('Ctrl Pts',(14.72425440031,-4.04333916676156,21.1155103973902));
#3852=CARTESIAN_POINT('Ctrl Pts',(33.7460644430828,-8.54932922481546,-1.23181591904817));
#3853=CARTESIAN_POINT('Ctrl Pts',(27.2092338959899,-6.89314415441699,5.98016406840354));
#3854=CARTESIAN_POINT('Ctrl Pts',(20.6724321406975,-5.23734079356083,13.19230166365));
#3855=CARTESIAN_POINT('Ctrl Pts',(14.1356015936046,-3.58115572316235,20.4042816511017));
#3856=CARTESIAN_POINT('Ctrl Pts',(33.0937886915799,-8.2214144044321,-1.9569081033194));
#3857=CARTESIAN_POINT('Ctrl Pts',(26.6833239454007,-6.62933929816339,5.39574379389092));
#3858=CARTESIAN_POINT('Ctrl Pts',(20.2728401042337,-5.03587338244948,12.7479020628363));
#3859=CARTESIAN_POINT('Ctrl Pts',(13.8623753580545,-3.44379827618078,20.1005539600466));
#3860=CARTESIAN_POINT('Ctrl Pts',(32.8653011677544,-8.14730928299163,-2.19696158765612));
#3861=CARTESIAN_POINT('Ctrl Pts',(26.4990895000778,-6.56912519294469,5.20202560822925));
#3862=CARTESIAN_POINT('Ctrl Pts',(20.1328778324012,-4.99094110289774,12.6010128041146));
#3863=CARTESIAN_POINT('Ctrl Pts',(13.7666661647246,-3.4127570128508,20.));
#3864=CARTESIAN_POINT('',(13.7666661647246,-3.41275701285081,20.));
#3865=CARTESIAN_POINT('',(32.9262208666753,-8.1624112784367,-2.26776414588427));
#3866=CARTESIAN_POINT('',(17.7679068660893,-5.74945996027569,20.));
#3867=CARTESIAN_POINT('Ctrl Pts',(13.7666661647246,-3.4127570128508,20.));
#3868=CARTESIAN_POINT('Ctrl Pts',(13.8251816982776,-3.42961193813762,20.));
#3869=CARTESIAN_POINT('Ctrl Pts',(13.8841830046327,-3.44826448227316,19.9999832893615));
#3870=CARTESIAN_POINT('Ctrl Pts',(13.9436131104095,-3.46850767644923,19.9999613452405));
#3871=CARTESIAN_POINT('Ctrl Pts',(14.0060076672114,-3.48976062749757,19.9999383065181));
#3872=CARTESIAN_POINT('Ctrl Pts',(14.0688749276593,-3.51276682429917,19.9999095378704));
#3873=CARTESIAN_POINT('Ctrl Pts',(14.1321620491166,-3.53722883376856,19.9998808099781));
#3874=CARTESIAN_POINT('Ctrl Pts',(14.1922681412644,-3.56046129815365,19.9998535260488));
#3875=CARTESIAN_POINT('Ctrl Pts',(14.252753197483,-3.58500597294224,19.9998261947422));
#3876=CARTESIAN_POINT('Ctrl Pts',(14.313580833668,-3.61056591330597,19.9997976934486));
#3877=CARTESIAN_POINT('Ctrl Pts',(14.3972955398859,-3.64574306357343,19.9997584682285));
#3878=CARTESIAN_POINT('Ctrl Pts',(14.4816599450278,-3.6828417689536,19.9997173003615));
#3879=CARTESIAN_POINT('Ctrl Pts',(14.5663901593715,-3.72166968716613,19.9996925808403));
#3880=CARTESIAN_POINT('Ctrl Pts',(14.6547773902442,-3.76217344604294,19.9996667944069));
#3881=CARTESIAN_POINT('Ctrl Pts',(14.7435627401846,-3.8045588339492,19.9996589299313));
#3882=CARTESIAN_POINT('Ctrl Pts',(14.8324275629578,-3.84855241897863,19.9996744142804));
#3883=CARTESIAN_POINT('Ctrl Pts',(14.9244666156043,-3.89411744417394,19.9996904517266));
#3884=CARTESIAN_POINT('Ctrl Pts',(15.0165910079953,-3.94140725961971,19.9997314996367));
#3885=CARTESIAN_POINT('Ctrl Pts',(15.1084494184216,-3.99006352054281,19.9997874707235));
#3886=CARTESIAN_POINT('Ctrl Pts',(15.2068487725799,-4.04218443825048,19.9998474273325));
#3887=CARTESIAN_POINT('Ctrl Pts',(15.3049430518358,-4.09587294901093,19.9999245046392));
#3888=CARTESIAN_POINT('Ctrl Pts',(15.4023017231108,-4.15063230775258,19.9999882879017));
#3889=CARTESIAN_POINT('Ctrl Pts',(15.4106293669144,-4.15531618879312,19.9999937436488));
#3890=CARTESIAN_POINT('Ctrl Pts',(15.4189516286905,-4.16000787524562,19.9999990920599));
#3891=CARTESIAN_POINT('Ctrl Pts',(15.4272682388651,-4.16470704056863,20.000004308607));
#3892=CARTESIAN_POINT('Ctrl Pts',(15.526035573402,-4.22051391665855,20.0000662598632));
#3893=CARTESIAN_POINT('Ctrl Pts',(15.6240056470276,-4.27738039638277,20.0001110926251));
#3894=CARTESIAN_POINT('Ctrl Pts',(15.7206966554442,-4.3348840429625,20.000111850252));
#3895=CARTESIAN_POINT('Ctrl Pts',(15.8672327785971,-4.42203135453716,20.0001129984426));
#3896=CARTESIAN_POINT('Ctrl Pts',(16.0133170179773,-4.5121351082631,20.0000805662501));
#3897=CARTESIAN_POINT('Ctrl Pts',(16.1586244785413,-4.60479448362169,20.000047009818));
#3898=CARTESIAN_POINT('Ctrl Pts',(16.3089663631859,-4.70066420061578,20.0000122907662));
#3899=CARTESIAN_POINT('Ctrl Pts',(16.45847666692,-4.79926967667602,19.9999763207012));
#3900=CARTESIAN_POINT('Ctrl Pts',(16.6067937876372,-4.90011393344295,19.9999552598219));
#3901=CARTESIAN_POINT('Ctrl Pts',(16.7589028406792,-5.00353641310932,19.9999336604921));
#3902=CARTESIAN_POINT('Ctrl Pts',(16.9097568758145,-5.10931340012765,19.9999276284524));
#3903=CARTESIAN_POINT('Ctrl Pts',(17.0589647209531,-5.21685583685727,19.9999354228454));
#3904=CARTESIAN_POINT('Ctrl Pts',(17.2160153230936,-5.33005098707449,19.9999436269322));
#3905=CARTESIAN_POINT('Ctrl Pts',(17.3712420922154,-5.44520191189387,19.9999670627994));
#3906=CARTESIAN_POINT('Ctrl Pts',(17.5241883035578,-5.56156617507023,19.9999841741466));
#3907=CARTESIAN_POINT('Ctrl Pts',(17.6061054276778,-5.62389021504533,19.9999933388872));
#3908=CARTESIAN_POINT('Ctrl Pts',(17.6873683425597,-5.68656139969469,20.000000371214));
#3909=CARTESIAN_POINT('Ctrl Pts',(17.7679068660894,-5.7494599602757,20.));
#3910=CARTESIAN_POINT('',(34.1800698939176,-11.0602191229155,5.22084731621241));
#3911=CARTESIAN_POINT('',(36.9066900907472,-11.9425174018687,2.76552584936396));
#3912=CARTESIAN_POINT('Ctrl Pts',(34.1800698939176,-11.0602191229156,5.22084731621242));
#3913=CARTESIAN_POINT('Ctrl Pts',(34.4044459135421,-10.3668162212142,3.51100288665222));
#3914=CARTESIAN_POINT('Ctrl Pts',(34.5729638754047,-9.77343602325002,1.71995742149033));
#3915=CARTESIAN_POINT('Ctrl Pts',(34.6904267968218,-9.33701845635682,-0.0750000000239991));
#3916=CARTESIAN_POINT('Origin',(32.9262208666753,-8.1624112784367,-2.26776414588427));
#3917=CARTESIAN_POINT('',(12.7520673888112,-3.16241504196898,20.));
#3918=CARTESIAN_POINT('',(30.1010693318216,-7.46483464460249,-1.76776695296637));
#3919=CARTESIAN_POINT('',(25.290718126346,-6.25620010494391,20.));
#3920=CARTESIAN_POINT('Ctrl Pts',(38.6938023384024,1.39794470353835,2.82701587481361));
#3921=CARTESIAN_POINT('Ctrl Pts',(31.1985740227952,1.12715418690787,9.25282763024084));
#3922=CARTESIAN_POINT('Ctrl Pts',(23.7033457071881,0.856363670277388,15.6786393856681));
#3923=CARTESIAN_POINT('Ctrl Pts',(16.2081173915809,0.585573153646907,22.1044511410953));
#3924=CARTESIAN_POINT('Ctrl Pts',(37.7616813531532,2.09305938203657,1.8948948895645));
#3925=CARTESIAN_POINT('Ctrl Pts',(30.4469943131354,1.68790493399925,8.5012479205811));
#3926=CARTESIAN_POINT('Ctrl Pts',(23.1323562089106,1.28189827059853,15.1076498873906));
#3927=CARTESIAN_POINT('Ctrl Pts',(15.8176691688928,0.876743822561205,21.7140029184072));
#3928=CARTESIAN_POINT('Ctrl Pts',(36.3328809412418,2.95192033969649,0.466094477652638));
#3929=CARTESIAN_POINT('Ctrl Pts',(29.2950902699152,2.37978188322114,7.34934387736044));
#3930=CARTESIAN_POINT('Ctrl Pts',(22.2569618016222,1.80864323256223,14.2322554801021));
#3931=CARTESIAN_POINT('Ctrl Pts',(15.2191711302957,1.23650477608688,21.1155048798099));
#3932=CARTESIAN_POINT('Ctrl Pts',(34.6349651306106,3.50810878978326,-1.23182133297775));
#3933=CARTESIAN_POINT('Ctrl Pts',(27.9259050470279,2.82868595848016,5.98015865447396));
#3934=CARTESIAN_POINT('Ctrl Pts',(21.217005717375,2.14890465141393,13.1922993958552));
#3935=CARTESIAN_POINT('Ctrl Pts',(14.5079456337923,1.46948182011082,20.4042793833069));
#3936=CARTESIAN_POINT('Ctrl Pts',(33.9098783602694,3.59313990321572,-1.95690810331932));
#3937=CARTESIAN_POINT('Ctrl Pts',(27.3414901864454,2.896693061041,5.395743793891));
#3938=CARTESIAN_POINT('Ctrl Pts',(20.7726083843563,2.20154662136843,12.7479020628363));
#3939=CARTESIAN_POINT('Ctrl Pts',(14.2042202105323,1.5050997791937,20.1005539600467));
#3940=CARTESIAN_POINT('Ctrl Pts',(33.6698248759326,3.58462860334887,-2.19696158765613));
#3941=CARTESIAN_POINT('Ctrl Pts',(27.1477720007836,2.89026391998741,5.20202560822925));
#3942=CARTESIAN_POINT('Ctrl Pts',(20.6257191256346,2.19589923662595,12.6010128041146));
#3943=CARTESIAN_POINT('Ctrl Pts',(14.1036662504856,1.50153455326449,20.));
#3944=CARTESIAN_POINT('',(14.1036662504856,1.50153455326448,20.));
#3945=CARTESIAN_POINT('',(33.7322358541157,3.59127313382629,-2.26776414588427));
#3946=CARTESIAN_POINT('',(18.6628020885341,0.67425695476192,20.));
#3947=CARTESIAN_POINT('Ctrl Pts',(14.1036662504856,1.50153455326449,20.));
#3948=CARTESIAN_POINT('Ctrl Pts',(14.1644211603155,1.50570984091792,20.));
#3949=CARTESIAN_POINT('Ctrl Pts',(14.2262474168514,1.50836212368906,19.9999832091899));
#3950=CARTESIAN_POINT('Ctrl Pts',(14.2890206989211,1.50966634284948,19.9999611324676));
#3951=CARTESIAN_POINT('Ctrl Pts',(14.3549244042091,1.51103560174986,19.9999379548073));
#3952=CARTESIAN_POINT('Ctrl Pts',(14.4218719827999,1.5109190588457,19.9999089896055));
#3953=CARTESIAN_POINT('Ctrl Pts',(14.4897120626912,1.50957805829187,19.9998800415447));
#3954=CARTESIAN_POINT('Ctrl Pts',(14.5541322790747,1.50830465846708,19.999852552775));
#3955=CARTESIAN_POINT('Ctrl Pts',(14.6193571974625,1.50592810242918,19.9998249952771));
#3956=CARTESIAN_POINT('Ctrl Pts',(14.6852511418068,1.50271478883665,19.9997962776786));
#3957=CARTESIAN_POINT('Ctrl Pts',(14.7759465802511,1.49829203211698,19.9997567512059));
#3958=CARTESIAN_POINT('Ctrl Pts',(14.8679097192197,1.49228573624181,19.9997153008343));
#3959=CARTESIAN_POINT('Ctrl Pts',(14.9608080306359,1.48477955589687,19.9996903243936));
#3960=CARTESIAN_POINT('Ctrl Pts',(15.0577161053583,1.47694938681566,19.9996642698965));
#3961=CARTESIAN_POINT('Ctrl Pts',(15.1556418475248,1.46748714642692,19.9996561653167));
#3962=CARTESIAN_POINT('Ctrl Pts',(15.2541923357696,1.45654080356988,19.9996714457507));
#3963=CARTESIAN_POINT('Ctrl Pts',(15.3562631143982,1.44520344991034,19.9996872720122));
#3964=CARTESIAN_POINT('Ctrl Pts',(15.4590040328419,1.43227443059695,19.9997281476561));
#3965=CARTESIAN_POINT('Ctrl Pts',(15.5619624243951,1.41797033245397,19.9997839941545));
#3966=CARTESIAN_POINT('Ctrl Pts',(15.6722523538571,1.40264765742567,19.999843817412));
#3967=CARTESIAN_POINT('Ctrl Pts',(15.782791827818,1.38574750027285,19.9999208162253));
#3968=CARTESIAN_POINT('Ctrl Pts',(15.8930064115033,1.36758941336026,19.9999845849293));
#3969=CARTESIAN_POINT('Ctrl Pts',(15.902440162378,1.36603518285313,19.9999900431731));
#3970=CARTESIAN_POINT('Ctrl Pts',(15.9118715228891,1.36447176379571,19.9999953944007));
#3971=CARTESIAN_POINT('Ctrl Pts',(15.9213001273027,1.36289937128901,20.0000006140381));
#3972=CARTESIAN_POINT('Ctrl Pts',(16.0331981335313,1.34423832891304,20.0000625603232));
#3973=CARTESIAN_POINT('Ctrl Pts',(16.1447094288481,1.32430882282413,20.0001074516124));
#3974=CARTESIAN_POINT('Ctrl Pts',(16.2552367627613,1.30334305764433,20.0001083106044));
#3975=CARTESIAN_POINT('Ctrl Pts',(16.4227501420876,1.2715676944732,20.0001096124783));
#3976=CARTESIAN_POINT('Ctrl Pts',(16.5908502106154,1.23685921760899,20.0000774317057));
#3977=CARTESIAN_POINT('Ctrl Pts',(16.7590944575624,1.19948327622184,20.0000441733526));
#3978=CARTESIAN_POINT('Ctrl Pts',(16.9331717403911,1.16081150920508,20.0000097619309));
#3979=CARTESIAN_POINT('Ctrl Pts',(17.1074033247073,1.11928411100139,19.9999741493329));
#3980=CARTESIAN_POINT('Ctrl Pts',(17.2812792731282,1.07524457201191,19.9999534424433));
#3981=CARTESIAN_POINT('Ctrl Pts',(17.4596038959308,1.03007826666589,19.9999322057611));
#3982=CARTESIAN_POINT('Ctrl Pts',(17.6375543378042,0.982269812130938,19.9999265331754));
#3983=CARTESIAN_POINT('Ctrl Pts',(17.8145613398658,0.932239148845368,19.9999346289985));
#3984=CARTESIAN_POINT('Ctrl Pts',(18.0008793254851,0.879576755301604,19.9999431506809));
#3985=CARTESIAN_POINT('Ctrl Pts',(18.1861519199845,0.824452341533708,19.9999668408615));
#3986=CARTESIAN_POINT('Ctrl Pts',(18.3696956994082,0.767407650965711,19.9999840815835));
#3987=CARTESIAN_POINT('Ctrl Pts',(18.4679289284159,0.736877146636788,19.9999933088742));
#3988=CARTESIAN_POINT('Ctrl Pts',(18.5656666334859,0.705797450670195,20.0000003709902));
#3989=CARTESIAN_POINT('Ctrl Pts',(18.6628020885341,0.674256954761917,20.));
#3990=CARTESIAN_POINT('',(35.9015771868938,1.29706610992018,5.22084731621241));
#3991=CARTESIAN_POINT('',(38.765525849364,1.4005359583701,2.76552584936396));
#3992=CARTESIAN_POINT('Ctrl Pts',(35.9015771868938,1.29706610992017,5.22084731621242));
#3993=CARTESIAN_POINT('Ctrl Pts',(35.8752639169983,2.02539281815124,3.51100288693399));
#3994=CARTESIAN_POINT('Ctrl Pts',(35.8306710218741,2.64062434906215,1.7199574215928));
#3995=CARTESIAN_POINT('Ctrl Pts',(35.7917864635648,3.09089740149729,-0.0750000000239955));
#3996=CARTESIAN_POINT('Origin',(33.7322358541157,3.59127313382629,-2.26776414588427));
#3997=CARTESIAN_POINT('',(13.06463327094,1.3897658372192,20.));
#3998=CARTESIAN_POINT('',(30.8388765439271,3.28052201620556,-1.76776695296637));
#3999=CARTESIAN_POINT('',(26.1229414647437,2.79444727590001,20.));
#4000=CARTESIAN_POINT('Origin',(28.1488177034478,-18.9315884261595,-2.26776414588427));
#4001=CARTESIAN_POINT('',(10.9014139791211,-7.33316199482041,20.));
#4002=CARTESIAN_POINT('',(25.7326289138284,-17.3098220780454,-1.76776695296637));
#4003=CARTESIAN_POINT('',(11.7692029651438,-7.91541971628699,20.));
#4004=CARTESIAN_POINT('',(20.5333396007193,-13.7958656659873,20.));
#4005=CARTESIAN_POINT('',(28.1488177034478,-18.9315884261595,-2.26776414588427));
#4006=CARTESIAN_POINT('Ctrl Pts',(35.8821552796797,14.5476981437772,2.8270158748136));
#4007=CARTESIAN_POINT('Ctrl Pts',(28.9315603517072,11.7297192307582,9.25282763024084));
#4008=CARTESIAN_POINT('Ctrl Pts',(21.9809654237348,8.91174031773914,15.6786393856681));
#4009=CARTESIAN_POINT('Ctrl Pts',(15.0303704957624,6.0937614047201,22.1044511410953));
#4010=CARTESIAN_POINT('Ctrl Pts',(34.768504846194,14.8820881247902,1.89489488956505));
#4011=CARTESIAN_POINT('Ctrl Pts',(28.0335183937178,11.9995971698817,8.50124792058163));
#4012=CARTESIAN_POINT('Ctrl Pts',(21.2988694006655,9.11632213151169,15.1076498873909));
#4013=CARTESIAN_POINT('Ctrl Pts',(14.5638829481892,6.23383117660314,21.7140029184074));
#4014=CARTESIAN_POINT('Ctrl Pts',(33.1321532258009,15.2004511312207,0.466113907959462));
#4015=CARTESIAN_POINT('Ctrl Pts',(26.7144761422052,12.2557506714998,7.34936330766728));
#4016=CARTESIAN_POINT('Ctrl Pts',(20.2961226347237,9.31188800529067,14.2322636190978));
#4017=CARTESIAN_POINT('Ctrl Pts',(13.878445551128,6.36718754556976,21.1155130188056));
#4018=CARTESIAN_POINT('Ctrl Pts',(31.346393061039,15.142379603913,-1.23181337345381));
#4019=CARTESIAN_POINT('Ctrl Pts',(25.2743151022281,12.2092972915765,5.98016661399789));
#4020=CARTESIAN_POINT('Ctrl Pts',(19.2025016399108,9.27594477029967,13.1923027299524));
#4021=CARTESIAN_POINT('Ctrl Pts',(13.1304236810999,6.34286245796322,20.4042827174041));
#4022=CARTESIAN_POINT('Ctrl Pts',(30.6359362422057,14.9743085094385,-1.95690810331945));
#4023=CARTESIAN_POINT('Ctrl Pts',(24.7018691935851,12.0733414864473,5.39574379389087));
#4024=CARTESIAN_POINT('Ctrl Pts',(18.7668935222765,9.17342761128158,12.7479020628363));
#4025=CARTESIAN_POINT('Ctrl Pts',(12.8328264736559,6.27246058829041,20.1005539600466));
#4026=CARTESIAN_POINT('Ctrl Pts',(30.413270790381,14.8842073766417,-2.19696158765612));
#4027=CARTESIAN_POINT('Ctrl Pts',(24.5220325397516,12.0010445484165,5.20202560822925));
#4028=CARTESIAN_POINT('Ctrl Pts',(18.6307942891221,9.11788172019135,12.6010128041146));
#4029=CARTESIAN_POINT('Ctrl Pts',(12.7395560384926,6.23471889196619,20.));
#4030=CARTESIAN_POINT('',(12.7395560384926,6.23471889196618,20.));
#4031=CARTESIAN_POINT('',(30.4696453627695,14.9117970046032,-2.26776414588427));
#4032=CARTESIAN_POINT('',(17.3066879454774,7.01664853008238,20.));
#4033=CARTESIAN_POINT('Ctrl Pts',(12.7395560384927,6.2347188919662,20.));
#4034=CARTESIAN_POINT('Ctrl Pts',(12.795214163174,6.25941965913814,20.));
#4035=CARTESIAN_POINT('Ctrl Pts',(12.8523998880276,6.28305558533438,19.9999833270355));
#4036=CARTESIAN_POINT('Ctrl Pts',(12.9109365207326,6.30574862122962,19.9999614452814));
#4037=CARTESIAN_POINT('Ctrl Pts',(12.9723933757012,6.32957374664872,19.9999384719103));
#4038=CARTESIAN_POINT('Ctrl Pts',(13.0353392998046,6.35235963496372,19.9999097957519));
#4039=CARTESIAN_POINT('Ctrl Pts',(13.0995426092507,6.37430019839759,19.9998811715602));
#4040=CARTESIAN_POINT('Ctrl Pts',(13.1605232095246,6.39513944702957,19.9998539841705));
#4041=CARTESIAN_POINT('Ctrl Pts',(13.2226377256899,6.41521697784362,19.9998267595433));
#4042=CARTESIAN_POINT('Ctrl Pts',(13.2856673500498,6.43473694880991,19.9997983604247));
#4043=CARTESIAN_POINT('Ctrl Pts',(13.3724089324605,6.46160039893235,19.9997592774615));
#4044=CARTESIAN_POINT('Ctrl Pts',(13.4608833642038,6.48740950829792,19.9997182433109));
#4045=CARTESIAN_POINT('Ctrl Pts',(13.5507495277339,6.51212913190752,19.9996936456029));
#4046=CARTESIAN_POINT('Ctrl Pts',(13.6444943172941,6.53791565513562,19.9996679862571));
#4047=CARTESIAN_POINT('Ctrl Pts',(13.7397535577069,6.56251670764294,19.9996602358733));
#4048=CARTESIAN_POINT('Ctrl Pts',(13.8361073823023,6.58593692051511,19.9996758173014));
#4049=CARTESIAN_POINT('Ctrl Pts',(13.9359029282268,6.61019369432831,19.999691955292));
#4050=CARTESIAN_POINT('Ctrl Pts',(14.0368724951247,6.63318408643476,19.9997330854647));
#4051=CARTESIAN_POINT('Ctrl Pts',(14.1385166036788,6.65495677072838,19.9997891162459));
#4052=CARTESIAN_POINT('Ctrl Pts',(14.2473984374006,6.6782798125127,19.9998491367851));
#4053=CARTESIAN_POINT('Ctrl Pts',(14.3570541549212,6.70020593365985,19.9999262520769));
#4054=CARTESIAN_POINT('Ctrl Pts',(14.4668346338567,6.7208389111965,19.9999900428489));
#4055=CARTESIAN_POINT('Ctrl Pts',(14.4762216779115,6.72260318359718,19.9999954974324));
#4056=CARTESIAN_POINT('Ctrl Pts',(14.4856096153007,6.72435802354925,20.0000008445287));
#4057=CARTESIAN_POINT('Ctrl Pts',(14.4949980300272,6.7261035078363,20.0000060596317));
#4058=CARTESIAN_POINT('Ctrl Pts',(14.6065301463538,6.74683944273282,20.0000680138058));
#4059=CARTESIAN_POINT('Ctrl Pts',(14.7181325831324,6.7662512326145,20.0001128192381));
#4060=CARTESIAN_POINT('Ctrl Pts',(14.8291647340638,6.78435277434947,20.0001135291165));
#4061=CARTESIAN_POINT('Ctrl Pts',(14.9974310360756,6.81178518435777,20.0001146049184));
#4062=CARTESIAN_POINT('Ctrl Pts',(15.1672513996478,6.83666252568259,20.0000820537872));
#4063=CARTESIAN_POINT('Ctrl Pts',(15.338119372726,6.85908297045934,20.0000483561357));
#4064=CARTESIAN_POINT('Ctrl Pts',(15.5149054345626,6.88227995738031,20.0000134913511));
#4065=CARTESIAN_POINT('Ctrl Pts',(15.6928128862042,6.9028468945353,19.9999773517564));
#4066=CARTESIAN_POINT('Ctrl Pts',(15.8712453739004,6.92093201111949,19.9999561228963));
#4067=CARTESIAN_POINT('Ctrl Pts',(16.054238105379,6.93947933355824,19.999934351485));
#4068=CARTESIAN_POINT('Ctrl Pts',(16.2377828828815,6.95541649109537,19.9999281487683));
#4069=CARTESIAN_POINT('Ctrl Pts',(16.4212015384209,6.96894323253606,19.9999357999868));
#4070=CARTESIAN_POINT('Ctrl Pts',(16.6142576513782,6.98318071626333,19.9999438532272));
#4071=CARTESIAN_POINT('Ctrl Pts',(16.8071739168996,6.99474791280097,19.9999671682302));
#4072=CARTESIAN_POINT('Ctrl Pts',(16.9991234249559,7.00391990418777,19.9999842180969));
#4073=CARTESIAN_POINT('Ctrl Pts',(17.1019666643246,7.00883409915098,19.9999933531217));
#4074=CARTESIAN_POINT('Ctrl Pts',(17.2045317904853,7.0130614166963,20.0000003713217));
#4075=CARTESIAN_POINT('Ctrl Pts',(17.3066879454774,7.01664853008238,20.));
#4076=CARTESIAN_POINT('',(33.2928244202821,13.4979060272425,5.22084731621241));
#4077=CARTESIAN_POINT('',(35.9486670723182,14.5746640123201,2.76552584936396));
#4078=CARTESIAN_POINT('Ctrl Pts',(33.2928244202821,13.4979060272425,5.22084731621241));
#4079=CARTESIAN_POINT('Ctrl Pts',(33.0189956296271,14.173309592069,3.51100288713306));
#4080=CARTESIAN_POINT('Ctrl Pts',(32.7666704387266,14.7361864534384,1.71995742158893));
#4081=CARTESIAN_POINT('Ctrl Pts',(32.5761284522917,15.1460054159435,-0.0750000000239895));
#4082=CARTESIAN_POINT('Origin',(30.4696453627695,14.9117970046032,-2.26776414588427));
#4083=CARTESIAN_POINT('',(11.8014115671416,5.77432044567944,20.));
#4084=CARTESIAN_POINT('',(27.8570601114903,13.6301993065106,-1.76776695296637));
#4085=CARTESIAN_POINT('',(22.7802005971494,11.1622085224979,20.));
#4086=CARTESIAN_POINT('Origin',(19.97625169288,-27.4173366091993,-2.26776414588427));
#4087=CARTESIAN_POINT('',(7.73588915581359,-10.6194213851518,20.));
#4088=CARTESIAN_POINT('',(18.2604536756717,-25.0669895031101,-1.76776695296637));
#4089=CARTESIAN_POINT('',(8.35220019302997,-11.4633659827855,20.));
#4090=CARTESIAN_POINT('',(13.2475838446027,-18.1668522691079,20.));
#4091=CARTESIAN_POINT('',(19.97625169288,-27.4173366091993,-2.26776414588427));
#4092=CARTESIAN_POINT('Ctrl Pts',(28.7425907300159,25.9427844867182,2.82701587481362));
#4093=CARTESIAN_POINT('Ctrl Pts',(23.1749735178477,20.9175070231602,9.25282763024084));
#4094=CARTESIAN_POINT('Ctrl Pts',(17.6073563056795,15.8922295596021,15.6786393856681));
#4095=CARTESIAN_POINT('Ctrl Pts',(12.0397390935113,10.866952096044,22.1044511410953));
#4096=CARTESIAN_POINT('Ctrl Pts',(27.5817335263015,25.8761174034654,1.894894889565));
#4097=CARTESIAN_POINT('Ctrl Pts',(22.2387864253493,20.8639608918833,8.50124792058157));
#4098=CARTESIAN_POINT('Ctrl Pts',(16.8964246048655,15.8511830007791,15.1076498873908));
#4099=CARTESIAN_POINT('Ctrl Pts',(11.5534775039133,10.839026489197,21.7140029184074));
#4100=CARTESIAN_POINT('Ctrl Pts',(25.9351910404123,25.6156114530585,0.466120170718656));
#4101=CARTESIAN_POINT('Ctrl Pts',(20.9116941156555,20.6535233246846,7.34936957042648));
#4102=CARTESIAN_POINT('Ctrl Pts',(15.8872682667343,15.6919934981607,14.2322662424517));
#4103=CARTESIAN_POINT('Ctrl Pts',(10.8637713419776,10.7299053697869,21.1155156421595));
#4104=CARTESIAN_POINT('Ctrl Pts',(24.2769822144844,24.9502760459859,-1.23181084186584));
#4105=CARTESIAN_POINT('Ctrl Pts',(19.5742685966043,20.1173072671685,5.98016914558585));
#4106=CARTESIAN_POINT('Ctrl Pts',(14.8718919840797,15.284177465133,13.1923037903877));
#4107=CARTESIAN_POINT('Ctrl Pts',(10.1691783661996,10.4512086863156,20.4042837778394));
#4108=CARTESIAN_POINT('Ctrl Pts',(23.6668480750675,24.5493545121663,-1.95690810331926));
#4109=CARTESIAN_POINT('Ctrl Pts',(19.0828382152164,19.7937667450449,5.39574379389107));
#4110=CARTESIAN_POINT('Ctrl Pts',(14.49761433156,15.0388578459016,12.7479020628364));
#4111=CARTESIAN_POINT('Ctrl Pts',(9.91360447170887,10.2832700787802,20.1005539600467));
#4112=CARTESIAN_POINT('Ctrl Pts',(23.4884273954367,24.3885310728059,-2.19696158765612));
#4113=CARTESIAN_POINT('Ctrl Pts',(18.9385740477693,19.6643220877525,5.20202560822925));
#4114=CARTESIAN_POINT('Ctrl Pts',(14.3887207001019,14.9401131026991,12.6010128041146));
#4115=CARTESIAN_POINT('Ctrl Pts',(9.83886735243456,10.2159041176458,20.));
#4116=CARTESIAN_POINT('',(9.83886735243457,10.2159041176458,20.));
#4117=CARTESIAN_POINT('',(23.5319659566004,24.4337380819397,-2.26776414588427));
#4118=CARTESIAN_POINT('',(13.8631318166849,12.5127287379715,20.));
#4119=CARTESIAN_POINT('Ctrl Pts',(9.83886735243456,10.2159041176458,20.));
#4120=CARTESIAN_POINT('Ctrl Pts',(9.88271954959221,10.2581503170227,20.));
#4121=CARTESIAN_POINT('Ctrl Pts',(9.9283714205062,10.2999183285409,19.9999833644888));
#4122=CARTESIAN_POINT('Ctrl Pts',(9.97561520028644,10.3412623353731,19.9999615447697));
#4123=CARTESIAN_POINT('Ctrl Pts',(10.0252161030887,10.3846691092146,19.9999386364044));
#4124=CARTESIAN_POINT('Ctrl Pts',(10.0765717137053,10.4276085892946,19.9999100522692));
#4125=CARTESIAN_POINT('Ctrl Pts',(10.1293979716127,10.4701837763044,19.9998815313154));
#4126=CARTESIAN_POINT('Ctrl Pts',(10.1795761359284,10.5106247390788,19.9998544400703));
#4127=CARTESIAN_POINT('Ctrl Pts',(10.231080518903,10.5507376979977,19.9998273217328));
#4128=CARTESIAN_POINT('Ctrl Pts',(10.2836355994062,10.5906397075285,19.9997990245113));
#4129=CARTESIAN_POINT('Ctrl Pts',(10.3559590856121,10.6455507153369,19.9997600833911));
#4130=CARTESIAN_POINT('Ctrl Pts',(10.4302715100699,10.7000636701501,19.9997191827555));
#4131=CARTESIAN_POINT('Ctrl Pts',(10.5062643401281,10.7540288679098,19.9996947068015));
#4132=CARTESIAN_POINT('Ctrl Pts',(10.5855369871569,10.8103231797622,19.9996691744762));
#4133=CARTESIAN_POINT('Ctrl Pts',(10.6666381833134,10.8660215132545,19.9996615382793));
#4134=CARTESIAN_POINT('Ctrl Pts',(10.749171791236,10.9209846065363,19.9996772169769));
#4135=CARTESIAN_POINT('Ctrl Pts',(10.8346534703247,10.977910961992,19.9996934557121));
#4136=CARTESIAN_POINT('Ctrl Pts',(10.9216714622261,11.0340488640711,19.9997346684584));
#4137=CARTESIAN_POINT('Ctrl Pts',(11.0097397538389,11.0892732074161,19.9997907592782));
#4138=CARTESIAN_POINT('Ctrl Pts',(11.1040790950924,11.1484298922674,19.9998508441384));
#4139=CARTESIAN_POINT('Ctrl Pts',(11.1996233755062,11.2065385909444,19.9999279978573));
#4140=CARTESIAN_POINT('Ctrl Pts',(11.2957271152552,11.2634747950735,19.9999917964981));
#4141=CARTESIAN_POINT('Ctrl Pts',(11.3039419490406,11.2683416343299,19.9999972499303));
#4142=CARTESIAN_POINT('Ctrl Pts',(11.3121608452223,11.273199921187,20.0000025957245));
#4143=CARTESIAN_POINT('Ctrl Pts',(11.3203833870417,11.2780495855804,20.0000078093968));
#4144=CARTESIAN_POINT('Ctrl Pts',(11.4180971481417,11.3356812715427,20.0000697668231));
#4145=CARTESIAN_POINT('Ctrl Pts',(11.5163298231785,11.3920927315709,20.0001145451905));
#4146=CARTESIAN_POINT('Ctrl Pts',(11.614474703389,11.4470779189381,20.00011520753));
#4147=CARTESIAN_POINT('Ctrl Pts',(11.7632071589371,11.5304045470654,20.0001162112643));
#4148=CARTESIAN_POINT('Ctrl Pts',(11.9142736506613,11.6118618232278,20.0000835414131));
#4149=CARTESIAN_POINT('Ctrl Pts',(12.0671647753298,11.6913687738193,20.0000497026775));
#4150=CARTESIAN_POINT('Ctrl Pts',(12.2253496162306,11.7736285803129,20.0000146923063));
#4151=CARTESIAN_POINT('Ctrl Pts',(12.3854875924351,11.8538006375675,19.9999783832401));
#4152=CARTESIAN_POINT('Ctrl Pts',(12.5469677286638,11.9318202624249,19.9999569863964));
#4153=CARTESIAN_POINT('Ctrl Pts',(12.712573365078,12.0118331353952,19.9999350429054));
#4154=CARTESIAN_POINT('Ctrl Pts',(12.8795904113109,12.0895822577836,19.999928669447));
#4155=CARTESIAN_POINT('Ctrl Pts',(13.047313418357,12.1650233761164,19.9999361774071));
#4156=CARTESIAN_POINT('Ctrl Pts',(13.2238459401769,12.2444269779404,19.9999440797166));
#4157=CARTESIAN_POINT('Ctrl Pts',(13.4011603847328,12.3212737958518,19.9999672737421));
#4158=CARTESIAN_POINT('Ctrl Pts',(13.5783858351645,12.3955394919623,19.999984262071));
#4159=CARTESIAN_POINT('Ctrl Pts',(13.6733738721496,12.4353438917914,19.9999933673548));
#4160=CARTESIAN_POINT('Ctrl Pts',(13.7683355480402,12.4744072738015,20.0000003714305));
#4161=CARTESIAN_POINT('Ctrl Pts',(13.8631318166849,12.5127287379715,20.));
#4162=CARTESIAN_POINT('',(26.6684656788261,24.0706992698026,5.22084731621241));
#4163=CARTESIAN_POINT('',(28.7958685005296,25.9908724872522,2.76552584936396));
#4164=CARTESIAN_POINT('Ctrl Pts',(26.6684656788261,24.0706992698026,5.22084731621242));
#4165=CARTESIAN_POINT('Ctrl Pts',(26.1801491608909,24.6117160534444,3.51100288729635));
#4166=CARTESIAN_POINT('Ctrl Pts',(25.7505258161517,25.0543469885442,1.71995742178698));
#4167=CARTESIAN_POINT('Ctrl Pts',(25.4313085772201,25.3742816459937,-0.0750000000239659));
#4168=CARTESIAN_POINT('Origin',(23.5319659566004,24.4337380819397,-2.26776414588427));
#4169=CARTESIAN_POINT('',(9.11476545806078,9.46240678849713,20.));
#4170=CARTESIAN_POINT('',(21.5152711031867,22.3358734001329,-1.76776695296637));
#4171=CARTESIAN_POINT('',(16.2597063365667,16.8974016569126,20.));
#4172=CARTESIAN_POINT('Origin',(9.39425491007485,-32.5961493603764,-2.26776414588427));
#4173=CARTESIAN_POINT('',(3.63730193075045,-12.6248218304661,20.));
#4174=CARTESIAN_POINT('',(8.58579822863485,-29.8007080447354,-1.76776695296637));
#4175=CARTESIAN_POINT('',(3.92779881228999,-13.6286611304966,20.));
#4176=CARTESIAN_POINT('',(5.42364989248612,-18.7977152467952,20.));
#4177=CARTESIAN_POINT('',(9.39425491007485,-32.5961493603764,-2.26776414588427));
#4178=CARTESIAN_POINT('Ctrl Pts',(18.1362455428511,34.2087881458394,2.8270158748136));
#4179=CARTESIAN_POINT('Ctrl Pts',(14.6231428515534,27.5823347590439,9.25282763024083));
#4180=CARTESIAN_POINT('Ctrl Pts',(11.1100401602557,20.9558813722484,15.6786393856681));
#4181=CARTESIAN_POINT('Ctrl Pts',(7.59693746895807,14.3294279854529,22.1044511410953));
#4182=CARTESIAN_POINT('Ctrl Pts',(17.0681980801033,33.749105032462,1.89489488956425));
#4183=CARTESIAN_POINT('Ctrl Pts',(13.761728604551,27.2118230110552,8.50124792058084));
#4184=CARTESIAN_POINT('Ctrl Pts',(10.4560216370495,20.6741572616065,15.1076498873905));
#4185=CARTESIAN_POINT('Ctrl Pts',(7.1495521614972,14.1368752401996,21.7140029184071));
#4186=CARTESIAN_POINT('Ctrl Pts',(15.6100405109541,32.9411587010439,0.466114057087284));
#4187=CARTESIAN_POINT('Ctrl Pts',(12.5866316130805,26.5601839649202,7.34936345679509));
#4188=CARTESIAN_POINT('Ctrl Pts',(9.56216585114866,20.1794162170562,14.2322636815647));
#4189=CARTESIAN_POINT('Ctrl Pts',(6.53875695327503,13.7984414809325,21.1155130812725));
#4190=CARTESIAN_POINT('Ctrl Pts',(14.2793964132608,31.7488087806845,-1.23181331299099));
#4191=CARTESIAN_POINT('Ctrl Pts',(11.5132638032891,25.5988808971342,5.98016667446072));
#4192=CARTESIAN_POINT('Ctrl Pts',(8.7475073873311,19.4489160589635,13.1923027552791));
#4193=CARTESIAN_POINT('Ctrl Pts',(5.98137477735941,13.2989881754132,20.4042827427309));
#4194=CARTESIAN_POINT('Ctrl Pts',(13.8431887445984,31.1633860508413,-1.95690810331904));
#4195=CARTESIAN_POINT('Ctrl Pts',(11.1621353153952,25.126771609305,5.39574379389128));
#4196=CARTESIAN_POINT('Ctrl Pts',(8.47970889045736,19.0903798744024,12.7479020628365));
#4197=CARTESIAN_POINT('Ctrl Pts',(5.79865546125409,13.0537654328661,20.1005539600468));
#4198=CARTESIAN_POINT('Ctrl Pts',(13.7305330043339,30.9512379852053,-2.19696158765617));
#4199=CARTESIAN_POINT('Ctrl Pts',(11.0708440220411,24.9557921688202,5.20202560822922));
#4200=CARTESIAN_POINT('Ctrl Pts',(8.41115503974838,18.9603463524351,12.6010128041146));
#4201=CARTESIAN_POINT('Ctrl Pts',(5.75146605745565,12.96490053605,20.));
#4202=CARTESIAN_POINT('',(5.75146605745566,12.96490053605,20.));
#4203=CARTESIAN_POINT('',(13.7559841612357,31.0086097430256,-2.26776414588427));
#4204=CARTESIAN_POINT('',(8.7474773927649,16.4995891918528,20.));
#4205=CARTESIAN_POINT('Ctrl Pts',(5.75146605745565,12.96490053605,20.));
#4206=CARTESIAN_POINT('Ctrl Pts',(5.77822529033073,13.0195987393224,20.));
#4207=CARTESIAN_POINT('Ctrl Pts',(5.8068391997423,13.0744631487774,19.9999833279302));
#4208=CARTESIAN_POINT('Ctrl Pts',(5.83709404255311,13.129473608701,19.9999614476576));
#4209=CARTESIAN_POINT('Ctrl Pts',(5.86885821556086,13.1872283879003,19.9999384758388));
#4210=CARTESIAN_POINT('Ctrl Pts',(5.90243109062653,13.245144219988,19.9999098018778));
#4211=CARTESIAN_POINT('Ctrl Pts',(5.9375105424912,13.3032207271799,19.9998811801505));
#4212=CARTESIAN_POINT('Ctrl Pts',(5.9708292245356,13.3583821557234,19.9998539950555));
#4213=CARTESIAN_POINT('Ctrl Pts',(6.00550616337521,13.4136889419704,19.9998267729647));
#4214=CARTESIAN_POINT('Ctrl Pts',(6.04124251013138,13.4691568334667,19.9997983762765));
#4215=CARTESIAN_POINT('Ctrl Pts',(6.09042294276168,13.5454918578465,19.9997592966968));
#4216=CARTESIAN_POINT('Ctrl Pts',(6.14160853158996,13.6221330650891,19.9997182657288));
#4217=CARTESIAN_POINT('Ctrl Pts',(6.19456055610283,13.6988342661544,19.9996936709218));
#4218=CARTESIAN_POINT('Ctrl Pts',(6.24979799069225,13.7788458920695,19.9996680146025));
#4219=CARTESIAN_POINT('Ctrl Pts',(6.3069575670621,13.858922865385,19.9996602669376));
#4220=CARTESIAN_POINT('Ctrl Pts',(6.36571467179719,13.9387988483161,19.9996758506805));
#4221=CARTESIAN_POINT('Ctrl Pts',(6.42657055750367,14.0215279703493,19.9996919910686));
#4222=CARTESIAN_POINT('Ctrl Pts',(6.48913980900535,14.1040416339619,19.9997331232047));
#4223=CARTESIAN_POINT('Ctrl Pts',(6.55300851588362,14.1860560660651,19.9997891554121));
#4224=CARTESIAN_POINT('Ctrl Pts',(6.62142509223131,14.2739104619008,19.999849177479));
#4225=CARTESIAN_POINT('Ctrl Pts',(6.69133242008264,14.3611921971045,19.999926293681));
#4226=CARTESIAN_POINT('Ctrl Pts',(6.76216653615268,14.4475635212691,19.9999900846363));
#4227=CARTESIAN_POINT('Ctrl Pts',(6.76822332966393,14.4549488506102,19.9999955391922));
#4228=CARTESIAN_POINT('Ctrl Pts',(6.77428687045378,14.4623275286014,20.0000008862572));
#4229=CARTESIAN_POINT('Ctrl Pts',(6.78035679050321,14.4696993466694,20.000006101326));
#4230=CARTESIAN_POINT('Ctrl Pts',(6.85246654511874,14.5572754576607,20.0000680555737));
#4231=CARTESIAN_POINT('Ctrl Pts',(6.92548131112563,14.6438824157026,20.0001128603583));
#4232=CARTESIAN_POINT('Ctrl Pts',(6.99890142332077,14.7291190926464,20.0001135691018));
#4233=CARTESIAN_POINT('Ctrl Pts',(7.11016760841404,14.8582929605419,20.0001146431833));
#4234=CARTESIAN_POINT('Ctrl Pts',(7.22426663516147,14.9865084646176,20.0000820892218));
#4235=CARTESIAN_POINT('Ctrl Pts',(7.34074743686145,15.113515268475,20.0000483882083));
#4236=CARTESIAN_POINT('Ctrl Pts',(7.46126257193155,15.2449209756671,20.0000135199542));
#4237=CARTESIAN_POINT('Ctrl Pts',(7.58432730013724,15.3750327654094,19.9999773763222));
#4238=CARTESIAN_POINT('Ctrl Pts',(7.70938951065478,15.5035808597788,19.999956143461));
#4239=CARTESIAN_POINT('Ctrl Pts',(7.8376479400955,15.6354142619167,19.9999343679508));
#4240=CARTESIAN_POINT('Ctrl Pts',(7.96800703982616,15.7656030137404,19.9999281611679));
#4241=CARTESIAN_POINT('Ctrl Pts',(8.09981891012811,15.8938642146634,19.999935808975));
#4242=CARTESIAN_POINT('Ctrl Pts',(8.23855657657932,16.0288646487784,19.9999438586212));
#4243=CARTESIAN_POINT('Ctrl Pts',(8.37890353980043,16.1617296389756,19.9999671707437));
#4244=CARTESIAN_POINT('Ctrl Pts',(8.52004953534949,16.2921383842561,19.9999842191449));
#4245=CARTESIAN_POINT('Ctrl Pts',(8.59567376267156,16.3620097295927,19.9999933534611));
#4246=CARTESIAN_POINT('Ctrl Pts',(8.67152646400263,16.4311761191527,20.0000003713243));
#4247=CARTESIAN_POINT('Ctrl Pts',(8.74747739276491,16.4995891918528,20.));
#4248=CARTESIAN_POINT('',(16.8274963918682,31.740210934738,5.22084731621241));
#4249=CARTESIAN_POINT('',(18.1698632058199,34.2721981557966,2.76552584936396));
#4250=CARTESIAN_POINT('Ctrl Pts',(16.8274963918682,31.740210934738,5.22084731621242));
#4251=CARTESIAN_POINT('Ctrl Pts',(16.1835903253159,32.0815863286788,3.51100288687648));
#4252=CARTESIAN_POINT('Ctrl Pts',(15.6284877428023,32.3505835141147,1.71995742161358));
#4253=CARTESIAN_POINT('Ctrl Pts',(15.2190975615944,32.5420450250237,-0.0750000000240143));
#4254=CARTESIAN_POINT('Origin',(13.7559841612357,31.0086097430256,-2.26776414588427));
#4255=CARTESIAN_POINT('',(5.32874411512643,12.009187222371,20.));
#4256=CARTESIAN_POINT('',(12.5784228682554,28.3475115193157,-1.76776695296637));
#4257=CARTESIAN_POINT('',(8.40745918367144,18.9697177399493,20.));
#4258=CARTESIAN_POINT('Origin',(-2.3208276593217,-33.8433854307627,-2.26776414588427));
#4259=CARTESIAN_POINT('',(-0.89999758802051,-13.1074824404998,20.));
#4260=CARTESIAN_POINT('',(-2.1244311976619,-30.9400213845561,-1.76776695296637));
#4261=CARTESIAN_POINT('',(-0.970353073348839,-14.1501386082532,20.));
#4262=CARTESIAN_POINT('',(-1.11493967073553,-16.2928870639873,20.));
#4263=CARTESIAN_POINT('',(-2.3208276593217,-33.8433854307627,-2.26776414588427));
#4264=CARTESIAN_POINT('Ctrl Pts',(5.34240148074106,38.3487070866291,2.82701587481362));
#4265=CARTESIAN_POINT('Ctrl Pts',(4.30754534275818,30.9203258510802,9.25282763024084));
#4266=CARTESIAN_POINT('Ctrl Pts',(3.2726892047753,23.4919446155313,15.6786393856681));
#4267=CARTESIAN_POINT('Ctrl Pts',(2.23783306679243,16.0635633799824,22.1044511410953));
#4268=CARTESIAN_POINT('Ctrl Pts',(4.49598604566975,37.5514525108011,1.89489488956459));
#4269=CARTESIAN_POINT('Ctrl Pts',(3.62480321256129,30.2775376713584,8.50124792058117));
#4270=CARTESIAN_POINT('Ctrl Pts',(2.75446814536123,23.0035230386191,15.1076498873907));
#4271=CARTESIAN_POINT('Ctrl Pts',(1.88328531225277,15.7296081991763,21.7140029184072));
#4272=CARTESIAN_POINT('Ctrl Pts',(3.40207400992104,36.2935021098555,0.466099750273026));
#4273=CARTESIAN_POINT('Ctrl Pts',(2.74342087277722,29.263280492316,7.34934914998083));
#4274=CARTESIAN_POINT('Ctrl Pts',(2.083718951183,22.2328976844586,14.2322576887051));
#4275=CARTESIAN_POINT('Ctrl Pts',(1.42506581403918,15.2026760669191,21.1155070884129));
#4276=CARTESIAN_POINT('Ctrl Pts',(2.55949282403637,34.717959863735,-1.23181915637052));
#4277=CARTESIAN_POINT('Ctrl Pts',(2.0635776385051,27.9928449414769,5.98016083108119));
#4278=CARTESIAN_POINT('Ctrl Pts',(1.56803934102473,21.2678255131254,13.1923003075956));
#4279=CARTESIAN_POINT('Ctrl Pts',(1.07212415549346,14.5427105908673,20.4042802950474));
#4280=CARTESIAN_POINT('Ctrl Pts',(2.34983654782365,34.0186533091898,-1.95690810331935));
#4281=CARTESIAN_POINT('Ctrl Pts',(1.89511416096462,27.4291169858287,5.39574379389096));
#4282=CARTESIAN_POINT('Ctrl Pts',(1.43902540999081,20.8393203460499,12.7479020628363));
#4283=CARTESIAN_POINT('Ctrl Pts',(0.984303023131781,14.2497840226887,20.1005539600466));
#4284=CARTESIAN_POINT('Ctrl Pts',(2.31653369182309,33.780768804966,-2.19696158765612));
#4285=CARTESIAN_POINT('Ctrl Pts',(1.86780681899834,27.2372254060617,5.20202560822925));
#4286=CARTESIAN_POINT('Ctrl Pts',(1.41907994617358,20.6936820071575,12.6010128041146));
#4287=CARTESIAN_POINT('Ctrl Pts',(0.970353073348832,14.1501386082532,20.));
#4288=CARTESIAN_POINT('',(0.970353073348839,14.1501386082532,20.));
#4289=CARTESIAN_POINT('',(2.32082765932171,33.8433854307627,-2.26776414588427));
#4290=CARTESIAN_POINT('',(2.57674809626059,18.4963556811945,20.));
#4291=CARTESIAN_POINT('Ctrl Pts',(0.970353073348832,14.1501386082532,20.));
#4292=CARTESIAN_POINT('Ctrl Pts',(0.976791043850879,14.210694104374,20.));
#4293=CARTESIAN_POINT('Ctrl Pts',(0.98491493926594,14.2720401805466,19.9999832414298));
#4294=CARTESIAN_POINT('Ctrl Pts',(0.994530863795203,14.3340847853035,19.9999612180116));
#4295=CARTESIAN_POINT('Ctrl Pts',(1.00462637124877,14.3992237917372,19.9999380962012));
#4296=CARTESIAN_POINT('Ctrl Pts',(1.01636638651478,14.4651327905569,19.9999092099962));
#4297=CARTESIAN_POINT('Ctrl Pts',(1.02946721826261,14.5317080922035,19.9998803503877));
#4298=CARTESIAN_POINT('Ctrl Pts',(1.04190840906831,14.5949312559441,19.9998529438914));
#4299=CARTESIAN_POINT('Ctrl Pts',(1.0555758677813,14.6587553976773,19.9998254772148));
#4300=CARTESIAN_POINT('Ctrl Pts',(1.07018360034626,14.7230931460694,19.9997968464114));
#4301=CARTESIAN_POINT('Ctrl Pts',(1.0902887333023,14.8116434381673,19.9997574408358));
#4302=CARTESIAN_POINT('Ctrl Pts',(1.11217345235036,14.9011672094866,19.9997161037258));
#4303=CARTESIAN_POINT('Ctrl Pts',(1.13569763244408,14.9913514993104,19.9996912302153));
#4304=CARTESIAN_POINT('Ctrl Pts',(1.16023716113168,15.0854283155262,19.9996652831166));
#4305=CARTESIAN_POINT('Ctrl Pts',(1.18656064866759,15.1802239370309,19.9996572746405));
#4306=CARTESIAN_POINT('Ctrl Pts',(1.21445414664584,15.275377094746,19.9996726366277));
#4307=CARTESIAN_POINT('Ctrl Pts',(1.24334400609022,15.3739291427618,19.9996885473482));
#4308=CARTESIAN_POINT('Ctrl Pts',(1.27391768377967,15.472864752065,19.9997294917982));
#4309=CARTESIAN_POINT('Ctrl Pts',(1.30588328179505,15.5717757307096,19.9997853879881));
#4310=CARTESIAN_POINT('Ctrl Pts',(1.3401250775681,15.6777299358782,19.9998452644189));
#4311=CARTESIAN_POINT('Ctrl Pts',(1.37596368344986,15.7836559446536,19.9999222944044));
#4312=CARTESIAN_POINT('Ctrl Pts',(1.41298465714039,15.8890435260506,19.9999860687242));
#4313=CARTESIAN_POINT('Ctrl Pts',(1.41615258122075,15.8980616534416,19.9999915259606));
#4314=CARTESIAN_POINT('Ctrl Pts',(1.41932913421426,15.9070758331013,19.9999968760525));
#4315=CARTESIAN_POINT('Ctrl Pts',(1.42251404100709,15.9160857424603,20.0000020944442));
#4316=CARTESIAN_POINT('Ctrl Pts',(1.46032240417072,16.0230433230973,20.0000640425205));
#4317=CARTESIAN_POINT('Ctrl Pts',(1.49931277207022,16.1293997820775,20.0001089102118));
#4318=CARTESIAN_POINT('Ctrl Pts',(1.53915276974349,16.2346072704244,20.0001097284824));
#4319=CARTESIAN_POINT('Ctrl Pts',(1.59953243119379,16.3940548833614,20.0001109686155));
#4320=CARTESIAN_POINT('Ctrl Pts',(1.66290235077934,16.553570908787,20.0000786870208));
#4321=CARTESIAN_POINT('Ctrl Pts',(1.72892412988432,16.7127657271458,20.0000453092089));
#4322=CARTESIAN_POINT('Ctrl Pts',(1.79723427396687,16.8774783587456,20.0000107744967));
#4323=CARTESIAN_POINT('Ctrl Pts',(1.86838328422907,17.0418470843239,19.9999750187018));
#4324=CARTESIAN_POINT('Ctrl Pts',(1.94194441251874,17.2054294142806,19.9999541700441));
#4325=CARTESIAN_POINT('Ctrl Pts',(2.01738707224581,17.3731958194897,19.9999327881237));
#4326=CARTESIAN_POINT('Ctrl Pts',(2.09536662043015,17.5401350056831,19.9999269716183));
#4327=CARTESIAN_POINT('Ctrl Pts',(2.17537073678911,17.7057593522027,19.9999349467708));
#4328=CARTESIAN_POINT('Ctrl Pts',(2.25958199317543,17.8800933107955,19.999943341309));
#4329=CARTESIAN_POINT('Ctrl Pts',(2.34603620919656,18.0529704443989,19.9999669297058));
#4330=CARTESIAN_POINT('Ctrl Pts',(2.43408133195587,18.2238118880194,19.9999841186456));
#4331=CARTESIAN_POINT('Ctrl Pts',(2.48121706928736,18.3152733700352,19.999993320897));
#4332=CARTESIAN_POINT('Ctrl Pts',(2.5288078752111,18.406151240565,20.0000003710793));
#4333=CARTESIAN_POINT('Ctrl Pts',(2.5767480962606,18.4963556811945,20.));
#4334=CARTESIAN_POINT('',(4.95688269265399,35.5813847253204,5.22084731621241));
#4335=CARTESIAN_POINT('',(5.35230424986708,38.4197909229768,2.76552584936396));
#4336=CARTESIAN_POINT('Ctrl Pts',(4.95688269265399,35.5813847253204,5.22084731621242));
#4337=CARTESIAN_POINT('Ctrl Pts',(4.23505165233173,35.6819438187457,3.51100288701802));
#4338=CARTESIAN_POINT('Ctrl Pts',(3.62142339580054,35.7448622240874,1.71995742166542));
#4339=CARTESIAN_POINT('Ctrl Pts',(3.17123877008211,35.7847575046014,-0.0750000000239917));
#4340=CARTESIAN_POINT('Origin',(2.32082765932171,33.8433854307627,-2.26776414588427));
#4341=CARTESIAN_POINT('',(0.899997588020508,13.1074824404998,20.));
#4342=CARTESIAN_POINT('',(2.1244311976619,30.9400213845561,-1.76776695296637));
#4343=CARTESIAN_POINT('',(1.19982731507462,17.5509073238598,20.));
#4344=CARTESIAN_POINT('Origin',(-13.7559841612358,-31.0086097430256,-2.26776414588427));
#4345=CARTESIAN_POINT('',(-5.32874411512644,-12.009187222371,20.));
#4346=CARTESIAN_POINT('',(-12.5784228682554,-28.3475115193157,-1.76776695296637));
#4347=CARTESIAN_POINT('',(-5.75146605745566,-12.96490053605,20.));
#4348=CARTESIAN_POINT('',(-5.34296967894911,-12.0413491694538,20.));
#4349=CARTESIAN_POINT('',(-13.7559841612358,-31.0086097430256,-2.26776414588427));
#4350=CARTESIAN_POINT('Ctrl Pts',(-8.0958150453949,37.863205986132,2.8270158748136));
#4351=CARTESIAN_POINT('Ctrl Pts',(-6.52760570697226,30.5288693100678,9.25282763024084));
#4352=CARTESIAN_POINT('Ctrl Pts',(-4.95939636854963,23.1945326340036,15.6786393856681));
#4353=CARTESIAN_POINT('Ctrl Pts',(-3.39118703012699,15.8601959579394,22.1044511410953));
#4354=CARTESIAN_POINT('Ctrl Pts',(-8.61850825955876,36.8245406159237,1.89489488956527));
#4355=CARTESIAN_POINT('Ctrl Pts',(-6.94932694326122,29.6913344396316,8.50124792058186));
#4356=CARTESIAN_POINT('Ctrl Pts',(-5.27931485627793,22.5583244413319,15.1076498873909));
#4357=CARTESIAN_POINT('Ctrl Pts',(-3.61013353998039,15.4251182650398,21.7140029184075));
#4358=CARTESIAN_POINT('Ctrl Pts',(-9.21619692815248,35.2683209361848,0.4661052316822));
#4359=CARTESIAN_POINT('Ctrl Pts',(-7.43065101554193,28.4368009193255,7.34935463139001));
#4360=CARTESIAN_POINT('Ctrl Pts',(-5.64604016977924,21.6047666711512,14.2322599847659));
#4361=CARTESIAN_POINT('Ctrl Pts',(-3.86049425716869,14.7732466542919,21.1155093844738));
#4362=CARTESIAN_POINT('Ctrl Pts',(-9.46909871171385,33.4996122036392,-1.2318169071053));
#4363=CARTESIAN_POINT('Ctrl Pts',(-7.63498178250097,27.0104583544234,5.98016308034641));
#4364=CARTESIAN_POINT('Ctrl Pts',(-5.80054706108972,20.5215211627312,13.1923012497712));
#4365=CARTESIAN_POINT('Ctrl Pts',(-3.96643013187684,14.0323673135154,20.4042812372229));
#4366=CARTESIAN_POINT('Ctrl Pts',(-9.42694061651243,32.7707689165986,-1.95690810331926));
#4367=CARTESIAN_POINT('Ctrl Pts',(-7.60048573018433,26.4231060432085,5.39574379389106));
#4368=CARTESIAN_POINT('Ctrl Pts',(-5.77522577267373,20.0747312283512,12.7479020628364));
#4369=CARTESIAN_POINT('Ctrl Pts',(-3.94877088634563,13.727068354961,20.1005539600467));
#4370=CARTESIAN_POINT('Ctrl Pts',(-9.37687377231767,32.5358403557975,-2.19696158765613));
#4371=CARTESIAN_POINT('Ctrl Pts',(-7.56051545230845,26.2334472806971,5.20202560822925));
#4372=CARTESIAN_POINT('Ctrl Pts',(-5.74415713229923,19.9310542055969,12.6010128041146));
#4373=CARTESIAN_POINT('Ctrl Pts',(-3.92779881229,13.6286611304966,20.));
#4374=CARTESIAN_POINT('',(-3.92779881229,13.6286611304966,20.));
#4375=CARTESIAN_POINT('',(-9.39425491007487,32.5961493603764,-2.26776414588427));
#4376=CARTESIAN_POINT('',(-3.90477504940447,18.2621886982472,20.));
#4377=CARTESIAN_POINT('Ctrl Pts',(-3.92779881229001,13.6286611304966,20.));
#4378=CARTESIAN_POINT('Ctrl Pts',(-3.94245994132764,13.6877651595478,20.));
#4379=CARTESIAN_POINT('Ctrl Pts',(-3.95580718543797,13.7481886960679,19.9999832747348));
#4380=CARTESIAN_POINT('Ctrl Pts',(-3.96799128769925,13.8097789178379,19.9999613064095));
#4381=CARTESIAN_POINT('Ctrl Pts',(-3.98078312120263,13.8744412003289,19.9999382423254));
#4382=CARTESIAN_POINT('Ctrl Pts',(-3.99229295867609,13.9403894834731,19.9999094377904));
#4383=CARTESIAN_POINT('Ctrl Pts',(-4.00275194990168,14.0074292922804,19.9998806696775));
#4384=CARTESIAN_POINT('Ctrl Pts',(-4.01268495772061,14.0710976643728,19.999853348315));
#4385=CARTESIAN_POINT('Ctrl Pts',(-4.02167108784074,14.1357502871144,19.9998259756564));
#4386=CARTESIAN_POINT('Ctrl Pts',(-4.02994927780621,14.201207198007,19.9997974347835));
#4387=CARTESIAN_POINT('Ctrl Pts',(-4.0413424143485,14.2912944666667,19.99975815445));
#4388=CARTESIAN_POINT('Ctrl Pts',(-4.05139627021268,14.3829051663301,19.9997169348311));
#4389=CARTESIAN_POINT('Ctrl Pts',(-4.06013547593799,14.4756972745217,19.9996921681994));
#4390=CARTESIAN_POINT('Ctrl Pts',(-4.06925187487411,14.5724943866377,19.9996663326142));
#4391=CARTESIAN_POINT('Ctrl Pts',(-4.07693778031354,14.6705770975378,19.9996584240565));
#4392=CARTESIAN_POINT('Ctrl Pts',(-4.08327067062677,14.7695327401821,19.9996738709273));
#4393=CARTESIAN_POINT('Ctrl Pts',(-4.08982977090651,14.8720230647017,19.9996898695582));
#4394=CARTESIAN_POINT('Ctrl Pts',(-4.09493781574978,14.9754496991807,19.9997308857519));
#4395=CARTESIAN_POINT('Ctrl Pts',(-4.09872948278756,15.0793292226615,19.9997868338567));
#4396=CARTESIAN_POINT('Ctrl Pts',(-4.10279114311723,15.1906056969358,19.999846765859));
#4397=CARTESIAN_POINT('Ctrl Pts',(-4.10534267815272,15.3024017807183,19.9999238286039));
#4398=CARTESIAN_POINT('Ctrl Pts',(-4.10659901860409,15.41409625436,19.9999876090637));
#4399=CARTESIAN_POINT('Ctrl Pts',(-4.10670649423897,15.4236513351145,19.9999930652642));
#4400=CARTESIAN_POINT('Ctrl Pts',(-4.10680451670716,15.4332056575636,19.9999984141873));
#4401=CARTESIAN_POINT('Ctrl Pts',(-4.10689323407339,15.4427588248308,20.0000036312963));
#4402=CARTESIAN_POINT('Ctrl Pts',(-4.10794670265949,15.5561972872328,20.000065581518));
#4403=CARTESIAN_POINT('Ctrl Pts',(-4.10768388389642,15.6694751174362,20.0001104249197));
#4404=CARTESIAN_POINT('Ctrl Pts',(-4.10622972157562,15.7819638375614,20.0001112010652));
#4405=CARTESIAN_POINT('Ctrl Pts',(-4.10402590515241,15.9524430786275,20.0001123773316));
#4406=CARTESIAN_POINT('Ctrl Pts',(-4.09903572225781,16.1240092400069,20.0000799911824));
#4407=CARTESIAN_POINT('Ctrl Pts',(-4.09144386451612,16.2961805182519,20.0000464893839));
#4408=CARTESIAN_POINT('Ctrl Pts',(-4.08358894114796,16.4743177071754,20.0000118267139));
#4409=CARTESIAN_POINT('Ctrl Pts',(-4.07294891134976,16.6531026282197,19.9999759222058));
#4410=CARTESIAN_POINT('Ctrl Pts',(-4.0597733936291,16.8319736003196,19.9999549262677));
#4411=CARTESIAN_POINT('Ctrl Pts',(-4.04626097936609,17.0154182835484,19.9999333934657));
#4412=CARTESIAN_POINT('Ctrl Pts',(-4.03008191643032,17.198953330517,19.9999274273923));
#4413=CARTESIAN_POINT('Ctrl Pts',(-4.01155078679117,17.3819454033358,19.9999352771139));
#4414=CARTESIAN_POINT('Ctrl Pts',(-3.99204547602023,17.5745573659334,19.9999435394951));
#4415=CARTESIAN_POINT('Ctrl Pts',(-3.96993440935842,17.7665676589139,19.9999670220578));
#4416=CARTESIAN_POINT('Ctrl Pts',(-3.94563223599646,17.9572094622446,19.999984157159));
#4417=CARTESIAN_POINT('Ctrl Pts',(-3.93261788792917,18.0593023387857,19.9999933333824));
#4418=CARTESIAN_POINT('Ctrl Pts',(-3.91897595562455,18.161002292444,20.0000003711726));
#4419=CARTESIAN_POINT('Ctrl Pts',(-3.90477504940447,18.2621886982472,20.));
#4420=CARTESIAN_POINT('',(-7.51160421509153,35.1309183927181,5.22084731621242));
#4421=CARTESIAN_POINT('',(-8.11082159021759,37.9333898891208,2.76552584936396));
#4422=CARTESIAN_POINT('Ctrl Pts',(-7.51160421509153,35.1309183927181,5.22084731621241));
#4423=CARTESIAN_POINT('Ctrl Pts',(-8.22429675261065,34.9785322749102,3.51100288719118));
#4424=CARTESIAN_POINT('Ctrl Pts',(-8.82243805927327,34.8277830118559,1.71995742162432));
#4425=CARTESIAN_POINT('Ctrl Pts',(-9.25911821960175,34.7113001023505,-0.0750000000239926));
#4426=CARTESIAN_POINT('Origin',(-9.39425491007487,32.5961493603764,-2.26776414588427));
#4427=CARTESIAN_POINT('',(-3.63730193075045,12.6248218304661,20.));
#4428=CARTESIAN_POINT('',(-8.58579822863486,29.8007080447354,-1.76776695296637));
#4429=CARTESIAN_POINT('',(-3.97644005932514,13.7967455351125,20.));
#4430=CARTESIAN_POINT('Origin',(-23.5319659566004,-24.4337380819397,-2.26776414588427));
#4431=CARTESIAN_POINT('',(-9.11476545806078,-9.46240678849713,20.));
#4432=CARTESIAN_POINT('',(-21.5152711031867,-22.3358734001329,-1.76776695296637));
#4433=CARTESIAN_POINT('',(-9.83886735243457,-10.2159041176458,20.));
#4434=CARTESIAN_POINT('',(-7.26787974731535,-7.54054543016864,20.));
#4435=CARTESIAN_POINT('',(-23.5319659566004,-24.4337380819397,-2.26776414588427));
#4436=CARTESIAN_POINT('Ctrl Pts',(-20.5575567955513,32.810843442301,2.8270158748136));
#4437=CARTESIAN_POINT('Ctrl Pts',(-16.5754311712418,26.455180572136,9.25282763024083));
#4438=CARTESIAN_POINT('Ctrl Pts',(-12.5933055469323,20.099517701971,15.6786393856681));
#4439=CARTESIAN_POINT('Ctrl Pts',(-8.61117992262285,13.743854831806,22.1044511410953));
#4440=CARTESIAN_POINT('Ctrl Pts',(-20.6934832730498,31.6560456504262,1.89489488956529));
#4441=CARTESIAN_POINT('Ctrl Pts',(-16.6852657085843,25.5239180770566,8.50124792058188));
#4442=CARTESIAN_POINT('Ctrl Pts',(-12.676334571861,19.3922589910083,15.1076498873909));
#4443=CARTESIAN_POINT('Ctrl Pts',(-8.66811700739554,13.2601314176387,21.7140029184075));
#4444=CARTESIAN_POINT('Ctrl Pts',(-20.7228546030594,29.9892805652914,0.466119648702691));
#4445=CARTESIAN_POINT('Ctrl Pts',(-16.7084728296065,24.1804442856431,7.34936904841049));
#4446=CARTESIAN_POINT('Ctrl Pts',(-12.6948018871853,18.3707906629447,14.2322660237889));
#4447=CARTESIAN_POINT('Ctrl Pts',(-8.68042011373232,12.5619543832964,21.1155154234967));
#4448=CARTESIAN_POINT('Ctrl Pts',(-20.3555720071051,28.240729776364,-1.23181105229347));
#4449=CARTESIAN_POINT('Ctrl Pts',(-16.4126445334942,22.7702247241168,5.98016893515823));
#4450=CARTESIAN_POINT('Ctrl Pts',(-12.4694997080615,17.3000238841285,13.1923037022435));
#4451=CARTESIAN_POINT('Ctrl Pts',(-8.52657223445053,11.8295188318813,20.4042836896952));
#4452=CARTESIAN_POINT('Ctrl Pts',(-20.0666896156711,27.5702461476258,-1.95690810331923));
#4453=CARTESIAN_POINT('Ctrl Pts',(-16.1793548710503,22.2300785482642,5.39574379389109));
#4454=CARTESIAN_POINT('Ctrl Pts',(-12.292899493899,16.8888332530341,12.7479020628364));
#4455=CARTESIAN_POINT('Ctrl Pts',(-8.40556474927824,11.5486656536725,20.1005539600467));
#4456=CARTESIAN_POINT('Ctrl Pts',(-19.9392918715988,27.3666093818564,-2.19696158765614));
#4457=CARTESIAN_POINT('Ctrl Pts',(-16.0769279787425,22.0655282488328,5.20202560822924));
#4458=CARTESIAN_POINT('Ctrl Pts',(-12.2145640858862,16.7644471158092,12.6010128041146));
#4459=CARTESIAN_POINT('Ctrl Pts',(-8.35220019302998,11.4633659827855,20.));
#4460=CARTESIAN_POINT('',(-8.35220019302997,11.4633659827855,20.));
#4461=CARTESIAN_POINT('',(-19.97625169288,27.4173366091994,-2.26776414588427));
#4462=CARTESIAN_POINT('',(-9.91532469576922,15.8253322370909,20.));
#4463=CARTESIAN_POINT('Ctrl Pts',(-8.35220019302998,11.4633659827855,20.));
#4464=CARTESIAN_POINT('Ctrl Pts',(-8.3861897987315,11.5138880537604,20.));
#4465=CARTESIAN_POINT('Ctrl Pts',(-8.41939597410876,11.5660994212652,19.9999833613761));
#4466=CARTESIAN_POINT('Ctrl Pts',(-8.45190815532226,11.6198048868922,19.9999615365002));
#4467=CARTESIAN_POINT('Ctrl Pts',(-8.48604244404793,11.6761898417441,19.9999386227311));
#4468=CARTESIAN_POINT('Ctrl Pts',(-8.51941183824033,11.7342217020049,19.9999100309453));
#4469=CARTESIAN_POINT('Ctrl Pts',(-8.55216709808752,11.7936386104245,19.9998815014063));
#4470=CARTESIAN_POINT('Ctrl Pts',(-8.58328020890247,11.8500767172984,19.9998544021644));
#4471=CARTESIAN_POINT('Ctrl Pts',(-8.61384000957412,11.9077639246407,19.9998272749847));
#4472=CARTESIAN_POINT('Ctrl Pts',(-8.64400961510764,11.9664492295155,19.9997989692829));
#4473=CARTESIAN_POINT('Ctrl Pts',(-8.68552755234792,12.0472090790936,19.999760016359));
#4474=CARTESIAN_POINT('Ctrl Pts',(-8.72630810547996,12.1298585299014,19.9997191046057));
#4475=CARTESIAN_POINT('Ctrl Pts',(-8.76625742157296,12.2140677414929,19.9996946185087));
#4476=CARTESIAN_POINT('Ctrl Pts',(-8.80793093373608,12.3019113880609,19.9996690756019));
#4477=CARTESIAN_POINT('Ctrl Pts',(-8.84869999503713,12.3914523149845,19.9996614298868));
#4478=CARTESIAN_POINT('Ctrl Pts',(-8.88849624860885,12.4822762213611,19.9996771004724));
#4479=CARTESIAN_POINT('Ctrl Pts',(-8.929714009862,12.57634432459,19.9996933308057));
#4480=CARTESIAN_POINT('Ctrl Pts',(-8.96988851631126,12.6717884896076,19.99973453666));
#4481=CARTESIAN_POINT('Ctrl Pts',(-9.00898095934722,12.7681083635269,19.9997906224644));
#4482=CARTESIAN_POINT('Ctrl Pts',(-9.0508570440221,12.8712868523312,19.9998507019506));
#4483=CARTESIAN_POINT('Ctrl Pts',(-9.09149182714555,12.975469997543,19.9999278524513));
#4484=CARTESIAN_POINT('Ctrl Pts',(-9.13087477926902,13.0800005060885,19.9999916504231));
#4485=CARTESIAN_POINT('Ctrl Pts',(-9.13424128157595,13.0889359001914,19.9999971039508));
#4486=CARTESIAN_POINT('Ctrl Pts',(-9.13759865547369,13.0978738100425,20.000002449853));
#4487=CARTESIAN_POINT('Ctrl Pts',(-9.14094690433238,13.106813813013,20.000007663644));
#4488=CARTESIAN_POINT('Ctrl Pts',(-9.18073521433187,13.2130507220966,20.0000696207869));
#4489=CARTESIAN_POINT('Ctrl Pts',(-9.21923172614859,13.3195867755761,20.0001144013998));
#4490=CARTESIAN_POINT('Ctrl Pts',(-9.25633887792683,13.4257887009746,20.0001150676927));
#4491=CARTESIAN_POINT('Ctrl Pts',(-9.31257256768449,13.5867314259841,20.0001160774202));
#4492=CARTESIAN_POINT('Ctrl Pts',(-9.36655999242737,13.7496481323721,20.0000834174532));
#4493=CARTESIAN_POINT('Ctrl Pts',(-9.41830986757187,13.9140230882658,20.0000495904684));
#4494=CARTESIAN_POINT('Ctrl Pts',(-9.47185158427642,14.084089533783,20.0000145922228));
#4495=CARTESIAN_POINT('Ctrl Pts',(-9.52299809620703,14.2557169189362,19.9999782972756));
#4496=CARTESIAN_POINT('Ctrl Pts',(-9.57179179992152,14.428292309371,19.9999569144292));
#4497=CARTESIAN_POINT('Ctrl Pts',(-9.62183212450541,14.6052767949736,19.9999349852766));
#4498=CARTESIAN_POINT('Ctrl Pts',(-9.66939798439843,14.7832581549699,19.9999286260476));
#4499=CARTESIAN_POINT('Ctrl Pts',(-9.71456830112135,14.9615339618914,19.9999361459478));
#4500=CARTESIAN_POINT('Ctrl Pts',(-9.7621112250155,15.1491738487807,19.9999440608367));
#4501=CARTESIAN_POINT('Ctrl Pts',(-9.8070004050975,15.3371397904414,19.9999672649469));
#4502=CARTESIAN_POINT('Ctrl Pts',(-9.84936311025251,15.5245698579902,19.9999842584057));
#4503=CARTESIAN_POINT('Ctrl Pts',(-9.8720676981914,15.6250243128103,19.9999933661687));
#4504=CARTESIAN_POINT('Ctrl Pts',(-9.89404714093915,15.7253241326325,20.0000003714214));
#4505=CARTESIAN_POINT('Ctrl Pts',(-9.91532469576922,15.8253322370909,20.));
#4506=CARTESIAN_POINT('',(-19.0740807950256,30.4431448248178,5.22084731621241));
#4507=CARTESIAN_POINT('',(-20.5956626435441,32.8716621974265,2.76552584936396));
#4508=CARTESIAN_POINT('Ctrl Pts',(-19.0740807950256,30.4431448248178,5.22084731621242));
#4509=CARTESIAN_POINT('Ctrl Pts',(-19.6916735916186,30.0561935105424,3.51100288705109));
#4510=CARTESIAN_POINT('Ctrl Pts',(-20.2021832791047,29.7099591650351,1.71995742145657));
#4511=CARTESIAN_POINT('Ctrl Pts',(-20.5726889019703,29.4511476235264,-0.0750000000239981));
#4512=CARTESIAN_POINT('Origin',(-19.97625169288,27.4173366091994,-2.26776414588427));
#4513=CARTESIAN_POINT('',(-7.73588915581358,10.6194213851518,20.));
#4514=CARTESIAN_POINT('',(-18.2604536756717,25.0669895031101,-1.76776695296637));
#4515=CARTESIAN_POINT('',(-6.73357346608908,9.2469018935538,20.));
#4516=CARTESIAN_POINT('Origin',(-30.4696453627695,-14.9117970046032,-2.26776414588427));
#4517=CARTESIAN_POINT('',(-11.8014115671416,-5.77432044567944,20.));
#4518=CARTESIAN_POINT('',(-27.8570601114903,-13.6301993065106,-1.76776695296637));
#4519=CARTESIAN_POINT('',(-12.7395560384926,-6.23471889196618,20.));
#4520=CARTESIAN_POINT('',(-7.68676859608838,-3.75504165787251,20.));
#4521=CARTESIAN_POINT('',(-30.4696453627695,-14.9117970046032,-2.26776414588427));
#4522=CARTESIAN_POINT('Ctrl Pts',(-30.5397537989386,23.8010089428519,2.8270158748136));
#4523=CARTESIAN_POINT('Ctrl Pts',(-24.6240150089491,19.190606620322,9.25282763024083));
#4524=CARTESIAN_POINT('Ctrl Pts',(-18.7082762189595,14.5802042977921,15.6786393856681));
#4525=CARTESIAN_POINT('Ctrl Pts',(-12.7925374289699,9.96980197526226,22.1044511410953));
#4526=CARTESIAN_POINT('Ctrl Pts',(-30.2725188005246,22.6693643860122,1.89489488956574));
#4527=CARTESIAN_POINT('Ctrl Pts',(-24.4087151811568,18.277940501478,8.50124792058234));
#4528=CARTESIAN_POINT('Ctrl Pts',(-18.5444012553044,13.8872009071079,15.1076498873911));
#4529=CARTESIAN_POINT('Ctrl Pts',(-12.6805976359366,9.4957770225737,21.7140029184077));
#4530=CARTESIAN_POINT('Ctrl Pts',(-29.730051983263,21.0930695965842,0.466118438768531));
#4531=CARTESIAN_POINT('Ctrl Pts',(-23.9710280368111,17.0075484387656,7.34936783847633));
#4532=CARTESIAN_POINT('Ctrl Pts',(-18.2123922763017,12.9210174778823,14.2322655169699));
#4533=CARTESIAN_POINT('Ctrl Pts',(-12.4533683298498,8.83549632006362,21.1155149166777));
#4534=CARTESIAN_POINT('Ctrl Pts',(-28.7868798151767,19.5755882913582,-1.23181154042885));
#4535=CARTESIAN_POINT('Ctrl Pts',(-23.2107170418971,15.7835556814366,5.98016844702286));
#4536=CARTESIAN_POINT('Ctrl Pts',(-17.6344537445613,11.9918841070875,13.1923034977726));
#4537=CARTESIAN_POINT('Ctrl Pts',(-12.0582909712817,8.19985149716591,20.4042834852243));
#4538=CARTESIAN_POINT('Ctrl Pts',(-28.2860996943821,19.0443447997512,-1.95690810331946));
#4539=CARTESIAN_POINT('Ctrl Pts',(-22.8067550326206,15.3557754993812,5.39574379389085));
#4540=CARTESIAN_POINT('Ctrl Pts',(-17.3278681122857,11.6658927347683,12.7479020628363));
#4541=CARTESIAN_POINT('Ctrl Pts',(-11.8485234505241,7.97732343439826,20.1005539600466));
#4542=CARTESIAN_POINT('Ctrl Pts',(-28.0967370985579,18.8965614283244,-2.19696158765611));
#4543=CARTESIAN_POINT('Ctrl Pts',(-22.6542257207532,15.2361808576452,5.20202560822926));
#4544=CARTESIAN_POINT('Ctrl Pts',(-17.2117143429485,11.5758002869661,12.6010128041146));
#4545=CARTESIAN_POINT('Ctrl Pts',(-11.7692029651438,7.91541971628698,20.));
#4546=CARTESIAN_POINT('',(-11.7692029651438,7.91541971628698,20.));
#4547=CARTESIAN_POINT('',(-28.1488177034478,18.9315884261595,-2.26776414588427));
#4548=CARTESIAN_POINT('',(-14.7299398492168,11.4797071511121,20.));
#4549=CARTESIAN_POINT('Ctrl Pts',(-11.7692029651438,7.91541971628699,20.));
#4550=CARTESIAN_POINT('Ctrl Pts',(-11.8184225655349,7.95126998786928,20.));
#4551=CARTESIAN_POINT('Ctrl Pts',(-11.8674837621567,7.98897562631017,19.9999833541553));
#4552=CARTESIAN_POINT('Ctrl Pts',(-11.9164038326953,8.02832262034784,19.9999615173173));
#4553=CARTESIAN_POINT('Ctrl Pts',(-11.9677645847423,8.06963268352462,19.999938591013));
#4554=CARTESIAN_POINT('Ctrl Pts',(-12.0189698500018,8.11275194004478,19.9999099814809));
#4555=CARTESIAN_POINT('Ctrl Pts',(-12.0700717327549,8.15738276746575,19.9998814320292));
#4556=CARTESIAN_POINT('Ctrl Pts',(-12.1186110204554,8.19977550244502,19.9998543142408));
#4557=CARTESIAN_POINT('Ctrl Pts',(-12.1670575873494,8.24353121866309,19.9998271665546));
#4558=CARTESIAN_POINT('Ctrl Pts',(-12.2154788575362,8.28835827912291,19.999798841188));
#4559=CARTESIAN_POINT('Ctrl Pts',(-12.2821143746741,8.35004758103476,19.9997598608919));
#4560=CARTESIAN_POINT('Ctrl Pts',(-12.3487032531559,8.41376473112816,19.9997189233622));
#4561=CARTESIAN_POINT('Ctrl Pts',(-12.4150444900203,8.47923188144778,19.9996944137519));
#4562=CARTESIAN_POINT('Ctrl Pts',(-12.4842489925469,8.54752457214581,19.999668846315));
#4563=CARTESIAN_POINT('Ctrl Pts',(-12.5531840890494,8.6177215304985,19.999661178539));
#4564=CARTESIAN_POINT('Ctrl Pts',(-12.6216438481197,8.68945682158507,19.9996768303254));
#4565=CARTESIAN_POINT('Ctrl Pts',(-12.6925489637013,8.76375446993859,19.9996930411877));
#4566=CARTESIAN_POINT('Ctrl Pts',(-12.7629443791646,8.8397020145539,19.9997342310742));
#4567=CARTESIAN_POINT('Ctrl Pts',(-12.8326224981047,8.91684255212779,19.9997903052614));
#4568=CARTESIAN_POINT('Ctrl Pts',(-12.9072621585985,8.99947600467219,19.9998503723005));
#4569=CARTESIAN_POINT('Ctrl Pts',(-12.9810789904518,9.08347808494514,19.9999275153523));
#4570=CARTESIAN_POINT('Ctrl Pts',(-13.0538382947435,9.16823474239845,19.9999913117827));
#4571=CARTESIAN_POINT('Ctrl Pts',(-13.0600582509939,9.17548031334536,19.999996765532));
#4572=CARTESIAN_POINT('Ctrl Pts',(-13.0662704888075,9.18273137121341,20.000002111685));
#4573=CARTESIAN_POINT('Ctrl Pts',(-13.0724748667781,9.18998751763257,20.0000073257515));
#4574=CARTESIAN_POINT('Ctrl Pts',(-13.146198802719,9.27620916246534,20.0000692822462));
#4575=CARTESIAN_POINT('Ctrl Pts',(-13.218811158144,9.3631537420357,20.0001140680708));
#4576=CARTESIAN_POINT('Ctrl Pts',(-13.2900036633814,9.45025953952078,20.0001147435332));
#4577=CARTESIAN_POINT('Ctrl Pts',(-13.397892181912,9.58226382023478,20.0001157671613));
#4578=CARTESIAN_POINT('Ctrl Pts',(-13.5043450291082,9.71689134422447,20.000083130112));
#4579=CARTESIAN_POINT('Ctrl Pts',(-13.6091940029312,9.85365448511481,20.0000493303694));
#4580=CARTESIAN_POINT('Ctrl Pts',(-13.717673607433,9.9951533562363,20.0000143602351));
#4581=CARTESIAN_POINT('Ctrl Pts',(-13.8244363048724,10.1389382740392,19.9999780980177));
#4582=CARTESIAN_POINT('Ctrl Pts',(-13.9293122968938,10.2844187466546,19.9999567476175));
#4583=CARTESIAN_POINT('Ctrl Pts',(-14.0368679324779,10.4336163313031,19.999934851702));
#4584=CARTESIAN_POINT('Ctrl Pts',(-14.1424392489307,10.5845970085595,19.9999285254557));
#4585=CARTESIAN_POINT('Ctrl Pts',(-14.2458601609213,10.7366736930382,19.9999360730313));
#4586=CARTESIAN_POINT('Ctrl Pts',(-14.3547137261522,10.8967388962488,19.9999440170776));
#4587=CARTESIAN_POINT('Ctrl Pts',(-14.4611850472827,11.0580181260826,19.9999672445616));
#4588=CARTESIAN_POINT('Ctrl Pts',(-14.5650989159399,11.2196578657786,19.9999842499101));
#4589=CARTESIAN_POINT('Ctrl Pts',(-14.620788454447,11.3062838631011,19.9999933634194));
#4590=CARTESIAN_POINT('Ctrl Pts',(-14.6757437739254,11.3930125401094,20.0000003714003));
#4591=CARTESIAN_POINT('Ctrl Pts',(-14.7299398492168,11.4797071511121,20.));
#4592=CARTESIAN_POINT('',(-28.3359417276281,22.083478698078,5.22084731621241));
#4593=CARTESIAN_POINT('',(-30.5963628224511,23.8451269106567,2.76552584936396));
#4594=CARTESIAN_POINT('Ctrl Pts',(-28.3359417276281,22.083478698078,5.22084731621239));
#4595=CARTESIAN_POINT('Ctrl Pts',(-28.7839439771784,21.508634226758,3.51100288739559));
#4596=CARTESIAN_POINT('Ctrl Pts',(-29.1452470429386,21.0086757706598,1.71995742163406));
#4597=CARTESIAN_POINT('Ctrl Pts',(-29.4048896822096,20.6387520886579,-0.0750000000239993));
#4598=CARTESIAN_POINT('Origin',(-28.1488177034478,18.9315884261595,-2.26776414588427));
#4599=CARTESIAN_POINT('',(-10.9014139791211,7.33316199482041,20.));
#4600=CARTESIAN_POINT('',(-25.7326289138284,17.3098220780454,-1.76776695296637));
#4601=CARTESIAN_POINT('',(-7.61886260670838,5.13067854148939,20.));
#4602=CARTESIAN_POINT('Origin',(-33.7322358541157,-3.59127313382629,-2.26776414588427));
#4603=CARTESIAN_POINT('',(-13.06463327094,-1.3897658372192,20.));
#4604=CARTESIAN_POINT('',(-30.8388765439271,-3.28052201620556,-1.76776695296637));
#4605=CARTESIAN_POINT('',(-14.1036662504856,-1.50153455326448,20.));
#4606=CARTESIAN_POINT('',(-7.6086447085686,-0.802865470841379,20.));
#4607=CARTESIAN_POINT('',(-33.7322358541157,-3.59127313382629,-2.26776414588427));
#4608=CARTESIAN_POINT('Ctrl Pts',(-36.8384057754108,11.9204214994137,2.8270158748136));
#4609=CARTESIAN_POINT('Ctrl Pts',(-29.70257922482,9.61136228690764,9.25282763024083));
#4610=CARTESIAN_POINT('Ctrl Pts',(-22.5667526742291,7.30230307440154,15.6786393856681));
#4611=CARTESIAN_POINT('Ctrl Pts',(-15.4309261236383,4.99324386189544,22.1044511410953));
#4612=CARTESIAN_POINT('Ctrl Pts',(-36.2002417858614,10.9484232124583,1.89489488956549));
#4613=CARTESIAN_POINT('Ctrl Pts',(-29.1881133686116,8.82737354774826,8.50124792058207));
#4614=CARTESIAN_POINT('Ctrl Pts',(-22.1757394611439,6.70714144055281,15.107649887391));
#4615=CARTESIAN_POINT('Ctrl Pts',(-15.1636110438941,4.58609177584278,21.7140029184076));
#4616=CARTESIAN_POINT('Ctrl Pts',(-35.1513612334691,9.65270442741583,0.466107649827412));
#4617=CARTESIAN_POINT('Ctrl Pts',(-28.3423183961018,7.78327253893038,7.34935704953523));
#4618=CARTESIAN_POINT('Ctrl Pts',(-21.533297237677,5.91277105524691,14.2322609976822));
#4619=CARTESIAN_POINT('Ctrl Pts',(-14.7242544003097,4.04333916676146,21.11551039739));
#4620=CARTESIAN_POINT('Ctrl Pts',(-33.7460644430836,8.54932922481579,-1.23181591904771));
#4621=CARTESIAN_POINT('Ctrl Pts',(-27.2092338959906,6.89314415441732,5.98016406840399));
#4622=CARTESIAN_POINT('Ctrl Pts',(-20.6724321406978,5.23734079356096,13.1923016636502));
#4623=CARTESIAN_POINT('Ctrl Pts',(-14.1356015936049,3.58115572316249,20.4042816511019));
#4624=CARTESIAN_POINT('Ctrl Pts',(-33.0937886915798,8.22141440443207,-1.95690810331943));
#4625=CARTESIAN_POINT('Ctrl Pts',(-26.6833239454006,6.62933929816337,5.39574379389089));
#4626=CARTESIAN_POINT('Ctrl Pts',(-20.2728401042337,5.03587338244946,12.7479020628363));
#4627=CARTESIAN_POINT('Ctrl Pts',(-13.8623753580545,3.44379827618077,20.1005539600466));
#4628=CARTESIAN_POINT('Ctrl Pts',(-32.8653011677544,8.14730928299161,-2.19696158765613));
#4629=CARTESIAN_POINT('Ctrl Pts',(-26.4990895000778,6.56912519294467,5.20202560822925));
#4630=CARTESIAN_POINT('Ctrl Pts',(-20.1328778324012,4.99094110289773,12.6010128041146));
#4631=CARTESIAN_POINT('Ctrl Pts',(-13.7666661647246,3.41275701285079,20.));
#4632=CARTESIAN_POINT('',(-13.7666661647246,3.4127570128508,20.));
#4633=CARTESIAN_POINT('',(-32.9262208666753,8.16241127843668,-2.26776414588427));
#4634=CARTESIAN_POINT('',(-17.7679068660894,5.74945996027568,20.));
#4635=CARTESIAN_POINT('Ctrl Pts',(-13.7666661647246,3.41275701285079,20.));
#4636=CARTESIAN_POINT('Ctrl Pts',(-13.8251816982658,3.42961193813424,20.));
#4637=CARTESIAN_POINT('Ctrl Pts',(-13.8841830046094,3.4482644822658,19.9999832893615));
#4638=CARTESIAN_POINT('Ctrl Pts',(-13.9436131103747,3.46850767643737,19.9999613452404));
#4639=CARTESIAN_POINT('Ctrl Pts',(-14.0060076671676,3.48976062748202,19.999938306518));
#4640=CARTESIAN_POINT('Ctrl Pts',(-14.0688749276065,3.51276682427954,19.9999095378701));
#4641=CARTESIAN_POINT('Ctrl Pts',(-14.1321620490546,3.53722883374454,19.9998808099777));
#4642=CARTESIAN_POINT('Ctrl Pts',(-14.1922681412232,3.56046129813683,19.9998535260484));
#4643=CARTESIAN_POINT('Ctrl Pts',(-14.2527531974627,3.58500597293363,19.9998261947417));
#4644=CARTESIAN_POINT('Ctrl Pts',(-14.3135808336688,3.61056591330619,19.999797693448));
#4645=CARTESIAN_POINT('Ctrl Pts',(-14.3972955398631,3.64574306356373,19.9997584682277));
#4646=CARTESIAN_POINT('Ctrl Pts',(-14.4816599449808,3.68284176893275,19.9997173003606));
#4647=CARTESIAN_POINT('Ctrl Pts',(-14.5663901592992,3.72166968713281,19.9996925808393));
#4648=CARTESIAN_POINT('Ctrl Pts',(-14.654777390148,3.76217344599772,19.9996667944059));
#4649=CARTESIAN_POINT('Ctrl Pts',(-14.7435627400636,3.80455883389076,19.9996589299302));
#4650=CARTESIAN_POINT('Ctrl Pts',(-14.8324275628106,3.84855241890552,19.9996744142793));
#4651=CARTESIAN_POINT('Ctrl Pts',(-14.9244666154321,3.89411744408662,19.9996904517255));
#4652=CARTESIAN_POINT('Ctrl Pts',(-15.0165910077966,3.94140725951671,19.9997314996356));
#4653=CARTESIAN_POINT('Ctrl Pts',(-15.1084494181949,3.9900635204225,19.9997874707225));
#4654=CARTESIAN_POINT('Ctrl Pts',(-15.2068487723293,4.04218443811487,19.9998474273315));
#4655=CARTESIAN_POINT('Ctrl Pts',(-15.3049430515593,4.09587294885836,19.9999245046383));
#4656=CARTESIAN_POINT('Ctrl Pts',(-15.402301722806,4.1506323075811,19.999988287901));
#4657=CARTESIAN_POINT('Ctrl Pts',(-15.4106293667116,4.15531618867868,19.9999937436483));
#4658=CARTESIAN_POINT('Ctrl Pts',(-15.4189516285894,4.16000787518842,19.9999990920594));
#4659=CARTESIAN_POINT('Ctrl Pts',(-15.4272682388656,4.16470704056882,20.0000043086066));
#4660=CARTESIAN_POINT('Ctrl Pts',(-15.5260355734062,4.22051391666091,20.0000662598629));
#4661=CARTESIAN_POINT('Ctrl Pts',(-15.624005647032,4.27738039638545,20.0001110926251));
#4662=CARTESIAN_POINT('Ctrl Pts',(-15.7206966554443,4.33488404296267,20.0001118502521));
#4663=CARTESIAN_POINT('Ctrl Pts',(-15.8672327779222,4.42203135413592,20.0001129984429));
#4664=CARTESIAN_POINT('Ctrl Pts',(-16.0133170166422,4.51213510743948,20.0000805662502));
#4665=CARTESIAN_POINT('Ctrl Pts',(-16.1586244765608,4.60479448235863,20.0000470098179));
#4666=CARTESIAN_POINT('Ctrl Pts',(-16.3089663604923,4.70066419886923,20.0000122907659));
#4667=CARTESIAN_POINT('Ctrl Pts',(-16.4584766635296,4.79926967442607,19.9999763207005));
#4668=CARTESIAN_POINT('Ctrl Pts',(-16.6067937835663,4.90011393067448,19.9999552598209));
#4669=CARTESIAN_POINT('Ctrl Pts',(-16.7589028358697,5.00353640978139,19.9999336604908));
#4670=CARTESIAN_POINT('Ctrl Pts',(-16.9097568702843,5.10931339622308,19.9999276284508));
#4671=CARTESIAN_POINT('Ctrl Pts',(-17.0589647147205,5.21685583236444,19.9999354228437));
#4672=CARTESIAN_POINT('Ctrl Pts',(-17.2160153160791,5.33005098193178,19.9999436269303));
#4673=CARTESIAN_POINT('Ctrl Pts',(-17.3712420844404,5.44520190608733,19.9999670627976));
#4674=CARTESIAN_POINT('Ctrl Pts',(-17.5241882950445,5.56156616859292,19.9999841741453));
#4675=CARTESIAN_POINT('Ctrl Pts',(-17.606105422051,5.62389021070574,19.9999933388865));
#4676=CARTESIAN_POINT('Ctrl Pts',(-17.6873683397734,5.68656139751867,20.000000371214));
#4677=CARTESIAN_POINT('Ctrl Pts',(-17.7679068660894,5.74945996027568,20.));
#4678=CARTESIAN_POINT('',(-34.1800698939176,11.0602191229155,5.22084731621241));
#4679=CARTESIAN_POINT('',(-36.9066900907472,11.9425174018687,2.76552584936396));
#4680=CARTESIAN_POINT('Ctrl Pts',(-34.1800698939176,11.0602191229155,5.22084731621241));
#4681=CARTESIAN_POINT('Ctrl Pts',(-34.4044459134746,10.3668162214226,3.51100288716697));
#4682=CARTESIAN_POINT('Ctrl Pts',(-34.5729638754021,9.77343602325978,1.71995742153105));
#4683=CARTESIAN_POINT('Ctrl Pts',(-34.6904267968218,9.33701845635681,-0.0750000000239928));
#4684=CARTESIAN_POINT('Origin',(-32.9262208666753,8.16241127843668,-2.26776414588427));
#4685=CARTESIAN_POINT('',(-12.7520673888112,3.16241504196897,20.));
#4686=CARTESIAN_POINT('',(-30.1010693318216,7.46483464460247,-1.76776695296637));
#4687=CARTESIAN_POINT('',(-7.63695790934729,1.90031358988257,20.));
#4688=CARTESIAN_POINT('Origin',(28.9848285728855,-14.1813407496649,-3.91286627956439));
#4689=CARTESIAN_POINT('',(12.7395560384929,-6.2347188919663,20.));
#4690=CARTESIAN_POINT('',(30.4696453627698,-14.9117970046033,-2.26776414588395));
#4691=CARTESIAN_POINT('',(11.8014115671416,-5.77432044567945,20.));
#4692=CARTESIAN_POINT('',(22.0374409946552,-10.7976960434547,20.));
#4693=CARTESIAN_POINT('',(27.8570601114903,-13.6301993065107,-1.76776695296637));
#4694=CARTESIAN_POINT('Origin',(0.,0.,0.65442916308141));
#4695=CARTESIAN_POINT('',(-35.925,-4.39954362593681E-15,5.20076646190553));
#4696=CARTESIAN_POINT('',(-35.925,-4.39954362593687E-15,0.65442916308141));
#4697=CARTESIAN_POINT('',(-35.9015771868938,1.29706610992015,5.22084731621244));
#4698=CARTESIAN_POINT('Origin',(0.,0.,36.));
#4699=CARTESIAN_POINT('Ctrl Pts',(-35.7917864635653,3.09089740149128,-0.0750000000000012));
#4700=CARTESIAN_POINT('Ctrl Pts',(-35.8306710218736,2.64062434906584,1.7199574215728));
#4701=CARTESIAN_POINT('Ctrl Pts',(-35.8752639169949,2.02539281824419,3.51100288671533));
#4702=CARTESIAN_POINT('Ctrl Pts',(-35.9015771868938,1.29706610992016,5.22084731621245));
#4703=CARTESIAN_POINT('',(-33.2928244202821,13.4979060272424,5.22084731621245));
#4704=CARTESIAN_POINT('Origin',(0.,0.,36.));
#4705=CARTESIAN_POINT('Ctrl Pts',(-32.5761284522943,15.146005415938,-0.0749999999999858));
#4706=CARTESIAN_POINT('Ctrl Pts',(-32.7666704387292,14.7361864534327,1.71995742160885));
#4707=CARTESIAN_POINT('Ctrl Pts',(-33.0189956295926,14.1733095921542,3.51100288691669));
#4708=CARTESIAN_POINT('Ctrl Pts',(-33.2928244202821,13.4979060272425,5.22084731621246));
#4709=CARTESIAN_POINT('',(-26.6684656788261,24.0706992698026,5.22084731621244));
#4710=CARTESIAN_POINT('Origin',(0.,0.,36.));
#4711=CARTESIAN_POINT('Ctrl Pts',(-25.4313085772243,25.3742816459894,-0.0749999999999857));
#4712=CARTESIAN_POINT('Ctrl Pts',(-25.75052581615,25.0543469885457,1.719957421774));
#4713=CARTESIAN_POINT('Ctrl Pts',(-26.180149160861,24.6117160534776,3.51100288719122));
#4714=CARTESIAN_POINT('Ctrl Pts',(-26.6684656788261,24.0706992698026,5.22084731621244));
#4715=CARTESIAN_POINT('',(-16.8274963918682,31.740210934738,5.22084731621245));
#4716=CARTESIAN_POINT('Origin',(0.,0.,36.));
#4717=CARTESIAN_POINT('Ctrl Pts',(-15.2190975615999,32.5420450250212,-0.0749999999999726));
#4718=CARTESIAN_POINT('Ctrl Pts',(-15.6284877428027,32.3505835141144,1.71995742161034));
#4719=CARTESIAN_POINT('Ctrl Pts',(-16.1835903253499,32.0815863286608,3.51100288696689));
#4720=CARTESIAN_POINT('Ctrl Pts',(-16.8274963918682,31.740210934738,5.22084731621245));
#4721=CARTESIAN_POINT('',(-4.95688269265401,35.5813847253204,5.22084731621244));
#4722=CARTESIAN_POINT('Origin',(0.,0.,36.));
#4723=CARTESIAN_POINT('Ctrl Pts',(-3.17123877008812,35.7847575046009,-0.0749999999999977));
#4724=CARTESIAN_POINT('Ctrl Pts',(-3.62142339577444,35.7448622240896,1.71995742155523));
#4725=CARTESIAN_POINT('Ctrl Pts',(-4.23505165237947,35.6819438187391,3.51100288713148));
#4726=CARTESIAN_POINT('Ctrl Pts',(-4.956882692654,35.5813847253204,5.22084731621243));
#4727=CARTESIAN_POINT('',(7.51160421509151,35.1309183927181,5.22084731621245));
#4728=CARTESIAN_POINT('Origin',(0.,0.,36.));
#4729=CARTESIAN_POINT('Ctrl Pts',(9.25911821959591,34.7113001023521,-0.0749999999999976));
#4730=CARTESIAN_POINT('Ctrl Pts',(8.82243805927944,34.8277830118542,1.71995742159344));
#4731=CARTESIAN_POINT('Ctrl Pts',(8.22429675271252,34.9785322748884,3.51100288694591));
#4732=CARTESIAN_POINT('Ctrl Pts',(7.51160421509152,35.1309183927181,5.22084731621244));
#4733=CARTESIAN_POINT('',(19.0740807950256,30.4431448248179,5.22084731621245));
#4734=CARTESIAN_POINT('Origin',(0.,0.,36.));
#4735=CARTESIAN_POINT('Ctrl Pts',(20.5726889019654,29.4511476235299,-0.0750000000000074));
#4736=CARTESIAN_POINT('Ctrl Pts',(20.2021832790939,29.7099591650426,1.71995742150314));
#4737=CARTESIAN_POINT('Ctrl Pts',(19.691673591774,30.0561935104451,3.51100288661969));
#4738=CARTESIAN_POINT('Ctrl Pts',(19.0740807950256,30.4431448248179,5.22084731621246));
#4739=CARTESIAN_POINT('',(28.3359417276281,22.083478698078,5.22084731621245));
#4740=CARTESIAN_POINT('Origin',(0.,0.,36.));
#4741=CARTESIAN_POINT('Ctrl Pts',(29.4048896822061,20.6387520886629,-0.0750000000000256));
#4742=CARTESIAN_POINT('Ctrl Pts',(29.1452470429453,21.0086757706503,1.71995742158123));
#4743=CARTESIAN_POINT('Ctrl Pts',(28.7839439772721,21.5086342266377,3.51100288703697));
#4744=CARTESIAN_POINT('Ctrl Pts',(28.3359417276281,22.083478698078,5.22084731621244));
#4745=CARTESIAN_POINT('',(34.1800698939176,11.0602191229155,5.22084731621244));
#4746=CARTESIAN_POINT('Origin',(0.,0.,36.));
#4747=CARTESIAN_POINT('Ctrl Pts',(34.6904267968202,9.33701845636264,-0.0750000000000037));
#4748=CARTESIAN_POINT('Ctrl Pts',(34.5729638754056,9.77343602324639,1.71995742147058));
#4749=CARTESIAN_POINT('Ctrl Pts',(34.404445913525,10.366816221267,3.51100288678198));
#4750=CARTESIAN_POINT('Ctrl Pts',(34.1800698939176,11.0602191229155,5.22084731621246));
#4751=CARTESIAN_POINT('',(35.9015771868938,-1.29706610992015,5.22084731621244));
#4752=CARTESIAN_POINT('Origin',(0.,0.,36.));
#4753=CARTESIAN_POINT('Ctrl Pts',(35.7917864635653,-3.09089740149127,-0.0749999999999984));
#4754=CARTESIAN_POINT('Ctrl Pts',(35.8306710218725,-2.64062434907929,1.71995742151913));
#4755=CARTESIAN_POINT('Ctrl Pts',(35.8752639169941,-2.02539281826697,3.51100288666184));
#4756=CARTESIAN_POINT('Ctrl Pts',(35.9015771868938,-1.29706610992015,5.22084731621245));
#4757=CARTESIAN_POINT('',(33.2928244202821,-13.4979060272425,5.22084731621244));
#4758=CARTESIAN_POINT('Origin',(0.,0.,36.));
#4759=CARTESIAN_POINT('Ctrl Pts',(32.5761284522943,-15.146005415938,-0.0749999999999898));
#4760=CARTESIAN_POINT('Ctrl Pts',(32.7666704387184,-14.736186453456,1.71995742150622));
#4761=CARTESIAN_POINT('Ctrl Pts',(33.018995629579,-14.1733095921877,3.51100288683192));
#4762=CARTESIAN_POINT('Ctrl Pts',(33.2928244202821,-13.4979060272425,5.22084731621245));
#4763=CARTESIAN_POINT('',(28.3359417276281,-22.083478698078,5.22084731621241));
#4764=CARTESIAN_POINT('Ctrl Pts',(28.3359417276281,-22.083478698078,5.2208473162124));
#4765=CARTESIAN_POINT('Ctrl Pts',(28.7839439771711,-21.5086342267674,3.51100288742331));
#4766=CARTESIAN_POINT('Ctrl Pts',(29.1452470429235,-21.0086757706814,1.71995742173767));
#4767=CARTESIAN_POINT('Ctrl Pts',(29.4048896822096,-20.6387520886579,-0.0750000000240168));
#4768=CARTESIAN_POINT('',(26.6684656788261,-24.0706992698026,5.22084731621244));
#4769=CARTESIAN_POINT('Origin',(0.,0.,36.));
#4770=CARTESIAN_POINT('Ctrl Pts',(25.4313085772243,-25.3742816459894,-0.0749999999999921));
#4771=CARTESIAN_POINT('Ctrl Pts',(25.7505258161101,-25.0543469885858,1.7199574215487));
#4772=CARTESIAN_POINT('Ctrl Pts',(26.180149160769,-24.6117160535795,3.51100288686805));
#4773=CARTESIAN_POINT('Ctrl Pts',(26.6684656788261,-24.0706992698026,5.22084731621246));
#4774=CARTESIAN_POINT('',(19.0740807950257,-30.4431448248178,5.22084731621241));
#4775=CARTESIAN_POINT('Ctrl Pts',(19.0740807950257,-30.4431448248178,5.22084731621241));
#4776=CARTESIAN_POINT('Ctrl Pts',(19.6916735915863,-30.0561935105627,3.51100288714024));
#4777=CARTESIAN_POINT('Ctrl Pts',(20.2021832790793,-29.7099591650529,1.71995742158145));
#4778=CARTESIAN_POINT('Ctrl Pts',(20.5726889019703,-29.4511476235264,-0.0750000000239839));
#4779=CARTESIAN_POINT('',(16.8274963918682,-31.740210934738,5.22084731621245));
#4780=CARTESIAN_POINT('Origin',(0.,0.,36.));
#4781=CARTESIAN_POINT('Ctrl Pts',(15.2190975615999,-32.5420450250212,-0.0750000000000118));
#4782=CARTESIAN_POINT('Ctrl Pts',(15.6284877427899,-32.3505835141204,1.71995742155274));
#4783=CARTESIAN_POINT('Ctrl Pts',(16.18359032542,-32.0815863286236,3.5110028871537));
#4784=CARTESIAN_POINT('Ctrl Pts',(16.8274963918682,-31.740210934738,5.22084731621243));
#4785=CARTESIAN_POINT('',(7.51160421509152,-35.1309183927181,5.22084731621241));
#4786=CARTESIAN_POINT('Ctrl Pts',(7.51160421509151,-35.1309183927181,5.22084731621242));
#4787=CARTESIAN_POINT('Ctrl Pts',(8.22429675271879,-34.9785322748871,3.51100288693106));
#4788=CARTESIAN_POINT('Ctrl Pts',(8.8224380592885,-34.8277830118518,1.71995742156232));
#4789=CARTESIAN_POINT('Ctrl Pts',(9.25911821960173,-34.7113001023505,-0.0750000000239884));
#4790=CARTESIAN_POINT('',(4.956882692654,-35.5813847253204,5.22084731621244));
#4791=CARTESIAN_POINT('Origin',(0.,0.,36.));
#4792=CARTESIAN_POINT('Ctrl Pts',(3.17123877008811,-35.7847575046009,-0.074999999999994));
#4793=CARTESIAN_POINT('Ctrl Pts',(3.62142339579461,-35.7448622240878,1.71995742163518));
#4794=CARTESIAN_POINT('Ctrl Pts',(4.23505165237905,-35.6819438187391,3.51100288713025));
#4795=CARTESIAN_POINT('Ctrl Pts',(4.95688269265398,-35.5813847253204,5.22084731621243));
#4796=CARTESIAN_POINT('',(-4.95688269265398,-35.5813847253205,5.22084731621241));
#4797=CARTESIAN_POINT('Ctrl Pts',(-4.95688269265399,-35.5813847253204,5.22084731621242));
#4798=CARTESIAN_POINT('Ctrl Pts',(-4.23505165233128,-35.6819438187458,3.51100288701696));
#4799=CARTESIAN_POINT('Ctrl Pts',(-3.62142339578445,-35.7448622240888,1.71995742160143));
#4800=CARTESIAN_POINT('Ctrl Pts',(-3.17123877008211,-35.7847575046014,-0.0750000000239911));
#4801=CARTESIAN_POINT('',(-7.5116042150915,-35.1309183927181,5.22084731621245));
#4802=CARTESIAN_POINT('Origin',(0.,0.,36.));
#4803=CARTESIAN_POINT('Ctrl Pts',(-9.25911821959591,-34.7113001023521,-0.074999999999997));
#4804=CARTESIAN_POINT('Ctrl Pts',(-8.82243805927989,-34.827783011854,1.71995742159155));
#4805=CARTESIAN_POINT('Ctrl Pts',(-8.22429675267575,-34.9785322748963,3.51100288703442));
#4806=CARTESIAN_POINT('Ctrl Pts',(-7.51160421509152,-35.1309183927181,5.22084731621244));
#4807=CARTESIAN_POINT('',(-16.8274963918682,-31.740210934738,5.22084731621241));
#4808=CARTESIAN_POINT('Ctrl Pts',(-16.8274963918682,-31.740210934738,5.22084731621243));
#4809=CARTESIAN_POINT('Ctrl Pts',(-16.1835903252717,-32.0815863287023,3.51100288675855));
#4810=CARTESIAN_POINT('Ctrl Pts',(-15.6284877427811,-32.3505835141246,1.71995742152189));
#4811=CARTESIAN_POINT('Ctrl Pts',(-15.2190975615944,-32.5420450250237,-0.075000000023987));
#4812=CARTESIAN_POINT('',(-19.0740807950256,-30.4431448248178,5.22084731621244));
#4813=CARTESIAN_POINT('Origin',(0.,0.,36.));
#4814=CARTESIAN_POINT('Ctrl Pts',(-20.5726889019654,-29.4511476235299,-0.0750000000000146));
#4815=CARTESIAN_POINT('Ctrl Pts',(-20.2021832790598,-29.7099591650664,1.7199574216683));
#4816=CARTESIAN_POINT('Ctrl Pts',(-19.6916735915362,-30.0561935105941,3.51100288727932));
#4817=CARTESIAN_POINT('Ctrl Pts',(-19.0740807950257,-30.4431448248178,5.22084731621243));
#4818=CARTESIAN_POINT('',(-26.6684656788261,-24.0706992698026,5.22084731621241));
#4819=CARTESIAN_POINT('Ctrl Pts',(-26.6684656788261,-24.0706992698026,5.22084731621242));
#4820=CARTESIAN_POINT('Ctrl Pts',(-26.1801491608268,-24.6117160535155,3.51100288707181));
#4821=CARTESIAN_POINT('Ctrl Pts',(-25.7505258161113,-25.0543469885847,1.7199574215602));
#4822=CARTESIAN_POINT('Ctrl Pts',(-25.4313085772201,-25.3742816459937,-0.0750000000239802));
#4823=CARTESIAN_POINT('',(-28.3359417276281,-22.083478698078,5.22084731621245));
#4824=CARTESIAN_POINT('Origin',(0.,0.,36.));
#4825=CARTESIAN_POINT('Ctrl Pts',(-29.4048896822061,-20.6387520886629,-0.0749999999999771));
#4826=CARTESIAN_POINT('Ctrl Pts',(-29.1452470429425,-21.0086757706543,1.71995742160117));
#4827=CARTESIAN_POINT('Ctrl Pts',(-28.7839439772673,-21.5086342266439,3.51100288705541));
#4828=CARTESIAN_POINT('Ctrl Pts',(-28.3359417276281,-22.083478698078,5.22084731621244));
#4829=CARTESIAN_POINT('',(-33.2928244202821,-13.4979060272425,5.22084731621241));
#4830=CARTESIAN_POINT('Ctrl Pts',(-33.2928244202821,-13.4979060272425,5.22084731621241));
#4831=CARTESIAN_POINT('Ctrl Pts',(-33.018995629648,-14.1733095920177,3.51100288726305));
#4832=CARTESIAN_POINT('Ctrl Pts',(-32.7666704387328,-14.7361864534252,1.71995742164773));
#4833=CARTESIAN_POINT('Ctrl Pts',(-32.5761284522917,-15.1460054159435,-0.0750000000239831));
#4834=CARTESIAN_POINT('',(-34.1800698939176,-11.0602191229155,5.22084731621244));
#4835=CARTESIAN_POINT('Origin',(0.,0.,36.));
#4836=CARTESIAN_POINT('Ctrl Pts',(-34.6904267968202,-9.33701845636264,-0.0750000000000121));
#4837=CARTESIAN_POINT('Ctrl Pts',(-34.5729638753957,-9.77343602328306,1.71995742162106));
#4838=CARTESIAN_POINT('Ctrl Pts',(-34.4044459135128,-10.3668162213046,3.5110028868747));
#4839=CARTESIAN_POINT('Ctrl Pts',(-34.1800698939176,-11.0602191229155,5.22084731621246));
#4840=CARTESIAN_POINT('',(-35.9015771868938,-1.29706610992017,5.22084731621241));
#4841=CARTESIAN_POINT('Ctrl Pts',(-35.9015771868938,-1.29706610992016,5.22084731621242));
#4842=CARTESIAN_POINT('Ctrl Pts',(-35.8752639169974,-2.02539281817427,3.51100288687997));
#4843=CARTESIAN_POINT('Ctrl Pts',(-35.8306710218728,-2.64062434907707,1.71995742153364));
#4844=CARTESIAN_POINT('Ctrl Pts',(-35.7917864635648,-3.09089740149729,-0.0750000000239884));
#4845=CARTESIAN_POINT('Origin',(0.,0.,36.));
#4846=CARTESIAN_POINT('Origin',(35.9486670723182,-14.5746640123201,2.76552584936398));
#4847=CARTESIAN_POINT('',(17.3066879454774,-7.01664853008239,20.));
#4848=CARTESIAN_POINT('',(18.3932026315291,-4.03147396424917,20.));
#4849=CARTESIAN_POINT('',(35.9486670723182,-14.5746640123201,2.76552584936398));
#4850=CARTESIAN_POINT('Ctrl Pts',(30.4132707903714,-14.884207376637,-2.19696158764335));
#4851=CARTESIAN_POINT('Ctrl Pts',(24.5220325397452,-12.0010445484134,5.20202560823777));
#4852=CARTESIAN_POINT('Ctrl Pts',(18.630794289119,-9.11788172018985,12.6010128041189));
#4853=CARTESIAN_POINT('Ctrl Pts',(12.7395560384929,-6.2347188919663,20.));
#4854=CARTESIAN_POINT('Ctrl Pts',(30.8586016940205,-15.0644096422304,-1.71685461897005));
#4855=CARTESIAN_POINT('Ctrl Pts',(24.8806308772221,-12.1478283136169,5.5892008242041));
#4856=CARTESIAN_POINT('Ctrl Pts',(18.9040677256178,-9.22678361322819,12.8950524769191));
#4857=CARTESIAN_POINT('Ctrl Pts',(12.9260969088194,-6.31020228461469,20.2011079200933));
#4858=CARTESIAN_POINT('Ctrl Pts',(31.8463119683061,-15.1924565477973,-0.744915941755229));
#4859=CARTESIAN_POINT('Ctrl Pts',(25.6774952326774,-12.2495952086111,6.37281470680429));
#4860=CARTESIAN_POINT('Ctrl Pts',(19.5086471910892,-9.30670010178014,13.4905043881698));
#4861=CARTESIAN_POINT('Ctrl Pts',(13.3398304554605,-6.36383876259395,20.6082350367294));
#4862=CARTESIAN_POINT('Ctrl Pts',(33.6738629417357,-15.1074688204015,0.943352707381935));
#4863=CARTESIAN_POINT('Ctrl Pts',(27.1507163211491,-12.1820076723375,7.7340733935841));
#4864=CARTESIAN_POINT('Ctrl Pts',(20.6285043420779,-9.2537001251826,14.5246988296962));
#4865=CARTESIAN_POINT('Ctrl Pts',(14.1053577214913,-6.32823897711854,21.3154195158983));
#4866=CARTESIAN_POINT('Ctrl Pts',(35.0469174545534,-14.7984906295321,2.12792513588782));
#4867=CARTESIAN_POINT('Ctrl Pts',(28.2579785370062,-11.9322011458565,8.68912066310937));
#4868=CARTESIAN_POINT('Ctrl Pts',(21.4694437526296,-9.06510321730793,15.2504194468576));
#4869=CARTESIAN_POINT('Ctrl Pts',(14.6805048350824,-6.1988137336324,21.8116149740791));
#4870=CARTESIAN_POINT('Ctrl Pts',(35.882155279668,-14.5476981437725,2.82701587482446));
#4871=CARTESIAN_POINT('Ctrl Pts',(28.9315603516995,-11.729719230755,9.25282763024804));
#4872=CARTESIAN_POINT('Ctrl Pts',(21.980965423731,-8.9117403177376,15.6786393856716));
#4873=CARTESIAN_POINT('Ctrl Pts',(15.0303704957625,-6.09376140472016,22.1044511410952));
#4874=CARTESIAN_POINT('Ctrl Pts',(17.3066879454774,-7.0166485300824,20.));
#4875=CARTESIAN_POINT('Ctrl Pts',(17.1127941263911,-7.00983580458125,20.000001982832));
#4876=CARTESIAN_POINT('Ctrl Pts',(16.9171496096197,-7.00080821479498,19.999955934052));
#4877=CARTESIAN_POINT('Ctrl Pts',(16.7207294155651,-6.98919508594173,19.9999084517904));
#4878=CARTESIAN_POINT('Ctrl Pts',(16.5339054625663,-6.97814932433105,19.9998632893067));
#4879=CARTESIAN_POINT('Ctrl Pts',(16.3463800617255,-6.96476410660131,19.9998169702881));
#4880=CARTESIAN_POINT('Ctrl Pts',(16.1589634352184,-6.94875019954823,19.9997927315501));
#4881=CARTESIAN_POINT('Ctrl Pts',(15.9818915054932,-6.93362020026707,19.9997698306997));
#4882=CARTESIAN_POINT('Ctrl Pts',(15.8049167805517,-6.91614354658489,19.9997666911041));
#4883=CARTESIAN_POINT('Ctrl Pts',(15.6286936207225,-6.89610703555404,19.9997862007617));
#4884=CARTESIAN_POINT('Ctrl Pts',(15.4680526880856,-6.87784221825132,19.9998039853117));
#4885=CARTESIAN_POINT('Ctrl Pts',(15.3080361350414,-6.85745038806313,19.9998405035185));
#4886=CARTESIAN_POINT('Ctrl Pts',(15.1491155549299,-6.83479578376977,19.9998841172783));
#4887=CARTESIAN_POINT('Ctrl Pts',(14.9880018644894,-6.81182854503573,19.9999283329097));
#4888=CARTESIAN_POINT('Ctrl Pts',(14.8280149988057,-6.78653483141661,19.9999799322099));
#4889=CARTESIAN_POINT('Ctrl Pts',(14.6696091948256,-6.75885608898131,20.0000202334087));
#4890=CARTESIAN_POINT('Ctrl Pts',(14.5577065857396,-6.73930299549036,20.0000487033839));
#4891=CARTESIAN_POINT('Ctrl Pts',(14.4465923888874,-6.71856042603446,20.0000712244379));
#4892=CARTESIAN_POINT('Ctrl Pts',(14.3364172058546,-6.69661921846345,20.000076177332));
#4893=CARTESIAN_POINT('Ctrl Pts',(14.2030389620486,-6.67005715927511,20.0000821733131));
#4894=CARTESIAN_POINT('Ctrl Pts',(14.0786384142911,-6.64323426602531,20.0001570191523));
#4895=CARTESIAN_POINT('Ctrl Pts',(13.9628552186033,-6.61671147957448,20.0002405639196));
#4896=CARTESIAN_POINT('Ctrl Pts',(13.9320290354764,-6.60965003799557,20.0002628069255));
#4897=CARTESIAN_POINT('Ctrl Pts',(13.9018138381524,-6.60260964271153,20.0002857329502));
#4898=CARTESIAN_POINT('Ctrl Pts',(13.8722031816709,-6.59560036555675,20.0003083649771));
#4899=CARTESIAN_POINT('Ctrl Pts',(13.805491093719,-6.57980863482221,20.0003593543827));
#4900=CARTESIAN_POINT('Ctrl Pts',(13.7418494690994,-6.56417054260892,20.000409137863));
#4901=CARTESIAN_POINT('Ctrl Pts',(13.6812548187679,-6.54869472346904,20.0004572880102));
#4902=CARTESIAN_POINT('Ctrl Pts',(13.6167867480755,-6.53222963625633,20.0005085160818));
#4903=CARTESIAN_POINT('Ctrl Pts',(13.5557674244888,-6.51594859715034,20.0005578098642));
#4904=CARTESIAN_POINT('Ctrl Pts',(13.4981458913873,-6.49991631668266,20.0006019285546));
#4905=CARTESIAN_POINT('Ctrl Pts',(13.4322927822689,-6.48159373034683,20.0006523498602));
#4906=CARTESIAN_POINT('Ctrl Pts',(13.3708773898163,-6.46359617352228,20.0006958614448));
#4907=CARTESIAN_POINT('Ctrl Pts',(13.3137979921051,-6.4460861285985,20.0007260497153));
#4908=CARTESIAN_POINT('Ctrl Pts',(13.2475277804971,-6.42575665020707,20.0007610988425));
#4909=CARTESIAN_POINT('Ctrl Pts',(13.1871014927656,-6.40608543955341,20.0007777857286));
#4910=CARTESIAN_POINT('Ctrl Pts',(13.1323356523808,-6.38740105923436,20.0007686605164));
#4911=CARTESIAN_POINT('Ctrl Pts',(13.067366057729,-6.36523547924658,20.000757835131));
#4912=CARTESIAN_POINT('Ctrl Pts',(13.0103598775332,-6.34446312961835,20.0007095709446));
#4913=CARTESIAN_POINT('Ctrl Pts',(12.9610086718731,-6.32568564286064,20.0006275960909));
#4914=CARTESIAN_POINT('Ctrl Pts',(12.9212494505048,-6.31055778037476,20.0005615540091));
#4915=CARTESIAN_POINT('Ctrl Pts',(12.8864580238867,-6.29672711430618,20.0004738128093));
#4916=CARTESIAN_POINT('Ctrl Pts',(12.8564936118315,-6.28449127882289,20.0003797881899));
#4917=CARTESIAN_POINT('Ctrl Pts',(12.828960297657,-6.27324817143506,20.000293392055));
#4918=CARTESIAN_POINT('Ctrl Pts',(12.8055022063698,-6.26335248833116,20.0002017039991));
#4919=CARTESIAN_POINT('Ctrl Pts',(12.7860354027316,-6.25499988028235,20.0001283840337));
#4920=CARTESIAN_POINT('Ctrl Pts',(12.7679548536563,-6.24724207152543,20.0000602852715));
#4921=CARTESIAN_POINT('Ctrl Pts',(12.7533173239897,-6.24081568077731,20.0000080738761));
#4922=CARTESIAN_POINT('Ctrl Pts',(12.7420806246993,-6.2358382385992,20.0000008398035));
#4923=CARTESIAN_POINT('Ctrl Pts',(12.7412190952403,-6.23545661291394,20.0000002851596));
#4924=CARTESIAN_POINT('Ctrl Pts',(12.7403775706047,-6.23508348336309,20.));
#4925=CARTESIAN_POINT('Ctrl Pts',(12.7395560384929,-6.2347188919663,20.));
#4926=CARTESIAN_POINT('Origin',(0.,0.,1.11022302462516E-15));
#4927=CARTESIAN_POINT('Origin',(0.,0.,20.));
#4928=CARTESIAN_POINT('Origin',(0.,0.,1.11022302462516E-15));
#4929=CARTESIAN_POINT('',(13.06463327094,-1.3897658372192,20.));
#4930=CARTESIAN_POINT('',(29.3954248596151,-3.12697313374321,1.11022302462516E-15));
#4931=CARTESIAN_POINT('Origin',(0.,0.,20.));
#4932=CARTESIAN_POINT('Origin',(22.3865253289345,-23.2394964780788,-3.91286627956439));
#4933=CARTESIAN_POINT('',(9.83886735243473,-10.2159041176459,20.));
#4934=CARTESIAN_POINT('',(23.5319659566006,-24.43373808194,-2.26776414588395));
#4935=CARTESIAN_POINT('',(9.11476545806077,-9.46240678849714,20.));
#4936=CARTESIAN_POINT('',(15.6864112294114,-16.3008332244697,20.));
#4937=CARTESIAN_POINT('',(21.5152711031867,-22.3358734001329,-1.76776695296637));
#4938=CARTESIAN_POINT('Origin',(28.7958685005296,-25.9908724872522,2.76552584936398));
#4939=CARTESIAN_POINT('',(14.7299398492168,-11.4797071511121,20.));
#4940=CARTESIAN_POINT('',(30.5963628224511,-23.8451269106567,2.76552584936396));
#4941=CARTESIAN_POINT('',(13.8631318166849,-12.5127287379715,20.));
#4942=CARTESIAN_POINT('',(17.7155012020386,-7.92165368297616,20.));
#4943=CARTESIAN_POINT('',(28.7958685005296,-25.9908724872522,2.76552584936398));
#4944=CARTESIAN_POINT('Ctrl Pts',(30.5397537989386,-23.8010089428519,2.82701587481359));
#4945=CARTESIAN_POINT('Ctrl Pts',(24.6240150089491,-19.190606620322,9.25282763024082));
#4946=CARTESIAN_POINT('Ctrl Pts',(18.7082762189595,-14.5802042977922,15.6786393856681));
#4947=CARTESIAN_POINT('Ctrl Pts',(12.7925374289699,-9.96980197526226,22.1044511410953));
#4948=CARTESIAN_POINT('Ctrl Pts',(30.2725188005245,-22.669364386012,1.89489488956552));
#4949=CARTESIAN_POINT('Ctrl Pts',(24.4087151811567,-18.2779405014778,8.50124792058211));
#4950=CARTESIAN_POINT('Ctrl Pts',(18.5444012553044,-13.8872009071078,15.107649887391));
#4951=CARTESIAN_POINT('Ctrl Pts',(12.6805976359366,-9.4957770225736,21.7140029184076));
#4952=CARTESIAN_POINT('Ctrl Pts',(29.7300519832629,-21.0930695965843,0.466118438768469));
#4953=CARTESIAN_POINT('Ctrl Pts',(23.9710280368111,-17.0075484387656,7.34936783847627));
#4954=CARTESIAN_POINT('Ctrl Pts',(18.2123922763017,-12.9210174778823,14.2322655169698));
#4955=CARTESIAN_POINT('Ctrl Pts',(12.4533683298498,-8.83549632006363,21.1155149166777));
#4956=CARTESIAN_POINT('Ctrl Pts',(28.786879815177,-19.5755882913583,-1.23181154042869));
#4957=CARTESIAN_POINT('Ctrl Pts',(23.2107170418974,-15.7835556814367,5.98016844702302));
#4958=CARTESIAN_POINT('Ctrl Pts',(17.6344537445614,-11.9918841070875,13.1923034977727));
#4959=CARTESIAN_POINT('Ctrl Pts',(12.0582909712818,-8.19985149716595,20.4042834852244));
#4960=CARTESIAN_POINT('Ctrl Pts',(28.2860996943822,-19.0443447997513,-1.95690810331942));
#4961=CARTESIAN_POINT('Ctrl Pts',(22.8067550326206,-15.3557754993813,5.39574379389089));
#4962=CARTESIAN_POINT('Ctrl Pts',(17.3278681122857,-11.6658927347683,12.7479020628363));
#4963=CARTESIAN_POINT('Ctrl Pts',(11.8485234505242,-7.97732343439829,20.1005539600466));
#4964=CARTESIAN_POINT('Ctrl Pts',(28.0967370985579,-18.8965614283244,-2.19696158765613));
#4965=CARTESIAN_POINT('Ctrl Pts',(22.6542257207532,-15.2361808576452,5.20202560822925));
#4966=CARTESIAN_POINT('Ctrl Pts',(17.2117143429485,-11.5758002869661,12.6010128041146));
#4967=CARTESIAN_POINT('Ctrl Pts',(11.7692029651438,-7.91541971628698,20.));
#4968=CARTESIAN_POINT('Ctrl Pts',(11.7692029651438,-7.91541971628699,20.));
#4969=CARTESIAN_POINT('Ctrl Pts',(11.8184225655388,-7.95126998787212,20.));
#4970=CARTESIAN_POINT('Ctrl Pts',(11.8674837621644,-7.98897562631605,19.9999833541553));
#4971=CARTESIAN_POINT('Ctrl Pts',(11.9164038327066,-8.02832262035693,19.9999615173173));
#4972=CARTESIAN_POINT('Ctrl Pts',(11.9677645847567,-8.06963268353651,19.999938591013));
#4973=CARTESIAN_POINT('Ctrl Pts',(12.0189698500192,-8.1127519400596,19.999909981481));
#4974=CARTESIAN_POINT('Ctrl Pts',(12.0700717327753,-8.15738276748361,19.9998814320294));
#4975=CARTESIAN_POINT('Ctrl Pts',(12.1186110204689,-8.19977550245729,19.9998543142409));
#4976=CARTESIAN_POINT('Ctrl Pts',(12.1670575873561,-8.24353121866932,19.9998271665548));
#4977=CARTESIAN_POINT('Ctrl Pts',(12.2154788575361,-8.28835827912283,19.9997988411883));
#4978=CARTESIAN_POINT('Ctrl Pts',(12.2821143746809,-8.35004758104109,19.9997598608922));
#4979=CARTESIAN_POINT('Ctrl Pts',(12.3487032531697,-8.41376473114135,19.9997189233625));
#4980=CARTESIAN_POINT('Ctrl Pts',(12.4150444900411,-8.47923188146837,19.9996944137523));
#4981=CARTESIAN_POINT('Ctrl Pts',(12.4842489925745,-8.54752457217353,19.9996688463154));
#4982=CARTESIAN_POINT('Ctrl Pts',(12.5531840890839,-8.61772153053388,19.9996611785394));
#4983=CARTESIAN_POINT('Ctrl Pts',(12.6216438481613,-8.6894568216287,19.9996768303259));
#4984=CARTESIAN_POINT('Ctrl Pts',(12.6925489637502,-8.76375446999074,19.9996930411882));
#4985=CARTESIAN_POINT('Ctrl Pts',(12.762944379221,-8.83970201461521,19.9997342310747));
#4986=CARTESIAN_POINT('Ctrl Pts',(12.8326224981689,-8.91684255219895,19.9997903052618));
#4987=CARTESIAN_POINT('Ctrl Pts',(12.9072621586693,-8.99947600475198,19.9998503723009));
#4988=CARTESIAN_POINT('Ctrl Pts',(12.9810789905297,-9.0834780850343,19.9999275153526));
#4989=CARTESIAN_POINT('Ctrl Pts',(13.0538382948288,-9.16823474249783,19.9999913117829));
#4990=CARTESIAN_POINT('Ctrl Pts',(13.0600582510507,-9.17548031341163,19.9999967655322));
#4991=CARTESIAN_POINT('Ctrl Pts',(13.0662704888358,-9.18273137124653,20.0000021116851));
#4992=CARTESIAN_POINT('Ctrl Pts',(13.072474866778,-9.1899875176325,20.0000073257517));
#4993=CARTESIAN_POINT('Ctrl Pts',(13.146198802718,-9.27620916246418,20.0000692822463));
#4994=CARTESIAN_POINT('Ctrl Pts',(13.2188111581429,-9.3631537420344,20.0001140680708));
#4995=CARTESIAN_POINT('Ctrl Pts',(13.2900036633814,-9.45025953952076,20.0001147435332));
#4996=CARTESIAN_POINT('Ctrl Pts',(13.3978921819894,-9.58226382032938,20.0001157671612));
#4997=CARTESIAN_POINT('Ctrl Pts',(13.5043450292591,-9.71689134441536,20.0000831301119));
#4998=CARTESIAN_POINT('Ctrl Pts',(13.6091940031521,-9.85365448540296,20.0000493303694));
#4999=CARTESIAN_POINT('Ctrl Pts',(13.7176736077333,-9.99515335663417,20.000014360235));
#5000=CARTESIAN_POINT('Ctrl Pts',(13.824436305248,-10.1389382745481,19.9999780980178));
#5001=CARTESIAN_POINT('Ctrl Pts',(13.929312297341,-10.284418747275,19.9999567476176));
#5002=CARTESIAN_POINT('Ctrl Pts',(14.0368679330043,-10.4336163320459,19.9999348517021));
#5003=CARTESIAN_POINT('Ctrl Pts',(14.1424392495319,-10.5845970094254,19.9999285254559));
#5004=CARTESIAN_POINT('Ctrl Pts',(14.2458601615935,-10.7366736940267,19.9999360730315));
#5005=CARTESIAN_POINT('Ctrl Pts',(14.3547137269063,-10.8967388973771,19.9999440170779));
#5006=CARTESIAN_POINT('Ctrl Pts',(14.4611850481138,-11.0580181273504,19.9999672445619));
#5007=CARTESIAN_POINT('Ctrl Pts',(14.5650989168435,-11.2196578671842,19.9999842499103));
#5008=CARTESIAN_POINT('Ctrl Pts',(14.6207884550413,-11.3062838640392,19.9999933634195));
#5009=CARTESIAN_POINT('Ctrl Pts',(14.6757437742184,-11.3930125405781,20.0000003714003));
#5010=CARTESIAN_POINT('Ctrl Pts',(14.7299398492167,-11.4797071511121,20.));
#5011=CARTESIAN_POINT('Ctrl Pts',(23.4884273954292,-24.3885310727981,-2.19696158764337));
#5012=CARTESIAN_POINT('Ctrl Pts',(18.9385740477644,-19.6643220877474,5.20202560823775));
#5013=CARTESIAN_POINT('Ctrl Pts',(14.3887207000996,-14.9401131026967,12.6010128041189));
#5014=CARTESIAN_POINT('Ctrl Pts',(9.83886735243473,-10.2159041176459,20.));
#5015=CARTESIAN_POINT('Ctrl Pts',(23.8452687546909,-24.7101779515188,-1.7168546189696));
#5016=CARTESIAN_POINT('Ctrl Pts',(19.2253432549053,-19.9249015635407,5.58920082420454));
#5017=CARTESIAN_POINT('Ctrl Pts',(14.608267090769,-15.1359124278929,12.8950524769193));
#5018=CARTESIAN_POINT('Ctrl Pts',(9.98834159098341,-10.3506360399148,20.2011079200934));
#5019=CARTESIAN_POINT('Ctrl Pts',(24.7295639571084,-25.168391367892,-0.744911286444539));
#5020=CARTESIAN_POINT('Ctrl Pts',(19.9392902486735,-20.2931466993931,6.37281936211499));
#5021=CARTESIAN_POINT('Ctrl Pts',(15.1490301871631,-15.4178178248031,13.4905063381933));
#5022=CARTESIAN_POINT('Ctrl Pts',(10.3587564787282,-10.5425731563042,20.6082369867528));
#5023=CARTESIAN_POINT('Ctrl Pts',(26.4759618640789,-25.7135911880157,0.943354814844071));
#5024=CARTESIAN_POINT('Ctrl Pts',(21.3467757615637,-20.7335093926767,7.73407550104622));
#5025=CARTESIAN_POINT('Ctrl Pts',(16.2194763302673,-15.751029062028,14.5246997124731));
#5026=CARTESIAN_POINT('Ctrl Pts',(11.0902902277521,-10.770947266689,21.3154203986752));
#5027=CARTESIAN_POINT('Ctrl Pts',(27.8719478272209,-25.8927841742698,2.12792513588782));
#5028=CARTESIAN_POINT('Ctrl Pts',(22.472760763455,-20.877399235815,8.68912066310938));
#5029=CARTESIAN_POINT('Ctrl Pts',(17.0742299650786,-15.8613928293636,15.2504194468575));
#5030=CARTESIAN_POINT('Ctrl Pts',(11.6750429013128,-10.8460078909087,21.8116149740791));
#5031=CARTESIAN_POINT('Ctrl Pts',(28.7425907300065,-25.9427844867098,2.82701587482446));
#5032=CARTESIAN_POINT('Ctrl Pts',(23.1749735178415,-20.9175070231546,9.25282763024804));
#5033=CARTESIAN_POINT('Ctrl Pts',(17.6073563056765,-15.8922295595993,15.6786393856716));
#5034=CARTESIAN_POINT('Ctrl Pts',(12.0397390935114,-10.8669520960441,22.1044511410952));
#5035=CARTESIAN_POINT('Ctrl Pts',(13.8631318166849,-12.5127287379715,20.));
#5036=CARTESIAN_POINT('Ctrl Pts',(13.6831329920177,-12.4399594002896,20.0000019842466));
#5037=CARTESIAN_POINT('Ctrl Pts',(13.5022442975111,-12.36450743832,19.9999559061373));
#5038=CARTESIAN_POINT('Ctrl Pts',(13.3215113091196,-12.2863575452432,19.999908450173));
#5039=CARTESIAN_POINT('Ctrl Pts',(13.1496454807457,-12.212041858713,19.9998633225033));
#5040=CARTESIAN_POINT('Ctrl Pts',(12.977920857982,-12.1352862171653,19.9998170889562));
#5041=CARTESIAN_POINT('Ctrl Pts',(12.807199365698,-12.0560954791435,19.9997929940686));
#5042=CARTESIAN_POINT('Ctrl Pts',(12.6459301802514,-11.9812892807861,19.9997702332384));
#5043=CARTESIAN_POINT('Ctrl Pts',(12.4855562702912,-11.9043100682704,19.9997672782065));
#5044=CARTESIAN_POINT('Ctrl Pts',(12.3267664483,-11.8251808587388,19.9997869848));
#5045=CARTESIAN_POINT('Ctrl Pts',(12.1823224526583,-11.7532005576503,19.9998049110063));
#5046=CARTESIAN_POINT('Ctrl Pts',(12.0391890419684,-11.679441293379,19.999841497053));
#5047=CARTESIAN_POINT('Ctrl Pts',(11.8978534868721,-11.603936200813,19.9998851474483));
#5048=CARTESIAN_POINT('Ctrl Pts',(11.7543097728732,-11.5272514529066,19.9999294798164));
#5049=CARTESIAN_POINT('Ctrl Pts',(11.6126211933596,-11.4487652575732,19.9999811943705));
#5050=CARTESIAN_POINT('Ctrl Pts',(11.4732346973524,-11.3685778120996,20.0000215781789));
#5051=CARTESIAN_POINT('Ctrl Pts',(11.3747684691041,-11.3119313252819,20.0000501063463));
#5052=CARTESIAN_POINT('Ctrl Pts',(11.2774502385994,-11.2544363545121,20.0000726692992));
#5053=CARTESIAN_POINT('Ctrl Pts',(11.1814246838847,-11.1961357485705,20.0000776362495));
#5054=CARTESIAN_POINT('Ctrl Pts',(11.0651677847332,-11.1255519577707,20.000083649672));
#5055=CARTESIAN_POINT('Ctrl Pts',(10.9574379780164,-11.0577933811587,20.0001584791863));
#5056=CARTESIAN_POINT('Ctrl Pts',(10.8577045639138,-10.9932641169659,20.0002419605392));
#5057=CARTESIAN_POINT('Ctrl Pts',(10.8311599798651,-10.9760893065738,20.0002641795498));
#5058=CARTESIAN_POINT('Ctrl Pts',(10.8051820709668,-10.9591430961262,20.0002870778839));
#5059=CARTESIAN_POINT('Ctrl Pts',(10.7797613409193,-10.9424327433022,20.0003096793563));
#5060=CARTESIAN_POINT('Ctrl Pts',(10.7224598557728,-10.9047655310563,20.0003606258841));
#5061=CARTESIAN_POINT('Ctrl Pts',(10.6679926765449,-10.8682933172875,20.0004103509549));
#5062=CARTESIAN_POINT('Ctrl Pts',(10.6163346622522,-10.8330163109296,20.000458436056));
#5063=CARTESIAN_POINT('Ctrl Pts',(10.5613722591702,-10.7954827535618,20.0005095969987));
#5064=CARTESIAN_POINT('Ctrl Pts',(10.5095895649634,-10.7593024681161,20.00055881587));
#5065=CARTESIAN_POINT('Ctrl Pts',(10.4609164151805,-10.7245189867679,20.0006028560785));
#5066=CARTESIAN_POINT('Ctrl Pts',(10.4052840275429,-10.6847621983461,20.0006531931115));
#5067=CARTESIAN_POINT('Ctrl Pts',(10.3537137180997,-10.6468302402026,20.0006966140434));
#5068=CARTESIAN_POINT('Ctrl Pts',(10.3060540594302,-10.6108412587017,20.000726704131));
#5069=CARTESIAN_POINT('Ctrl Pts',(10.2507072273683,-10.5690475033367,20.0007616475417));
#5070=CARTESIAN_POINT('Ctrl Pts',(10.2006331335179,-10.5298748171175,20.0007782087603));
#5071=CARTESIAN_POINT('Ctrl Pts',(10.1555463871669,-10.4935697505454,20.0007689334751));
#5072=CARTESIAN_POINT('Ctrl Pts',(10.1021269905468,-10.4505550087976,20.0007579439897));
#5073=CARTESIAN_POINT('Ctrl Pts',(10.0557046169704,-10.4115689871949,20.0007095777932));
#5074=CARTESIAN_POINT('Ctrl Pts',(10.0157846504185,-10.3770706305986,20.0006275730325));
#5075=CARTESIAN_POINT('Ctrl Pts',(9.98360741619837,-10.3492634504757,20.0005614736186));
#5076=CARTESIAN_POINT('Ctrl Pts',(9.95565336335743,-10.3243739700302,20.0004736985717));
#5077=CARTESIAN_POINT('Ctrl Pts',(9.93168856228053,-10.3026335619163,20.0003796629929));
#5078=CARTESIAN_POINT('Ctrl Pts',(9.90967217164906,-10.2826607144061,20.0002932727898));
#5079=CARTESIAN_POINT('Ctrl Pts',(9.89102213908943,-10.2653464178292,20.0002016123026));
#5080=CARTESIAN_POINT('Ctrl Pts',(9.87559286730035,-10.2508456076284,20.0001283221206));
#5081=CARTESIAN_POINT('Ctrl Pts',(9.86125714642259,-10.2373725435473,20.0000602263864));
#5082=CARTESIAN_POINT('Ctrl Pts',(9.84970166618075,-10.2263285365533,20.0000080307561));
#5083=CARTESIAN_POINT('Ctrl Pts',(9.84084661086265,-10.2178095703013,20.0000008314782));
#5084=CARTESIAN_POINT('Ctrl Pts',(9.84017113357794,-10.2171597304092,20.0000002823062));
#5085=CARTESIAN_POINT('Ctrl Pts',(9.83951138927787,-10.2165245679459,20.));
#5086=CARTESIAN_POINT('Ctrl Pts',(9.83886735243473,-10.2159041176459,20.));
#5087=CARTESIAN_POINT('Origin',(0.,0.,1.11022302462516E-15));
#5088=CARTESIAN_POINT('Origin',(0.,0.,20.));
#5089=CARTESIAN_POINT('Origin',(13.0880767403877,-29.4946259527967,-3.91286627956439));
#5090=CARTESIAN_POINT('',(5.75146605745576,-12.9649005360502,20.));
#5091=CARTESIAN_POINT('',(13.7559841612359,-31.0086097430259,-2.26776414588395));
#5092=CARTESIAN_POINT('',(5.32874411512643,-12.009187222371,20.));
#5093=CARTESIAN_POINT('',(8.07277642271263,-18.2130483114717,20.));
#5094=CARTESIAN_POINT('',(12.5784228682554,-28.3475115193157,-1.76776695296637));
#5095=CARTESIAN_POINT('Origin',(18.1698632058199,-34.2721981557966,2.76552584936398));
#5096=CARTESIAN_POINT('',(9.91532469576922,-15.8253322370909,20.));
#5097=CARTESIAN_POINT('',(20.5956626435441,-32.8716621974265,2.76552584936396));
#5098=CARTESIAN_POINT('',(8.74747739276492,-16.4995891918528,20.));
#5099=CARTESIAN_POINT('',(15.7481503446887,-12.4577487785509,20.));
#5100=CARTESIAN_POINT('',(18.1698632058199,-34.2721981557966,2.76552584936398));
#5101=CARTESIAN_POINT('Ctrl Pts',(20.5575567955513,-32.810843442301,2.82701587481361));
#5102=CARTESIAN_POINT('Ctrl Pts',(16.5754311712418,-26.455180572136,9.25282763024084));
#5103=CARTESIAN_POINT('Ctrl Pts',(12.5933055469323,-20.099517701971,15.6786393856681));
#5104=CARTESIAN_POINT('Ctrl Pts',(8.61117992262285,-13.743854831806,22.1044511410953));
#5105=CARTESIAN_POINT('Ctrl Pts',(20.6934832730498,-31.6560456504265,1.89489488956515));
#5106=CARTESIAN_POINT('Ctrl Pts',(16.6852657085843,-25.523918077057,8.50124792058175));
#5107=CARTESIAN_POINT('Ctrl Pts',(12.676334571861,-19.3922589910084,15.1076498873909));
#5108=CARTESIAN_POINT('Ctrl Pts',(8.66811700739554,-13.2601314176389,21.7140029184075));
#5109=CARTESIAN_POINT('Ctrl Pts',(20.7228546030597,-29.9892805652915,0.466119648703111));
#5110=CARTESIAN_POINT('Ctrl Pts',(16.7084728296067,-24.1804442856432,7.34936904841091));
#5111=CARTESIAN_POINT('Ctrl Pts',(12.6948018871854,-18.3707906629448,14.2322660237891));
#5112=CARTESIAN_POINT('Ctrl Pts',(8.68042011373241,-12.5619543832964,21.1155154234969));
#5113=CARTESIAN_POINT('Ctrl Pts',(20.3555720071054,-28.2407297763641,-1.23181105229326));
#5114=CARTESIAN_POINT('Ctrl Pts',(16.4126445334945,-22.7702247241169,5.98016893515844));
#5115=CARTESIAN_POINT('Ctrl Pts',(12.4694997080616,-17.3000238841285,13.1923037022436));
#5116=CARTESIAN_POINT('Ctrl Pts',(8.52657223445065,-11.8295188318813,20.4042836896953));
#5117=CARTESIAN_POINT('Ctrl Pts',(20.0666896156711,-27.5702461476254,-1.95690810331957));
#5118=CARTESIAN_POINT('Ctrl Pts',(16.1793548710503,-22.2300785482638,5.39574379389075));
#5119=CARTESIAN_POINT('Ctrl Pts',(12.292899493899,-16.8888332530339,12.7479020628362));
#5120=CARTESIAN_POINT('Ctrl Pts',(8.40556474927822,-11.5486656536723,20.1005539600466));
#5121=CARTESIAN_POINT('Ctrl Pts',(19.9392918715988,-27.3666093818565,-2.19696158765611));
#5122=CARTESIAN_POINT('Ctrl Pts',(16.0769279787425,-22.0655282488328,5.20202560822927));
#5123=CARTESIAN_POINT('Ctrl Pts',(12.2145640858862,-16.7644471158092,12.6010128041146));
#5124=CARTESIAN_POINT('Ctrl Pts',(8.35220019302998,-11.4633659827855,20.));
#5125=CARTESIAN_POINT('Ctrl Pts',(8.35220019302999,-11.4633659827855,20.));
#5126=CARTESIAN_POINT('Ctrl Pts',(8.3861897987287,-11.5138880537562,20.));
#5127=CARTESIAN_POINT('Ctrl Pts',(8.41939597410344,-11.5660994212568,19.9999833613762));
#5128=CARTESIAN_POINT('Ctrl Pts',(8.45190815531466,-11.6198048868796,19.9999615365003));
#5129=CARTESIAN_POINT('Ctrl Pts',(8.48604244403725,-11.6761898417259,19.9999386227311));
#5130=CARTESIAN_POINT('Ctrl Pts',(8.51941183822686,-11.7342217019812,19.9999100309453));
#5131=CARTESIAN_POINT('Ctrl Pts',(8.55216709807147,-11.7936386103953,19.9998815014064));
#5132=CARTESIAN_POINT('Ctrl Pts',(8.58328020889184,-11.8500767172782,19.9998544021645));
#5133=CARTESIAN_POINT('Ctrl Pts',(8.61384000956881,-11.9077639246303,19.9998272749849));
#5134=CARTESIAN_POINT('Ctrl Pts',(8.64400961510762,-11.9664492295153,19.9997989692831));
#5135=CARTESIAN_POINT('Ctrl Pts',(8.68552755234585,-12.0472090790895,19.9997600163592));
#5136=CARTESIAN_POINT('Ctrl Pts',(8.7263081054761,-12.1298585298934,19.9997191046059));
#5137=CARTESIAN_POINT('Ctrl Pts',(8.76625742156756,-12.2140677414814,19.9996946185089));
#5138=CARTESIAN_POINT('Ctrl Pts',(8.80793093372869,-12.3019113880449,19.9996690756021));
#5139=CARTESIAN_POINT('Ctrl Pts',(8.84869999502803,-12.3914523149642,19.999661429887));
#5140=CARTESIAN_POINT('Ctrl Pts',(8.88849624859829,-12.4822762213368,19.9996771004726));
#5141=CARTESIAN_POINT('Ctrl Pts',(8.9297140098494,-12.5763443245604,19.9996933308058));
#5142=CARTESIAN_POINT('Ctrl Pts',(8.96988851629691,-12.6717884895731,19.9997345366602));
#5143=CARTESIAN_POINT('Ctrl Pts',(9.00898095933138,-12.7681083634877,19.9997906224646));
#5144=CARTESIAN_POINT('Ctrl Pts',(9.05085704400391,-12.8712868522851,19.9998507019508));
#5145=CARTESIAN_POINT('Ctrl Pts',(9.09149182712535,-12.9754699974906,19.9999278524514));
#5146=CARTESIAN_POINT('Ctrl Pts',(9.13087477924714,-13.0800005060302,19.9999916504232));
#5147=CARTESIAN_POINT('Ctrl Pts',(9.13424128156142,-13.0889359001526,19.9999971039509));
#5148=CARTESIAN_POINT('Ctrl Pts',(9.13759865546648,-13.097873810023,20.0000024498531));
#5149=CARTESIAN_POINT('Ctrl Pts',(9.14094690433246,-13.1068138130131,20.0000076636441));
#5150=CARTESIAN_POINT('Ctrl Pts',(9.18073521433175,-13.2130507220961,20.000069620787));
#5151=CARTESIAN_POINT('Ctrl Pts',(9.21923172614848,-13.3195867755756,20.0001144013999));
#5152=CARTESIAN_POINT('Ctrl Pts',(9.25633887792691,-13.4257887009747,20.0001150676928));
#5153=CARTESIAN_POINT('Ctrl Pts',(9.3125725677031,-13.5867314260371,20.0001160774202));
#5154=CARTESIAN_POINT('Ctrl Pts',(9.36655999246263,-13.7496481324785,20.0000834174533));
#5155=CARTESIAN_POINT('Ctrl Pts',(9.41830986762212,-13.9140230884253,20.0000495904685));
#5156=CARTESIAN_POINT('Ctrl Pts',(9.47185158434374,-14.0840895340025,20.0000145922229));
#5157=CARTESIAN_POINT('Ctrl Pts',(9.5229980962895,-14.2557169192158,19.9999782972757));
#5158=CARTESIAN_POINT('Ctrl Pts',(9.57179180001744,-14.4282923097104,19.9999569144293));
#5159=CARTESIAN_POINT('Ctrl Pts',(9.62183212461627,-14.6052767953783,19.9999349852767));
#5160=CARTESIAN_POINT('Ctrl Pts',(9.66939798452233,-14.7832581554396,19.9999286260478));
#5161=CARTESIAN_POINT('Ctrl Pts',(9.71456830125664,-14.9615339624256,19.9999361459479));
#5162=CARTESIAN_POINT('Ctrl Pts',(9.76211122516416,-15.1491738493881,19.9999440608368));
#5163=CARTESIAN_POINT('Ctrl Pts',(9.80700040525757,-15.3371397911214,19.9999672649471));
#5164=CARTESIAN_POINT('Ctrl Pts',(9.8493631104223,-15.5245698587415,19.9999842584058));
#5165=CARTESIAN_POINT('Ctrl Pts',(9.87206769830095,-15.6250243133103,19.9999933661688));
#5166=CARTESIAN_POINT('Ctrl Pts',(9.89404714099215,-15.7253241328816,20.0000003714214));
#5167=CARTESIAN_POINT('Ctrl Pts',(9.91532469576922,-15.8253322370909,20.));
#5168=CARTESIAN_POINT('Ctrl Pts',(13.7305330043295,-30.9512379851955,-2.19696158764336));
#5169=CARTESIAN_POINT('Ctrl Pts',(11.0708440220383,-24.9557921688137,5.20202560823776));
#5170=CARTESIAN_POINT('Ctrl Pts',(8.41115503974701,-18.960346352432,12.6010128041189));
#5171=CARTESIAN_POINT('Ctrl Pts',(5.75146605745576,-12.9649005360502,20.));
#5172=CARTESIAN_POINT('Ctrl Pts',(13.9558444848584,-31.3755341164672,-1.71685461896971));
#5173=CARTESIAN_POINT('Ctrl Pts',(11.2511955001984,-25.2987376246725,5.58920082420444));
#5174=CARTESIAN_POINT('Ctrl Pts',(8.55049384971251,-19.2194268214771,12.8950524769193));
#5175=CARTESIAN_POINT('Ctrl Pts',(5.84584486505254,-13.1426303296824,20.2011079200934));
#5176=CARTESIAN_POINT('Ctrl Pts',(14.6301656871693,-32.1085128311601,-0.744915830457108));
#5177=CARTESIAN_POINT('Ctrl Pts',(11.796212712076,-25.8889112913177,6.37281481810241));
#5178=CARTESIAN_POINT('Ctrl Pts',(8.96225850687243,-19.6692630821561,13.4905044347906));
#5179=CARTESIAN_POINT('Ctrl Pts',(6.12830553177911,-13.4496615423137,20.6082350833501));
#5180=CARTESIAN_POINT('Ctrl Pts',(16.0847798691644,-33.2181355882012,0.943352756755418));
#5181=CARTESIAN_POINT('Ctrl Pts',(12.9682098274086,-26.7841045082846,7.73407344295759));
#5182=CARTESIAN_POINT('Ctrl Pts',(9.85418652248353,-20.3484930507126,14.5246988503778));
#5183=CARTESIAN_POINT('Ctrl Pts',(6.73761648072775,-13.914461970796,21.31541953658));
#5184=CARTESIAN_POINT('Ctrl Pts',(17.3352099457853,-33.8640258107958,2.12792513588845));
#5185=CARTESIAN_POINT('Ctrl Pts',(13.9769963792055,-27.3044748603377,8.68912066311));
#5186=CARTESIAN_POINT('Ctrl Pts',(10.6196120549425,-20.7445643769713,15.2504194468578));
#5187=CARTESIAN_POINT('Ctrl Pts',(7.26139848836276,-14.1850134265133,21.8116149740794));
#5188=CARTESIAN_POINT('Ctrl Pts',(18.1362455428452,-34.2087881458282,2.82701587482445));
#5189=CARTESIAN_POINT('Ctrl Pts',(14.6231428515495,-27.5823347590364,9.25282763024803));
#5190=CARTESIAN_POINT('Ctrl Pts',(11.1100401602538,-20.9558813722447,15.6786393856716));
#5191=CARTESIAN_POINT('Ctrl Pts',(7.59693746895813,-14.329427985453,22.1044511410952));
#5192=CARTESIAN_POINT('Ctrl Pts',(8.74747739276492,-16.4995891918528,20.));
#5193=CARTESIAN_POINT('Ctrl Pts',(8.60332281132833,-16.3697356040241,20.0000019828654));
#5194=CARTESIAN_POINT('Ctrl Pts',(8.45925077493895,-16.2370599295867,19.9999559333814));
#5195=CARTESIAN_POINT('Ctrl Pts',(8.31624651876312,-16.1019049567985,19.9999084517284));
#5196=CARTESIAN_POINT('Ctrl Pts',(8.18022953082979,-15.9733537318597,19.9998632900556));
#5197=CARTESIAN_POINT('Ctrl Pts',(8.04517899425985,-15.8425594619975,19.9998169730438));
#5198=CARTESIAN_POINT('Ctrl Pts',(7.91190153102469,-15.7098213854962,19.9997927376991));
#5199=CARTESIAN_POINT('Ctrl Pts',(7.78598102363008,-15.5844104905264,19.9997698401526));
#5200=CARTESIAN_POINT('Ctrl Pts',(7.66164341844085,-15.4572644217504,19.9997667049198));
#5201=CARTESIAN_POINT('Ctrl Pts',(7.53952705448374,-15.3286404691861,19.999786219245));
#5202=CARTESIAN_POINT('Ctrl Pts',(7.42821417610162,-15.2113957206129,19.9998040071617));
#5203=CARTESIAN_POINT('Ctrl Pts',(7.31874668669147,-15.0929230384238,19.9998405269951));
#5204=CARTESIAN_POINT('Ctrl Pts',(7.21157306653093,-14.9734215259919,19.999884141656));
#5205=CARTESIAN_POINT('Ctrl Pts',(7.10291582307641,-14.8522657330827,19.9999283600823));
#5206=CARTESIAN_POINT('Ctrl Pts',(6.99661722484523,-14.7300520555622,19.9999799621579));
#5207=CARTESIAN_POINT('Ctrl Pts',(6.8930628782841,-14.6070276139226,20.0000202653573));
#5208=CARTESIAN_POINT('Ctrl Pts',(6.8199089995377,-14.5201194793496,20.0000487367393));
#5209=CARTESIAN_POINT('Ctrl Pts',(6.74812366996677,-14.4328069286687,20.0000712588143));
#5210=CARTESIAN_POINT('Ctrl Pts',(6.6778281473808,-14.3451797471419,20.0000762120656));
#5211=CARTESIAN_POINT('Ctrl Pts',(6.59272812094855,-14.2390979486177,20.0000822084906));
#5212=CARTESIAN_POINT('Ctrl Pts',(6.51467310957135,-14.1385871008603,20.0001570539845));
#5213=CARTESIAN_POINT('Ctrl Pts',(6.44302650054585,-14.0438452881808,20.0002405972702));
#5214=CARTESIAN_POINT('Ctrl Pts',(6.42395142584849,-14.0186213846576,20.0002628396964));
#5215=CARTESIAN_POINT('Ctrl Pts',(6.40533085987857,-13.9938063317377,20.0002857650515));
#5216=CARTESIAN_POINT('Ctrl Pts',(6.38715339160531,-13.9694037021312,20.0003083963402));
#5217=CARTESIAN_POINT('Ctrl Pts',(6.34619947806978,-13.9144244735653,20.0003593847302));
#5218=CARTESIAN_POINT('Ctrl Pts',(6.30749895018057,-13.8615366178666,20.0004091668218));
#5219=CARTESIAN_POINT('Ctrl Pts',(6.27102826046721,-13.8107316529675,20.0004573154203));
#5220=CARTESIAN_POINT('Ctrl Pts',(6.23222620016417,-13.7566790061105,20.0005085418937));
#5221=CARTESIAN_POINT('Ctrl Pts',(6.19594776566149,-13.704984193157,20.0005578338904));
#5222=CARTESIAN_POINT('Ctrl Pts',(6.16211232222248,-13.65566403317,20.0006019507088));
#5223=CARTESIAN_POINT('Ctrl Pts',(6.12344318676233,-13.5992980526003,20.0006523700045));
#5224=CARTESIAN_POINT('Ctrl Pts',(6.08796467208311,-13.5460336302298,20.0006958794258));
#5225=CARTESIAN_POINT('Ctrl Pts',(6.05549440493329,-13.4959298527018,20.0007260653529));
#5226=CARTESIAN_POINT('Ctrl Pts',(6.01779562563274,-13.4377581338664,20.0007611119573));
#5227=CARTESIAN_POINT('Ctrl Pts',(5.9841505377553,-13.3838472154321,20.0007777958447));
#5228=CARTESIAN_POINT('Ctrl Pts',(5.95420737610919,-13.3343308620214,20.0007686670527));
#5229=CARTESIAN_POINT('Ctrl Pts',(5.91868639671602,-13.275590593044,20.0007578377477));
#5230=CARTESIAN_POINT('Ctrl Pts',(5.8883700133479,-13.2230362131852,20.0007095711245));
#5231=CARTESIAN_POINT('Ctrl Pts',(5.86263525512238,-13.1769303259765,20.0006275955559));
#5232=CARTESIAN_POINT('Ctrl Pts',(5.84190209949726,-13.1397852117167,20.0005615521057));
#5233=CARTESIAN_POINT('Ctrl Pts',(5.82414064623472,-13.1068270255388,20.000473810098));
#5234=CARTESIAN_POINT('Ctrl Pts',(5.80905174074922,-13.0781932743296,20.0003797852164));
#5235=CARTESIAN_POINT('Ctrl Pts',(5.79518710197458,-13.0518827763508,20.0002933892204));
#5236=CARTESIAN_POINT('Ctrl Pts',(5.78357811861508,-13.0292239179192,20.0002017018191));
#5237=CARTESIAN_POINT('Ctrl Pts',(5.77403473666233,-13.0103126205903,20.0001283825616));
#5238=CARTESIAN_POINT('Ctrl Pts',(5.76517087414751,-12.9927478683536,20.0000602838706));
#5239=CARTESIAN_POINT('Ctrl Pts',(5.75808870086024,-12.9784161814599,20.0000080728499));
#5240=CARTESIAN_POINT('Ctrl Pts',(5.7526803517784,-12.9673804745144,20.000000839605));
#5241=CARTESIAN_POINT('Ctrl Pts',(5.75226573813541,-12.9665344576263,20.0000002850916));
#5242=CARTESIAN_POINT('Ctrl Pts',(5.75186098550066,-12.9657078033803,20.));
#5243=CARTESIAN_POINT('Ctrl Pts',(5.75146605745576,-12.9649005360502,20.));
#5244=CARTESIAN_POINT('Origin',(0.,0.,1.11022302462516E-15));
#5245=CARTESIAN_POINT('Origin',(0.,0.,20.));
#5246=CARTESIAN_POINT('Origin',(2.21101293750949,-32.1922682432883,-3.91286627956439));
#5247=CARTESIAN_POINT('',(0.97035307334885,-14.1501386082534,20.));
#5248=CARTESIAN_POINT('',(2.32082765932171,-33.843385430763,-2.26776414588395));
#5249=CARTESIAN_POINT('',(0.899997588020504,-13.1074824404998,20.));
#5250=CARTESIAN_POINT('',(1.1441245806754,-16.7254023996733,20.));
#5251=CARTESIAN_POINT('',(2.12443119766189,-30.9400213845561,-1.76776695296637));
#5252=CARTESIAN_POINT('Origin',(5.35230424986709,-38.4197909229768,2.76552584936398));
#5253=CARTESIAN_POINT('',(3.90477504940447,-18.2621886982472,20.));
#5254=CARTESIAN_POINT('',(8.11082159021758,-37.9333898891208,2.76552584936396));
#5255=CARTESIAN_POINT('',(2.5767480962606,-18.4963556811945,20.));
#5256=CARTESIAN_POINT('',(11.633030627529,-16.899488726013,20.));
#5257=CARTESIAN_POINT('',(5.35230424986709,-38.4197909229768,2.76552584936398));
#5258=CARTESIAN_POINT('Ctrl Pts',(8.09581504539488,-37.863205986132,2.82701587481361));
#5259=CARTESIAN_POINT('Ctrl Pts',(6.52760570697225,-30.5288693100678,9.25282763024084));
#5260=CARTESIAN_POINT('Ctrl Pts',(4.95939636854962,-23.1945326340036,15.6786393856681));
#5261=CARTESIAN_POINT('Ctrl Pts',(3.39118703012699,-15.8601959579394,22.1044511410953));
#5262=CARTESIAN_POINT('Ctrl Pts',(8.61850825955884,-36.8245406159231,1.89489488956463));
#5263=CARTESIAN_POINT('Ctrl Pts',(6.9493269432613,-29.691334439631,8.50124792058121));
#5264=CARTESIAN_POINT('Ctrl Pts',(5.27931485627796,-22.5583244413316,15.1076498873907));
#5265=CARTESIAN_POINT('Ctrl Pts',(3.61013353998043,-15.4251182650396,21.7140029184072));
#5266=CARTESIAN_POINT('Ctrl Pts',(9.21619692815245,-35.2683209361854,0.466105231682533));
#5267=CARTESIAN_POINT('Ctrl Pts',(7.43065101554191,-28.436800919326,7.34935463139035));
#5268=CARTESIAN_POINT('Ctrl Pts',(5.64604016977923,-21.6047666711514,14.2322599847661));
#5269=CARTESIAN_POINT('Ctrl Pts',(3.86049425716868,-14.7732466542921,21.1155093844739));
#5270=CARTESIAN_POINT('Ctrl Pts',(9.46909871171385,-33.4996122036392,-1.23181690710531));
#5271=CARTESIAN_POINT('Ctrl Pts',(7.63498178250098,-27.0104583544234,5.98016308034638));
#5272=CARTESIAN_POINT('Ctrl Pts',(5.80054706108972,-20.5215211627312,13.1923012497712));
#5273=CARTESIAN_POINT('Ctrl Pts',(3.96643013187685,-14.0323673135154,20.4042812372229));
#5274=CARTESIAN_POINT('Ctrl Pts',(9.42694061651243,-32.7707689165985,-1.95690810331934));
#5275=CARTESIAN_POINT('Ctrl Pts',(7.60048573018433,-26.4231060432084,5.39574379389098));
#5276=CARTESIAN_POINT('Ctrl Pts',(5.77522577267373,-20.0747312283511,12.7479020628363));
#5277=CARTESIAN_POINT('Ctrl Pts',(3.94877088634563,-13.727068354961,20.1005539600466));
#5278=CARTESIAN_POINT('Ctrl Pts',(9.37687377231766,-32.5358403557975,-2.19696158765612));
#5279=CARTESIAN_POINT('Ctrl Pts',(7.56051545230844,-26.2334472806972,5.20202560822925));
#5280=CARTESIAN_POINT('Ctrl Pts',(5.74415713229922,-19.9310542055969,12.6010128041146));
#5281=CARTESIAN_POINT('Ctrl Pts',(3.92779881229,-13.6286611304966,20.));
#5282=CARTESIAN_POINT('Ctrl Pts',(3.92779881229,-13.6286611304966,20.));
#5283=CARTESIAN_POINT('Ctrl Pts',(3.94245994132626,-13.6877651595422,20.));
#5284=CARTESIAN_POINT('Ctrl Pts',(3.9558071854355,-13.7481886960567,19.9999832747348));
#5285=CARTESIAN_POINT('Ctrl Pts',(3.96799128769591,-13.809778917821,19.9999613064095));
#5286=CARTESIAN_POINT('Ctrl Pts',(3.98078312119856,-13.8744412003069,19.9999382423254));
#5287=CARTESIAN_POINT('Ctrl Pts',(3.99229295867149,-13.940389483446,19.9999094377903));
#5288=CARTESIAN_POINT('Ctrl Pts',(4.00275194989666,-14.0074292922481,19.9998806696774));
#5289=CARTESIAN_POINT('Ctrl Pts',(4.0126849577176,-14.071097664351,19.9998533483148));
#5290=CARTESIAN_POINT('Ctrl Pts',(4.02167108783939,-14.1357502871035,19.9998259756562));
#5291=CARTESIAN_POINT('Ctrl Pts',(4.02994927780627,-14.2012071980072,19.9997974347832));
#5292=CARTESIAN_POINT('Ctrl Pts',(4.04134241434714,-14.2912944666556,19.9997581544497));
#5293=CARTESIAN_POINT('Ctrl Pts',(4.05139627021022,-14.3829051663072,19.9997169348307));
#5294=CARTESIAN_POINT('Ctrl Pts',(4.06013547593475,-14.4756972744866,19.9996921681991));
#5295=CARTESIAN_POINT('Ctrl Pts',(4.06925187487017,-14.5724943865911,19.9996663326139));
#5296=CARTESIAN_POINT('Ctrl Pts',(4.0769377803092,-14.6705770974792,19.9996584240561));
#5297=CARTESIAN_POINT('Ctrl Pts',(4.08327067062229,-14.769532740111,19.9996738709269));
#5298=CARTESIAN_POINT('Ctrl Pts',(4.08982977090194,-14.8720230646182,19.9996898695578));
#5299=CARTESIAN_POINT('Ctrl Pts',(4.09493781574539,-14.9754496990842,19.9997308857515));
#5300=CARTESIAN_POINT('Ctrl Pts',(4.0987294827836,-15.0793292225511,19.9997868338563));
#5301=CARTESIAN_POINT('Ctrl Pts',(4.10279114311384,-15.1906056968134,19.9998467658586));
#5302=CARTESIAN_POINT('Ctrl Pts',(4.1053426781501,-15.3024017805832,19.9999238286036));
#5303=CARTESIAN_POINT('Ctrl Pts',(4.10659901860245,-15.414096254211,19.9999876090635));
#5304=CARTESIAN_POINT('Ctrl Pts',(4.10670649423799,-15.4236513350152,19.999993065264));
#5305=CARTESIAN_POINT('Ctrl Pts',(4.10680451670674,-15.4332056575141,19.9999984141871));
#5306=CARTESIAN_POINT('Ctrl Pts',(4.10689323407343,-15.442758824831,20.0000036312962));
#5307=CARTESIAN_POINT('Ctrl Pts',(4.10794670265953,-15.5561972872346,20.0000655815179));
#5308=CARTESIAN_POINT('Ctrl Pts',(4.10768388389641,-15.6694751174381,20.0001104249197));
#5309=CARTESIAN_POINT('Ctrl Pts',(4.10622972157562,-15.7819638375615,20.0001112010653));
#5310=CARTESIAN_POINT('Ctrl Pts',(4.10402590514812,-15.952443078959,20.0001123773317));
#5311=CARTESIAN_POINT('Ctrl Pts',(4.09903572223837,-16.1240092406723,20.0000799911825));
#5312=CARTESIAN_POINT('Ctrl Pts',(4.09144386447182,-16.2961805192532,20.0000464893842));
#5313=CARTESIAN_POINT('Ctrl Pts',(4.08358894107745,-16.4743177085356,20.0000118267143));
#5314=CARTESIAN_POINT('Ctrl Pts',(4.07294891124229,-16.6531026299411,19.9999759222063));
#5315=CARTESIAN_POINT('Ctrl Pts',(4.05977339347523,-16.8319736024041,19.9999549262683));
#5316=CARTESIAN_POINT('Ctrl Pts',(4.04626097916376,-17.0154182860171,19.9999333934665));
#5317=CARTESIAN_POINT('Ctrl Pts',(4.03008191616925,-17.1989533333718,19.9999274273932));
#5318=CARTESIAN_POINT('Ctrl Pts',(4.01155078646252,-17.3819454065779,19.9999352771148));
#5319=CARTESIAN_POINT('Ctrl Pts',(3.99204547562023,-17.5745573695855,19.9999435394961));
#5320=CARTESIAN_POINT('Ctrl Pts',(3.96993440887723,-17.7665676629773,19.9999670220587));
#5321=CARTESIAN_POINT('Ctrl Pts',(3.94563223542586,-17.9572094667199,19.9999841571596));
#5322=CARTESIAN_POINT('Ctrl Pts',(3.93261788753096,-18.0593023417537,19.9999933333827));
#5323=CARTESIAN_POINT('Ctrl Pts',(3.91897595541762,-18.1610022939183,20.0000003711726));
#5324=CARTESIAN_POINT('Ctrl Pts',(3.90477504940446,-18.2621886982472,20.));
#5325=CARTESIAN_POINT('Ctrl Pts',(2.31653369182235,-33.7807688049553,-2.19696158764336));
#5326=CARTESIAN_POINT('Ctrl Pts',(1.86780681899785,-27.2372254060547,5.20202560823776));
#5327=CARTESIAN_POINT('Ctrl Pts',(1.41907994617335,-20.693682007154,12.6010128041189));
#5328=CARTESIAN_POINT('Ctrl Pts',(0.970353073348849,-14.1501386082534,20.));
#5329=CARTESIAN_POINT('Ctrl Pts',(2.38313940382349,-34.2565378134025,-1.71685461897019));
#5330=CARTESIAN_POINT('Ctrl Pts',(1.92002773494131,-27.6211695850519,5.58920487932808));
#5331=CARTESIAN_POINT('Ctrl Pts',(1.46136464179695,-20.984797665475,12.8950484217949));
#5332=CARTESIAN_POINT('Ctrl Pts',(0.998252972914761,-14.3494294371244,20.2011079200932));
#5333=CARTESIAN_POINT('Ctrl Pts',(2.76605769069197,-35.1759535293226,-0.744913830981192));
#5334=CARTESIAN_POINT('Ctrl Pts',(2.23016729790527,-28.3621763790165,6.37280928498978));
#5335=CARTESIAN_POINT('Ctrl Pts',(1.69454074641557,-21.5483328080323,13.4905128049226));
#5336=CARTESIAN_POINT('Ctrl Pts',(1.15865035362887,-14.7345556577262,20.6082359208935));
#5337=CARTESIAN_POINT('Ctrl Pts',(3.75438334858457,-36.7159905773968,0.943347543322985));
#5338=CARTESIAN_POINT('Ctrl Pts',(3.02637904927373,-29.6040459649747,7.73407280113377));
#5339=CARTESIAN_POINT('Ctrl Pts',(2.30064597238009,-22.4915932761103,14.5246920949589));
#5340=CARTESIAN_POINT('Ctrl Pts',(1.57264167306925,-15.3796486636882,21.3154173527696));
#5341=CARTESIAN_POINT('Ctrl Pts',(4.70758990443646,-37.7507661547464,2.12792513588826));
#5342=CARTESIAN_POINT('Ctrl Pts',(3.7953767600042,-30.438229560465,8.68911832450651));
#5343=CARTESIAN_POINT('Ctrl Pts',(2.88413539532013,-23.1256335886595,15.250421785461));
#5344=CARTESIAN_POINT('Ctrl Pts',(1.97192225088787,-15.8130969943782,21.8116149740793));
#5345=CARTESIAN_POINT('Ctrl Pts',(5.34240148073931,-38.3487070866166,2.82701587482445));
#5346=CARTESIAN_POINT('Ctrl Pts',(4.30754534275702,-30.9203258510719,9.25282763024803));
#5347=CARTESIAN_POINT('Ctrl Pts',(3.27268920477473,-23.4919446155272,15.6786393856716));
#5348=CARTESIAN_POINT('Ctrl Pts',(2.23783306679244,-16.0635633799825,22.1044511410952));
#5349=CARTESIAN_POINT('Ctrl Pts',(2.57674809626059,-18.4963556811945,20.));
#5350=CARTESIAN_POINT('Ctrl Pts',(2.48644867181873,-18.3264363120231,20.0000021002021));
#5351=CARTESIAN_POINT('Ctrl Pts',(2.39718904853911,-18.153933498607,19.9999567424525));
#5352=CARTESIAN_POINT('Ctrl Pts',(2.30975174167297,-17.9794915035671,19.9999095552515));
#5353=CARTESIAN_POINT('Ctrl Pts',(2.22640822536863,-17.813216834563,19.9998645773422));
#5354=CARTESIAN_POINT('Ctrl Pts',(2.14472082988833,-17.6451803815062,19.9998180790463));
#5355=CARTESIAN_POINT('Ctrl Pts',(2.06532654539983,-17.4759306119949,19.9997931821835));
#5356=CARTESIAN_POINT('Ctrl Pts',(1.99018854900664,-17.3157542384307,19.9997696200292));
#5357=CARTESIAN_POINT('Ctrl Pts',(1.91710455597484,-17.1544911783771,19.9997654603481));
#5358=CARTESIAN_POINT('Ctrl Pts',(1.84657304504871,-16.992597033546,19.9997839430848));
#5359=CARTESIAN_POINT('Ctrl Pts',(1.780580474996,-16.8411213235604,19.9998012363951));
#5360=CARTESIAN_POINT('Ctrl Pts',(1.7168223667999,-16.6890931281584,19.9998383278446));
#5361=CARTESIAN_POINT('Ctrl Pts',(1.65566928268352,-16.5368772011525,19.9998830173722));
#5362=CARTESIAN_POINT('Ctrl Pts',(1.59471177609783,-16.3851480854916,19.9999275639754));
#5363=CARTESIAN_POINT('Ctrl Pts',(1.53634331711486,-16.2332323705678,19.9999797091283));
#5364=CARTESIAN_POINT('Ctrl Pts',(1.48085285169384,-16.081497951156,20.0000203410351));
#5365=CARTESIAN_POINT('Ctrl Pts',(1.44210051628775,-15.9755326638029,20.0000487167438));
#5366=CARTESIAN_POINT('Ctrl Pts',(1.4047508443228,-15.869655641406,20.0000711598518));
#5367=CARTESIAN_POINT('Ctrl Pts',(1.36888814741758,-15.7639896714205,20.000076234664));
#5368=CARTESIAN_POINT('Ctrl Pts',(1.32461449227829,-15.6335416259916,20.0000824996833));
#5369=CARTESIAN_POINT('Ctrl Pts',(1.28517911204361,-15.51093643812,20.0001593149289));
#5370=CARTESIAN_POINT('Ctrl Pts',(1.24989433033707,-15.3961405604797,20.0002442350307));
#5371=CARTESIAN_POINT('Ctrl Pts',(1.24106948434551,-15.3674297142835,20.000265473842));
#5372=CARTESIAN_POINT('Ctrl Pts',(1.23250450750776,-15.3392073751164,20.0002872824075));
#5373=CARTESIAN_POINT('Ctrl Pts',(1.2241891515658,-15.3114730672241,20.0003088207004));
#5374=CARTESIAN_POINT('Ctrl Pts',(1.20449106936256,-15.2457738138757,20.0003598423364));
#5375=CARTESIAN_POINT('Ctrl Pts',(1.18619841612404,-15.1828126613515,20.000409631947));
#5376=CARTESIAN_POINT('Ctrl Pts',(1.16929139216754,-15.1225736751009,20.0004577769122));
#5377=CARTESIAN_POINT('Ctrl Pts',(1.15130071660558,-15.058473685617,20.0005090077172));
#5378=CARTESIAN_POINT('Ctrl Pts',(1.13487855569073,-14.9974559873504,20.0005582905057));
#5379=CARTESIAN_POINT('Ctrl Pts',(1.11994266795808,-14.9395088931896,20.0006023874668));
#5380=CARTESIAN_POINT('Ctrl Pts',(1.10286594091806,-14.8732559373923,20.0006528050772));
#5381=CARTESIAN_POINT('Ctrl Pts',(1.08773188489838,-14.8110168060984,20.0006962924822));
#5382=CARTESIAN_POINT('Ctrl Pts',(1.07434763485908,-14.7527847528022,20.0007264221388));
#5383=CARTESIAN_POINT('Ctrl Pts',(1.05879544477727,-14.6851204489333,20.0007614321054));
#5384=CARTESIAN_POINT('Ctrl Pts',(1.04560442712121,-14.6228662969604,20.0007779996762));
#5385=CARTESIAN_POINT('Ctrl Pts',(1.03439541270787,-14.5660278652912,20.000768649411));
#5386=CARTESIAN_POINT('Ctrl Pts',(1.02115334201654,-14.4988802551273,20.0007576032238));
#5387=CARTESIAN_POINT('Ctrl Pts',(1.01067222652552,-14.4392909112161,20.000709288184));
#5388=CARTESIAN_POINT('Ctrl Pts',(1.00228092576626,-14.3872934333969,20.0006274439797));
#5389=CARTESIAN_POINT('Ctrl Pts',(0.995509092975583,-14.3453311398942,20.0005613951892));
#5390=CARTESIAN_POINT('Ctrl Pts',(0.990095851327697,-14.3083137252241,20.0004736869191));
#5391=CARTESIAN_POINT('Ctrl Pts',(0.98571357459271,-14.2762680570185,20.0003797127781));
#5392=CARTESIAN_POINT('Ctrl Pts',(0.981685044630485,-14.2468091838498,20.0002933244312));
#5393=CARTESIAN_POINT('Ctrl Pts',(0.978526839578567,-14.2215519671777,20.0002016534186));
#5394=CARTESIAN_POINT('Ctrl Pts',(0.976027661254721,-14.2005215307453,20.0001283503324));
#5395=CARTESIAN_POINT('Ctrl Pts',(0.973706177639023,-14.1809863846763,20.0000602591874));
#5396=CARTESIAN_POINT('Ctrl Pts',(0.971953060806342,-14.1650984194719,20.0000080588343));
#5397=CARTESIAN_POINT('Ctrl Pts',(0.970645472087152,-14.152879857588,20.0000008369781));
#5398=CARTESIAN_POINT('Ctrl Pts',(0.970545384542161,-14.1519446049016,20.0000002841913));
#5399=CARTESIAN_POINT('Ctrl Pts',(0.970447932400243,-14.151030851689,20.));
#5400=CARTESIAN_POINT('Ctrl Pts',(0.970353073348849,-14.1501386082534,20.));
#5401=CARTESIAN_POINT('Origin',(0.,0.,1.11022302462516E-15));
#5402=CARTESIAN_POINT('Origin',(0.,0.,20.));
#5403=CARTESIAN_POINT('Origin',(-8.932731656708,-31.0070478763605,-3.91286627956439));
#5404=CARTESIAN_POINT('',(-3.92779881229007,-13.6286611304968,20.));
#5405=CARTESIAN_POINT('',(-9.39425491007496,-32.5961493603767,-2.26776414588395));
#5406=CARTESIAN_POINT('',(-3.63730193075046,-12.6248218304661,20.));
#5407=CARTESIAN_POINT('',(-3.7464441953114,-13.0019731922293,20.));
#5408=CARTESIAN_POINT('',(-8.58579822863486,-29.8007080447354,-1.76776695296637));
#5409=CARTESIAN_POINT('Origin',(-8.11082159021757,-37.9333898891209,2.76552584936398));
#5410=CARTESIAN_POINT('',(-2.57674809626059,-18.4963556811945,20.));
#5411=CARTESIAN_POINT('',(-5.35230424986708,-38.4197909229768,2.76552584936396));
#5412=CARTESIAN_POINT('',(-3.90477504940446,-18.2621886982472,20.));
#5413=CARTESIAN_POINT('',(5.15150748186402,-19.8590556534284,20.));
#5414=CARTESIAN_POINT('',(-8.11082159021757,-37.9333898891209,2.76552584936398));
#5415=CARTESIAN_POINT('Ctrl Pts',(-5.34240148074106,-38.3487070866291,2.82701587481362));
#5416=CARTESIAN_POINT('Ctrl Pts',(-4.30754534275818,-30.9203258510802,9.25282763024084));
#5417=CARTESIAN_POINT('Ctrl Pts',(-3.2726892047753,-23.4919446155313,15.6786393856681));
#5418=CARTESIAN_POINT('Ctrl Pts',(-2.23783306679242,-16.0635633799824,22.1044511410953));
#5419=CARTESIAN_POINT('Ctrl Pts',(-4.49598604566991,-37.5514525108013,1.89489488956477));
#5420=CARTESIAN_POINT('Ctrl Pts',(-3.62480321256145,-30.2775376713586,8.50124792058135));
#5421=CARTESIAN_POINT('Ctrl Pts',(-2.7544681453613,-23.0035230386191,15.1076498873907));
#5422=CARTESIAN_POINT('Ctrl Pts',(-1.88328531225284,-15.7296081991764,21.7140029184073));
#5423=CARTESIAN_POINT('Ctrl Pts',(-3.40207400992108,-36.2935021098556,0.466099750273101));
#5424=CARTESIAN_POINT('Ctrl Pts',(-2.74342087277726,-29.2632804923161,7.3493491499809));
#5425=CARTESIAN_POINT('Ctrl Pts',(-2.08371895118302,-22.2328976844587,14.2322576887052));
#5426=CARTESIAN_POINT('Ctrl Pts',(-1.4250658140392,-15.2026760669192,21.115507088413));
#5427=CARTESIAN_POINT('Ctrl Pts',(-2.55949282403631,-34.7179598637347,-1.23181915637069));
#5428=CARTESIAN_POINT('Ctrl Pts',(-2.06357763850504,-27.9928449414767,5.98016083108102));
#5429=CARTESIAN_POINT('Ctrl Pts',(-1.5680393410247,-21.2678255131253,13.1923003075956));
#5430=CARTESIAN_POINT('Ctrl Pts',(-1.07212415549343,-14.5427105908672,20.4042802950473));
#5431=CARTESIAN_POINT('Ctrl Pts',(-2.34983654782365,-34.0186533091898,-1.95690810331937));
#5432=CARTESIAN_POINT('Ctrl Pts',(-1.89511416096462,-27.4291169858286,5.39574379389094));
#5433=CARTESIAN_POINT('Ctrl Pts',(-1.43902540999081,-20.8393203460499,12.7479020628363));
#5434=CARTESIAN_POINT('Ctrl Pts',(-0.984303023131779,-14.2497840226887,
20.1005539600466));
#5435=CARTESIAN_POINT('Ctrl Pts',(-2.31653369182308,-33.780768804966,-2.19696158765612));
#5436=CARTESIAN_POINT('Ctrl Pts',(-1.86780681899833,-27.2372254060617,5.20202560822925));
#5437=CARTESIAN_POINT('Ctrl Pts',(-1.41907994617358,-20.6936820071575,12.6010128041146));
#5438=CARTESIAN_POINT('Ctrl Pts',(-0.97035307334883,-14.1501386082532,20.));
#5439=CARTESIAN_POINT('Ctrl Pts',(-0.970353073348831,-14.1501386082532,
20.));
#5440=CARTESIAN_POINT('Ctrl Pts',(-0.976791043850665,-14.210694104372,20.));
#5441=CARTESIAN_POINT('Ctrl Pts',(-0.984914939265407,-14.2720401805426,
19.9999832414298));
#5442=CARTESIAN_POINT('Ctrl Pts',(-0.994530863794268,-14.3340847852975,
19.9999612180115));
#5443=CARTESIAN_POINT('Ctrl Pts',(-1.0046263712475,-14.3992237917296,19.9999380962012));
#5444=CARTESIAN_POINT('Ctrl Pts',(-1.0163663865131,-14.4651327905477,19.9999092099962));
#5445=CARTESIAN_POINT('Ctrl Pts',(-1.02946721826048,-14.5317080921927,19.9998803503876));
#5446=CARTESIAN_POINT('Ctrl Pts',(-1.04190840906675,-14.5949312559369,19.9998529438913));
#5447=CARTESIAN_POINT('Ctrl Pts',(-1.05557586778046,-14.6587553976737,19.9998254772147));
#5448=CARTESIAN_POINT('Ctrl Pts',(-1.07018360034625,-14.7230931460695,19.9997968464112));
#5449=CARTESIAN_POINT('Ctrl Pts',(-1.09028873330135,-14.8116434381633,19.9997574408356));
#5450=CARTESIAN_POINT('Ctrl Pts',(-1.11217345234829,-14.9011672094782,19.9997161037256));
#5451=CARTESIAN_POINT('Ctrl Pts',(-1.13569763244071,-14.9913514992976,19.9996912302151));
#5452=CARTESIAN_POINT('Ctrl Pts',(-1.16023716112712,-15.0854283155094,19.9996652831164));
#5453=CARTESIAN_POINT('Ctrl Pts',(-1.18656064866165,-15.1802239370099,19.9996572746403));
#5454=CARTESIAN_POINT('Ctrl Pts',(-1.21445414663835,-15.2753770947206,19.9996726366275));
#5455=CARTESIAN_POINT('Ctrl Pts',(-1.24334400608125,-15.3739291427322,19.999688547348));
#5456=CARTESIAN_POINT('Ctrl Pts',(-1.27391768376902,-15.472864752031,19.999729491798));
#5457=CARTESIAN_POINT('Ctrl Pts',(-1.30588328178254,-15.5717757306709,19.9997853879879));
#5458=CARTESIAN_POINT('Ctrl Pts',(-1.34012507755395,-15.6777299358358,19.9998452644187));
#5459=CARTESIAN_POINT('Ctrl Pts',(-1.3759636834339,-15.783655944607,19.9999222944043));
#5460=CARTESIAN_POINT('Ctrl Pts',(-1.41298465712237,-15.8890435259994,19.9999860687241));
#5461=CARTESIAN_POINT('Ctrl Pts',(-1.41615258120872,-15.8980616534075,19.9999915259605));
#5462=CARTESIAN_POINT('Ctrl Pts',(-1.41932913420824,-15.9070758330843,19.9999968760524));
#5463=CARTESIAN_POINT('Ctrl Pts',(-1.4225140410071,-15.9160857424603,20.0000020944441));
#5464=CARTESIAN_POINT('Ctrl Pts',(-1.46032240417096,-16.023043323098,20.0000640425205));
#5465=CARTESIAN_POINT('Ctrl Pts',(-1.4993127720705,-16.1293997820782,20.0001089102118));
#5466=CARTESIAN_POINT('Ctrl Pts',(-1.53915276974351,-16.2346072704244,20.0001097284824));
#5467=CARTESIAN_POINT('Ctrl Pts',(-1.59953243115748,-16.3940548832654,20.0001109686156));
#5468=CARTESIAN_POINT('Ctrl Pts',(-1.66290235070369,-16.5535709085967,20.0000786870208));
#5469=CARTESIAN_POINT('Ctrl Pts',(-1.72892412976686,-16.7127657268626,20.0000453092089));
#5470=CARTESIAN_POINT('Ctrl Pts',(-1.79723427380318,-16.8774783583592,20.0000107744967));
#5471=CARTESIAN_POINT('Ctrl Pts',(-1.86838328401624,-17.0418470838361,19.9999750187017));
#5472=CARTESIAN_POINT('Ctrl Pts',(-1.94194441225451,-17.2054294136932,19.9999541700439));
#5473=CARTESIAN_POINT('Ctrl Pts',(-2.01738707192611,-17.373195818794,19.9999327881235));
#5474=CARTESIAN_POINT('Ctrl Pts',(-2.09536662005239,-17.5401350048812,19.9999269716181));
#5475=CARTESIAN_POINT('Ctrl Pts',(-2.17537073635147,-17.7057593512968,19.9999349467706));
#5476=CARTESIAN_POINT('Ctrl Pts',(-2.25958199267142,-17.8800933097733,19.9999433413087));
#5477=CARTESIAN_POINT('Ctrl Pts',(-2.34603620862396,-18.0529704432631,19.9999669297055));
#5478=CARTESIAN_POINT('Ctrl Pts',(-2.43408133131339,-18.2238118867728,19.9999841186454));
#5479=CARTESIAN_POINT('Ctrl Pts',(-2.48121706885513,-18.3152733692099,19.9999933208969));
#5480=CARTESIAN_POINT('Ctrl Pts',(-2.52880787499355,-18.4061512401556,20.0000003710793));
#5481=CARTESIAN_POINT('Ctrl Pts',(-2.57674809626059,-18.4963556811945,20.));
#5482=CARTESIAN_POINT('Ctrl Pts',(-9.37687377231467,-32.5358403557871,-2.19696158764335));
#5483=CARTESIAN_POINT('Ctrl Pts',(-7.56051545230647,-26.2334472806904,5.20202560823777));
#5484=CARTESIAN_POINT('Ctrl Pts',(-5.74415713229827,-19.9310542055936,12.6010128041189));
#5485=CARTESIAN_POINT('Ctrl Pts',(-3.92779881229006,-13.6286611304968,20.));
#5486=CARTESIAN_POINT('Ctrl Pts',(-9.47700746070404,-33.0056974773884,-1.71685461897014));
#5487=CARTESIAN_POINT('Ctrl Pts',(-7.64276048607344,-26.6120973976432,5.58920487932813));
#5488=CARTESIAN_POINT('Ctrl Pts',(-5.80398993503187,-20.2190756591706,12.8950484217949));
#5489=CARTESIAN_POINT('Ctrl Pts',(-3.96974296040126,-13.8254755794254,20.2011079200932));
#5490=CARTESIAN_POINT('Ctrl Pts',(-9.43171069395372,-34.0006226143169,-0.744910331456972));
#5491=CARTESIAN_POINT('Ctrl Pts',(-7.60483390406858,-27.4144811975469,6.372812784514));
#5492=CARTESIAN_POINT('Ctrl Pts',(-5.77764577335523,-20.8283727152159,13.4905142708085));
#5493=CARTESIAN_POINT('Ctrl Pts',(-3.95076898347008,-14.2422312984459,20.6082373867794));
#5494=CARTESIAN_POINT('Ctrl Pts',(-9.02972019800224,-35.7858081983742,0.943349355227084));
#5495=CARTESIAN_POINT('Ctrl Pts',(-7.28139215030025,-28.8537741918511,7.73407461303788));
#5496=CARTESIAN_POINT('Ctrl Pts',(-5.5307106551912,-21.9220464937785,14.5246928539319));
#5497=CARTESIAN_POINT('Ctrl Pts',(-3.78238260748921,-14.9900124872554,21.3154181117427));
#5498=CARTESIAN_POINT('Ctrl Pts',(-8.48783495601501,-37.0842069584633,2.12792513588814));
#5499=CARTESIAN_POINT('Ctrl Pts',(-6.8440001023716,-29.900675011188,8.68911832450638));
#5500=CARTESIAN_POINT('Ctrl Pts',(-5.19923176616047,-22.7174196355401,15.250421785461));
#5501=CARTESIAN_POINT('Ctrl Pts',(-3.55539691251706,-15.5338876882647,21.8116149740792));
#5502=CARTESIAN_POINT('Ctrl Pts',(-8.09581504539225,-37.8632059861196,2.82701587482445));
#5503=CARTESIAN_POINT('Ctrl Pts',(-6.5276057069705,-30.5288693100596,9.25282763024803));
#5504=CARTESIAN_POINT('Ctrl Pts',(-4.95939636854876,-23.1945326339996,15.6786393856716));
#5505=CARTESIAN_POINT('Ctrl Pts',(-3.39118703012702,-15.8601959579396,22.1044511410952));
#5506=CARTESIAN_POINT('Ctrl Pts',(-3.90477504940447,-18.2621886982472,20.));
#5507=CARTESIAN_POINT('Ctrl Pts',(-3.93152846741971,-18.0715215896104,20.0000021014245));
#5508=CARTESIAN_POINT('Ctrl Pts',(-3.95642033596468,-17.8787798608123,19.9999567214981));
#5509=CARTESIAN_POINT('Ctrl Pts',(-3.97893433703703,-17.6848381483671,19.9999095565149));
#5510=CARTESIAN_POINT('Ctrl Pts',(-4.00039051281321,-17.5000088299716,19.9998646075888));
#5511=CARTESIAN_POINT('Ctrl Pts',(-4.019686617737,-17.3140898567281,19.9998181790277));
#5512=CARTESIAN_POINT('Ctrl Pts',(-4.03641067808217,-17.1278154434692,19.9997933982027));
#5513=CARTESIAN_POINT('Ctrl Pts',(-4.05223583590894,-16.9515531047744,19.9997699493237));
#5514=CARTESIAN_POINT('Ctrl Pts',(-4.06575785958309,-16.7749725901602,19.9997659383297));
#5515=CARTESIAN_POINT('Ctrl Pts',(-4.07666344014445,-16.5986730369278,19.9997845783582));
#5516=CARTESIAN_POINT('Ctrl Pts',(-4.08684996801673,-16.4339976853712,19.999801989368));
#5517=CARTESIAN_POINT('Ctrl Pts',(-4.09475377448596,-16.2695674258061,19.9998391347455));
#5518=CARTESIAN_POINT('Ctrl Pts',(-4.10015190232554,-16.105849805021,19.999883848141));
#5519=CARTESIAN_POINT('Ctrl Pts',(-4.10554040766908,-15.9424240209994,19.9999284818322));
#5520=CARTESIAN_POINT('Ctrl Pts',(-4.10843150538938,-15.7797085061672,19.9999807092297));
#5521=CARTESIAN_POINT('Ctrl Pts',(-4.1086794131403,-15.6181477734089,20.0000213974887));
#5522=CARTESIAN_POINT('Ctrl Pts',(-4.10885254681398,-15.5053170810247,20.0000498133318));
#5523=CARTESIAN_POINT('Ctrl Pts',(-4.10773735130512,-15.3930491436695,20.0000722836095));
#5524=CARTESIAN_POINT('Ctrl Pts',(-4.10529656178585,-15.2814881846917,20.0000773642014));
#5525=CARTESIAN_POINT('Ctrl Pts',(-4.10228337589477,-15.1437647534275,20.000083636257));
#5526=CARTESIAN_POINT('Ctrl Pts',(-4.09740550338847,-15.0150660667704,20.0001604257649));
#5527=CARTESIAN_POINT('Ctrl Pts',(-4.09129785096149,-14.8951253698956,20.0002452870575));
#5528=CARTESIAN_POINT('Ctrl Pts',(-4.08977030921574,-14.8651278506061,20.0002665111151));
#5529=CARTESIAN_POINT('Ctrl Pts',(-4.08816562276295,-14.8356782590904,20.0002883028906));
#5530=CARTESIAN_POINT('Ctrl Pts',(-4.08649326183377,-14.8067726427667,20.0003098224232));
#5531=CARTESIAN_POINT('Ctrl Pts',(-4.08253084245464,-14.7382849304028,20.0003608098694));
#5532=CARTESIAN_POINT('Ctrl Pts',(-4.07818394965523,-14.6728521068422,20.000410554041));
#5533=CARTESIAN_POINT('Ctrl Pts',(-4.07346586985523,-14.6104523988478,20.0004586488741));
#5534=CARTESIAN_POINT('Ctrl Pts',(-4.06844522748058,-14.5440511018364,20.0005098279485));
#5535=CARTESIAN_POINT('Ctrl Pts',(-4.06300466497528,-14.4810842533365,20.0005590534818));
#5536=CARTESIAN_POINT('Ctrl Pts',(-4.05721762632088,-14.4215127018319,20.0006030906272));
#5537=CARTESIAN_POINT('Ctrl Pts',(-4.05060054627569,-14.3533967364368,20.0006534440694));
#5538=CARTESIAN_POINT('Ctrl Pts',(-4.04353062741806,-14.289719718898,20.0006968626183));
#5539=CARTESIAN_POINT('Ctrl Pts',(-4.03618707058618,-14.2304092639081,20.0007269175348));
#5540=CARTESIAN_POINT('Ctrl Pts',(-4.02765244829377,-14.16147913333,20.0007618471153));
#5541=CARTESIAN_POINT('Ctrl Pts',(-4.01874948564822,-14.0984462388905,20.0007783186681));
#5542=CARTESIAN_POINT('Ctrl Pts',(-4.00983700076299,-14.0411859376052,20.0007688530524));
#5543=CARTESIAN_POINT('Ctrl Pts',(-3.99931834602455,-13.9736064300721,20.0007576815841));
#5544=CARTESIAN_POINT('Ctrl Pts',(-3.98879127993627,-13.9140656546423,20.0007092887927));
#5545=CARTESIAN_POINT('Ctrl Pts',(-3.97889696697617,-13.8623659526061,20.0006274220915));
#5546=CARTESIAN_POINT('Ctrl Pts',(-3.97090908165291,-13.8206277043036,20.0005613293953));
#5547=CARTESIAN_POINT('Ctrl Pts',(-3.96333607907691,-13.7839997507028,20.0004735951857));
#5548=CARTESIAN_POINT('Ctrl Pts',(-3.95649484590824,-13.7523953272668,20.0003796128011));
#5549=CARTESIAN_POINT('Ctrl Pts',(-3.95020678487875,-13.7233463914292,20.0002932296952));
#5550=CARTESIAN_POINT('Ctrl Pts',(-3.94453785356522,-13.6985412909644,20.0002015807329));
#5551=CARTESIAN_POINT('Ctrl Pts',(-3.93969498198046,-13.6779314155388,20.0001283013042));
#5552=CARTESIAN_POINT('Ctrl Pts',(-3.9351951607932,-13.6587814644233,20.0000602127085));
#5553=CARTESIAN_POINT('Ctrl Pts',(-3.93140880687868,-13.6432534323228,20.0000080248324));
#5554=CARTESIAN_POINT('Ctrl Pts',(-3.92845892084168,-13.6313261949771,20.0000008304201));
#5555=CARTESIAN_POINT('Ctrl Pts',(-3.92823403199933,-13.6304169047315,20.0000002819436));
#5556=CARTESIAN_POINT('Ctrl Pts',(-3.92801398156346,-13.6295285514814,20.));
#5557=CARTESIAN_POINT('Ctrl Pts',(-3.92779881229007,-13.6286611304968,20.));
#5558=CARTESIAN_POINT('Origin',(0.,0.,1.11022302462516E-15));
#5559=CARTESIAN_POINT('Origin',(0.,0.,20.));
#5560=CARTESIAN_POINT('Origin',(-18.9990569800479,-26.0819199202543,-3.91286627956439));
#5561=CARTESIAN_POINT('',(-8.35220019303012,-11.4633659827857,20.));
#5562=CARTESIAN_POINT('',(-19.9762516928802,-27.4173366091996,-2.26776414588395));
#5563=CARTESIAN_POINT('',(-7.73588915581359,-10.6194213851518,20.));
#5564=CARTESIAN_POINT('',(-6.24561989923988,-8.57872340611597,20.));
#5565=CARTESIAN_POINT('',(-18.2604536756717,-25.0669895031101,-1.76776695296637));
#5566=CARTESIAN_POINT('Origin',(-20.5956626435441,-32.8716621974265,2.76552584936398));
#5567=CARTESIAN_POINT('',(-8.74747739276491,-16.4995891918528,20.));
#5568=CARTESIAN_POINT('',(-18.1698632058199,-34.2721981557966,2.76552584936396));
#5569=CARTESIAN_POINT('',(-9.91532469576922,-15.8253322370909,20.));
#5570=CARTESIAN_POINT('',(-2.91465174384523,-19.8671726503926,20.));
#5571=CARTESIAN_POINT('',(-20.5956626435441,-32.8716621974265,2.76552584936398));
#5572=CARTESIAN_POINT('Ctrl Pts',(-18.1362455428511,-34.2087881458393,2.82701587481361));
#5573=CARTESIAN_POINT('Ctrl Pts',(-14.6231428515534,-27.5823347590439,9.25282763024084));
#5574=CARTESIAN_POINT('Ctrl Pts',(-11.1100401602557,-20.9558813722484,15.6786393856681));
#5575=CARTESIAN_POINT('Ctrl Pts',(-7.59693746895808,-14.3294279854529,22.1044511410953));
#5576=CARTESIAN_POINT('Ctrl Pts',(-17.0681980801035,-33.749105032462,1.89489488956418));
#5577=CARTESIAN_POINT('Ctrl Pts',(-13.7617286045511,-27.2118230110551,8.50124792058078));
#5578=CARTESIAN_POINT('Ctrl Pts',(-10.4560216370496,-20.6741572616064,15.1076498873905));
#5579=CARTESIAN_POINT('Ctrl Pts',(-7.14955216149727,-14.1368752401996,21.7140029184071));
#5580=CARTESIAN_POINT('Ctrl Pts',(-15.6100405109541,-32.9411587010443,0.46611405708761));
#5581=CARTESIAN_POINT('Ctrl Pts',(-12.5866316130804,-26.5601839649207,7.34936345679541));
#5582=CARTESIAN_POINT('Ctrl Pts',(-9.56216585114863,-20.1794162170564,14.2322636815649));
#5583=CARTESIAN_POINT('Ctrl Pts',(-6.538756953275,-13.7984414809327,21.1155130812727));
#5584=CARTESIAN_POINT('Ctrl Pts',(-14.2793964132607,-31.7488087806841,-1.23181331299139));
#5585=CARTESIAN_POINT('Ctrl Pts',(-11.513263803289,-25.5988808971338,5.98016667446032));
#5586=CARTESIAN_POINT('Ctrl Pts',(-8.74750738733107,-19.4489160589633,13.192302755279));
#5587=CARTESIAN_POINT('Ctrl Pts',(-5.98137477735937,-13.2989881754131,20.4042827427307));
#5588=CARTESIAN_POINT('Ctrl Pts',(-13.8431887445984,-31.1633860508413,-1.95690810331922));
#5589=CARTESIAN_POINT('Ctrl Pts',(-11.1621353153951,-25.126771609305,5.39574379389109));
#5590=CARTESIAN_POINT('Ctrl Pts',(-8.47970889045732,-19.0903798744024,12.7479020628364));
#5591=CARTESIAN_POINT('Ctrl Pts',(-5.79865546125405,-13.0537654328661,20.1005539600467));
#5592=CARTESIAN_POINT('Ctrl Pts',(-13.7305330043339,-30.9512379852053,-2.19696158765614));
#5593=CARTESIAN_POINT('Ctrl Pts',(-11.0708440220411,-24.9557921688202,5.20202560822924));
#5594=CARTESIAN_POINT('Ctrl Pts',(-8.41115503974839,-18.9603463524351,12.6010128041146));
#5595=CARTESIAN_POINT('Ctrl Pts',(-5.75146605745566,-12.96490053605,20.));
#5596=CARTESIAN_POINT('Ctrl Pts',(-5.75146605745566,-12.96490053605,20.));
#5597=CARTESIAN_POINT('Ctrl Pts',(-5.7782252903295,-13.0195987393199,20.));
#5598=CARTESIAN_POINT('Ctrl Pts',(-5.80683919973974,-13.0744631487725,19.9999833279302));
#5599=CARTESIAN_POINT('Ctrl Pts',(-5.83709404254915,-13.1294736086938,19.9999614476576));
#5600=CARTESIAN_POINT('Ctrl Pts',(-5.86885821555515,-13.1872283878902,19.9999384758388));
#5601=CARTESIAN_POINT('Ctrl Pts',(-5.90243109061897,-13.245144219975,19.9999098018778));
#5602=CARTESIAN_POINT('Ctrl Pts',(-5.93751054248175,-13.3032207271643,19.9998811801505));
#5603=CARTESIAN_POINT('Ctrl Pts',(-5.97082922452896,-13.3583821557128,19.9998539950555));
#5604=CARTESIAN_POINT('Ctrl Pts',(-6.00550616337172,-13.413688941965,19.9998267729646));
#5605=CARTESIAN_POINT('Ctrl Pts',(-6.0412425101313,-13.4691568334666,19.9997983762764));
#5606=CARTESIAN_POINT('Ctrl Pts',(-6.09042294276027,-13.5454918578443,19.9997592966968));
#5607=CARTESIAN_POINT('Ctrl Pts',(-6.14160853158722,-13.6221330650849,19.9997182657288));
#5608=CARTESIAN_POINT('Ctrl Pts',(-6.1945605560988,-13.6988342661485,19.9996936709217));
#5609=CARTESIAN_POINT('Ctrl Pts',(-6.24979799068656,-13.7788458920614,19.9996680146025));
#5610=CARTESIAN_POINT('Ctrl Pts',(-6.30695756705476,-13.8589228653748,19.9996602669376));
#5611=CARTESIAN_POINT('Ctrl Pts',(-6.36571467178828,-13.938798848304,19.9996758506805));
#5612=CARTESIAN_POINT('Ctrl Pts',(-6.42657055749271,-14.0215279703346,19.9996919910686));
#5613=CARTESIAN_POINT('Ctrl Pts',(-6.48913980899238,-14.1040416339449,19.9997331232047));
#5614=CARTESIAN_POINT('Ctrl Pts',(-6.55300851586874,-14.186056066046,19.9997891554121));
#5615=CARTESIAN_POINT('Ctrl Pts',(-6.62142509221388,-14.2739104618788,19.999849177479));
#5616=CARTESIAN_POINT('Ctrl Pts',(-6.69133242006274,-14.3611921970799,19.999926293681));
#5617=CARTESIAN_POINT('Ctrl Pts',(-6.76216653613049,-14.4475635212421,19.9999900846363));
#5618=CARTESIAN_POINT('Ctrl Pts',(-6.76822332964911,-14.4549488505922,19.9999955391922));
#5619=CARTESIAN_POINT('Ctrl Pts',(-6.77428687044635,-14.4623275285924,20.0000008862573));
#5620=CARTESIAN_POINT('Ctrl Pts',(-6.78035679050318,-14.4696993466694,20.0000061013261));
#5621=CARTESIAN_POINT('Ctrl Pts',(-6.85246654511854,-14.5572754576605,20.0000680555737));
#5622=CARTESIAN_POINT('Ctrl Pts',(-6.92548131112542,-14.6438824157025,20.0001128603583));
#5623=CARTESIAN_POINT('Ctrl Pts',(-6.99890142332076,-14.7291190926465,20.0001135691018));
#5624=CARTESIAN_POINT('Ctrl Pts',(-7.11016760844348,-14.8582929605761,20.0001146431834));
#5625=CARTESIAN_POINT('Ctrl Pts',(-7.22426663522141,-14.986508464685,20.0000820892218));
#5626=CARTESIAN_POINT('Ctrl Pts',(-7.34074743695272,-15.1135152685746,20.0000483882083));
#5627=CARTESIAN_POINT('Ctrl Pts',(-7.46126257205749,-15.2449209758024,20.0000135199543));
#5628=CARTESIAN_POINT('Ctrl Pts',(-7.58432730029883,-15.3750327655793,19.9999773763223));
#5629=CARTESIAN_POINT('Ctrl Pts',(-7.70938951085273,-15.5035808599822,19.9999561434611));
#5630=CARTESIAN_POINT('Ctrl Pts',(-7.83764794033265,-15.6354142621565,19.9999343679509));
#5631=CARTESIAN_POINT('Ctrl Pts',(-7.96800704010333,-15.7656030140154,19.999928161168));
#5632=CARTESIAN_POINT('Ctrl Pts',(-8.09981891044577,-15.8938642149724,19.9999358089751));
#5633=CARTESIAN_POINT('Ctrl Pts',(-8.23855657694167,-16.0288646491253,19.9999438586213));
#5634=CARTESIAN_POINT('Ctrl Pts',(-8.37890354020806,-16.161729639359,19.9999671707438));
#5635=CARTESIAN_POINT('Ctrl Pts',(-8.52004953580258,-16.2921383846747,19.9999842191449));
#5636=CARTESIAN_POINT('Ctrl Pts',(-8.59567376297435,-16.3620097298688,19.9999933534612));
#5637=CARTESIAN_POINT('Ctrl Pts',(-8.67152646415411,-16.4311761192891,20.0000003713243));
#5638=CARTESIAN_POINT('Ctrl Pts',(-8.74747739276492,-16.4995891918528,20.));
#5639=CARTESIAN_POINT('Ctrl Pts',(-19.9392918715924,-27.3666093818477,-2.19696158764338));
#5640=CARTESIAN_POINT('Ctrl Pts',(-16.0769279787383,-22.0655282488271,5.20202560823775));
#5641=CARTESIAN_POINT('Ctrl Pts',(-12.2145640858842,-16.7644471158064,12.6010128041189));
#5642=CARTESIAN_POINT('Ctrl Pts',(-8.35220019303011,-11.4633659827857,20.));
#5643=CARTESIAN_POINT('Ctrl Pts',(-20.1940873597369,-27.7738829133864,-1.71685461896963));
#5644=CARTESIAN_POINT('Ctrl Pts',(-16.2837517165445,-22.3931899384537,5.58920082420451));
#5645=CARTESIAN_POINT('Ctrl Pts',(-12.3692649487189,-17.0146582994924,12.8950524769193));
#5646=CARTESIAN_POINT('Ctrl Pts',(-8.45892930552658,-11.6339653245597,20.2011079200934));
#5647=CARTESIAN_POINT('Ctrl Pts',(-20.4917765556258,-28.7243150189527,-0.744911673032288));
#5648=CARTESIAN_POINT('Ctrl Pts',(-16.5224201082521,-23.1602389794703,6.37281897552724));
#5649=CARTESIAN_POINT('Ctrl Pts',(-12.5529822454025,-17.5961597760046,13.4905061762588));
#5650=CARTESIAN_POINT('Ctrl Pts',(-8.58362579802884,-12.0320837365221,20.6082368248184));
#5651=CARTESIAN_POINT('Ctrl Pts',(-20.725434395184,-30.53885461898,0.943354636543673));
#5652=CARTESIAN_POINT('Ctrl Pts',(-16.7116850521155,-24.6228102501877,7.73407532274584));
#5653=CARTESIAN_POINT('Ctrl Pts',(-12.6952500839604,-18.70820514793,14.5246996377863));
#5654=CARTESIAN_POINT('Ctrl Pts',(-8.68150074089188,-12.7921607791377,21.3154203239885));
#5655=CARTESIAN_POINT('Ctrl Pts',(-20.6595016536684,-31.9447450983845,2.12792513588845));
#5656=CARTESIAN_POINT('Ctrl Pts',(-16.6578706764432,-25.7566713631638,8.68912066311));
#5657=CARTESIAN_POINT('Ctrl Pts',(-12.6555137134276,-19.5691360064013,15.2504194468578));
#5658=CARTESIAN_POINT('Ctrl Pts',(-8.65388273620242,-13.3810622711807,21.8116149740794));
#5659=CARTESIAN_POINT('Ctrl Pts',(-20.5575567955446,-32.8108434422903,2.82701587482445));
#5660=CARTESIAN_POINT('Ctrl Pts',(-16.5754311712374,-26.4551805721289,9.25282763024803));
#5661=CARTESIAN_POINT('Ctrl Pts',(-12.5933055469302,-20.0995177019675,15.6786393856716));
#5662=CARTESIAN_POINT('Ctrl Pts',(-8.61117992262292,-13.7438548318061,22.1044511410952));
#5663=CARTESIAN_POINT('Ctrl Pts',(-9.91532469576923,-15.8253322370909,20.));
#5664=CARTESIAN_POINT('Ctrl Pts',(-9.87491976999333,-15.6354430823755,20.000001984128));
#5665=CARTESIAN_POINT('Ctrl Pts',(-9.83202767742883,-15.4442119695666,19.9999559084455));
#5666=CARTESIAN_POINT('Ctrl Pts',(-9.78645185729238,-15.2526657257724,19.9999084502323));
#5667=CARTESIAN_POINT('Ctrl Pts',(-9.74311129842378,-15.0705138472024,19.9998633196022));
#5668=CARTESIAN_POINT('Ctrl Pts',(-9.69734347432303,-14.8880773421992,19.9998170788385));
#5669=CARTESIAN_POINT('Ctrl Pts',(-9.64900356024296,-14.7062057559943,19.9997929718565));
#5670=CARTESIAN_POINT('Ctrl Pts',(-9.60333938295919,-14.534401223169,19.9997701992571));
#5671=CARTESIAN_POINT('Ctrl Pts',(-9.55537985395807,-14.3631009311699,19.9997672287373));
#5672=CARTESIAN_POINT('Ctrl Pts',(-9.50502808066997,-14.1929871490811,19.9997869188446));
#5673=CARTESIAN_POINT('Ctrl Pts',(-9.45921722243681,-14.0382148770066,19.9998048332228));
#5674=CARTESIAN_POINT('Ctrl Pts',(-9.41142628106121,-13.8844245736428,19.9998414136507));
#5675=CARTESIAN_POINT('Ctrl Pts',(-9.36160328888063,-13.7321020600173,19.9998850610849));
#5676=CARTESIAN_POINT('Ctrl Pts',(-9.31100950456989,-13.5774230240391,19.9999293837715));
#5677=CARTESIAN_POINT('Ctrl Pts',(-9.25831956351052,-13.4242580843967,19.9999810888192));
#5678=CARTESIAN_POINT('Ctrl Pts',(-9.20355454110404,-13.2730647948009,20.00002146585));
#5679=CARTESIAN_POINT('Ctrl Pts',(-9.16486710415273,-13.1662579206013,20.0000499892352));
#5680=CARTESIAN_POINT('Ctrl Pts',(-9.12514476322496,-13.0604342458967,20.0000725487708));
#5681=CARTESIAN_POINT('Ctrl Pts',(-9.08440459743848,-12.9557436899929,20.0000775146229));
#5682=CARTESIAN_POINT('Ctrl Pts',(-9.03508126333437,-12.8289968501923,20.0000835266843));
#5683=CARTESIAN_POINT('Ctrl Pts',(-8.98705955172038,-12.711138030503,20.0001583577009));
#5684=CARTESIAN_POINT('Ctrl Pts',(-8.94082955493366,-12.6017147798393,20.0002418444317));
#5685=CARTESIAN_POINT('Ctrl Pts',(-8.9285248929179,-12.5725904837185,20.0002640654154));
#5686=CARTESIAN_POINT('Ctrl Pts',(-8.91634696351992,-12.5440639713723,20.0002869660241));
#5687=CARTESIAN_POINT('Ctrl Pts',(-8.90430456339354,-12.5161271507441,20.0003095700085));
#5688=CARTESIAN_POINT('Ctrl Pts',(-8.87716059992711,-12.4531566439896,20.000360520128));
#5689=CARTESIAN_POINT('Ctrl Pts',(-8.85070129254673,-12.3931847582466,20.0004102500743));
#5690=CARTESIAN_POINT('Ctrl Pts',(-8.82493120047661,-12.3361867783522,20.0004583405977));
#5691=CARTESIAN_POINT('Ctrl Pts',(-8.79751277520501,-12.275543034895,20.0005095071368));
#5692=CARTESIAN_POINT('Ctrl Pts',(-8.77087487515733,-12.2182655199421,20.0005587322458));
#5693=CARTESIAN_POINT('Ctrl Pts',(-8.74507254045501,-12.1642927042604,20.0006027789859));
#5694=CARTESIAN_POINT('Ctrl Pts',(-8.71558127846399,-12.1026034631113,20.0006531230329));
#5695=CARTESIAN_POINT('Ctrl Pts',(-8.68718166420452,-12.0452311844357,20.0006965515055));
#5696=CARTESIAN_POINT('Ctrl Pts',(-8.66001631955012,-11.9920472755307,20.0007266497597));
#5697=CARTESIAN_POINT('Ctrl Pts',(-8.62847001519816,-11.930286388699,20.0007616019644));
#5698=CARTESIAN_POINT('Ctrl Pts',(-8.59858914248307,-11.8741727007641,20.0007781736377));
#5699=CARTESIAN_POINT('Ctrl Pts',(-8.57066600952598,-11.8234680113268,20.0007689108413));
#5700=CARTESIAN_POINT('Ctrl Pts',(-8.53757880821804,-11.7633860617388,20.0007579349954));
#5701=CARTESIAN_POINT('Ctrl Pts',(-8.50724430111914,-11.7108952626298,20.0007095772768));
#5702=CARTESIAN_POINT('Ctrl Pts',(-8.48020043889327,-11.6655881390964,20.0006275750004));
#5703=CARTESIAN_POINT('Ctrl Pts',(-8.4584028186356,-11.6290701497095,20.0005614803552));
#5704=CARTESIAN_POINT('Ctrl Pts',(-8.43874523315505,-11.5972179511341,20.0004737081235));
#5705=CARTESIAN_POINT('Ctrl Pts',(-8.42149617706922,-11.5698413345568,20.0003796734544));
#5706=CARTESIAN_POINT('Ctrl Pts',(-8.40564927571296,-11.5446901297483,20.0002932827489));
#5707=CARTESIAN_POINT('Ctrl Pts',(-8.39183605821431,-11.5233159986438,20.0002016199575));
#5708=CARTESIAN_POINT('Ctrl Pts',(-8.38023440881776,-11.5056024473621,20.0001283272885));
#5709=CARTESIAN_POINT('Ctrl Pts',(-8.36945535267797,-11.4891448423118,20.0000602312992));
#5710=CARTESIAN_POINT('Ctrl Pts',(-8.36058564159534,-11.4758470169699,20.0000080343524));
#5711=CARTESIAN_POINT('Ctrl Pts',(-8.3537336636751,-11.465647033815,20.0000008321712));
#5712=CARTESIAN_POINT('Ctrl Pts',(-8.35321076159911,-11.4648686319537,20.0000002825437));
#5713=CARTESIAN_POINT('Ctrl Pts',(-8.35269959182083,-11.4641082879884,20.));
#5714=CARTESIAN_POINT('Ctrl Pts',(-8.35220019303011,-11.4633659827857,20.));
#5715=CARTESIAN_POINT('Origin',(0.,0.,1.11022302462516E-15));
#5716=CARTESIAN_POINT('Origin',(0.,0.,20.));
#5717=CARTESIAN_POINT('Origin',(-26.773815635376,-18.0109274936235,-3.91286627956439));
#5718=CARTESIAN_POINT('',(-11.769202965144,-7.91541971628712,20.));
#5719=CARTESIAN_POINT('',(-28.1488177034481,-18.9315884261597,-2.26776414588395));
#5720=CARTESIAN_POINT('',(-10.9014139791211,-7.3331619948204,20.));
#5721=CARTESIAN_POINT('',(-6.93180573861341,-4.6696860963462,20.));
#5722=CARTESIAN_POINT('',(-25.7326289138284,-17.3098220780454,-1.76776695296637));
#5723=CARTESIAN_POINT('Origin',(-30.5963628224511,-23.8451269106567,2.76552584936398));
#5724=CARTESIAN_POINT('',(-13.8631318166849,-12.5127287379715,20.));
#5725=CARTESIAN_POINT('',(-28.7958685005296,-25.9908724872522,2.76552584936396));
#5726=CARTESIAN_POINT('',(-14.7299398492168,-11.4797071511121,20.));
#5727=CARTESIAN_POINT('',(-10.8775704638628,-16.0707822061075,20.));
#5728=CARTESIAN_POINT('',(-30.5963628224511,-23.8451269106567,2.76552584936398));
#5729=CARTESIAN_POINT('Ctrl Pts',(-28.7425907300159,-25.9427844867182,2.82701587481361));
#5730=CARTESIAN_POINT('Ctrl Pts',(-23.1749735178477,-20.9175070231602,9.25282763024084));
#5731=CARTESIAN_POINT('Ctrl Pts',(-17.6073563056795,-15.8922295596021,15.6786393856681));
#5732=CARTESIAN_POINT('Ctrl Pts',(-12.0397390935113,-10.866952096044,22.1044511410953));
#5733=CARTESIAN_POINT('Ctrl Pts',(-27.5817335263015,-25.8761174034654,1.894894889565));
#5734=CARTESIAN_POINT('Ctrl Pts',(-22.2387864253493,-20.8639608918834,8.50124792058157));
#5735=CARTESIAN_POINT('Ctrl Pts',(-16.8964246048655,-15.8511830007791,15.1076498873908));
#5736=CARTESIAN_POINT('Ctrl Pts',(-11.5534775039133,-10.839026489197,21.7140029184074));
#5737=CARTESIAN_POINT('Ctrl Pts',(-25.9351910404123,-25.6156114530585,0.466120170718649));
#5738=CARTESIAN_POINT('Ctrl Pts',(-20.9116941156555,-20.6535233246846,7.34936957042648));
#5739=CARTESIAN_POINT('Ctrl Pts',(-15.8872682667343,-15.6919934981607,14.2322662424517));
#5740=CARTESIAN_POINT('Ctrl Pts',(-10.8637713419776,-10.7299053697869,21.1155156421595));
#5741=CARTESIAN_POINT('Ctrl Pts',(-24.2769822144844,-24.9502760459859,-1.23181084186585));
#5742=CARTESIAN_POINT('Ctrl Pts',(-19.5742685966043,-20.1173072671685,5.98016914558584));
#5743=CARTESIAN_POINT('Ctrl Pts',(-14.8718919840797,-15.284177465133,13.1923037903877));
#5744=CARTESIAN_POINT('Ctrl Pts',(-10.1691783661996,-10.4512086863156,20.4042837778394));
#5745=CARTESIAN_POINT('Ctrl Pts',(-23.6668480750675,-24.5493545121663,-1.95690810331926));
#5746=CARTESIAN_POINT('Ctrl Pts',(-19.0828382152164,-19.7937667450449,5.39574379389106));
#5747=CARTESIAN_POINT('Ctrl Pts',(-14.49761433156,-15.0388578459016,12.7479020628364));
#5748=CARTESIAN_POINT('Ctrl Pts',(-9.91360447170887,-10.2832700787802,20.1005539600467));
#5749=CARTESIAN_POINT('Ctrl Pts',(-23.4884273954367,-24.3885310728059,-2.19696158765613));
#5750=CARTESIAN_POINT('Ctrl Pts',(-18.9385740477693,-19.6643220877525,5.20202560822925));
#5751=CARTESIAN_POINT('Ctrl Pts',(-14.3887207001019,-14.9401131026991,12.6010128041146));
#5752=CARTESIAN_POINT('Ctrl Pts',(-9.83886735243456,-10.2159041176458,20.));
#5753=CARTESIAN_POINT('Ctrl Pts',(-9.83886735243456,-10.2159041176458,20.));
#5754=CARTESIAN_POINT('Ctrl Pts',(-9.88271954959222,-10.2581503170227,20.));
#5755=CARTESIAN_POINT('Ctrl Pts',(-9.92837142050621,-10.299918328541,19.9999833644888));
#5756=CARTESIAN_POINT('Ctrl Pts',(-9.97561520028646,-10.3412623353731,19.9999615447697));
#5757=CARTESIAN_POINT('Ctrl Pts',(-10.0252161030887,-10.3846691092146,19.9999386364044));
#5758=CARTESIAN_POINT('Ctrl Pts',(-10.0765717137053,-10.4276085892946,19.9999100522692));
#5759=CARTESIAN_POINT('Ctrl Pts',(-10.1293979716127,-10.4701837763044,19.9998815313154));
#5760=CARTESIAN_POINT('Ctrl Pts',(-10.1795761359284,-10.5106247390788,19.9998544400702));
#5761=CARTESIAN_POINT('Ctrl Pts',(-10.231080518903,-10.5507376979977,19.9998273217327));
#5762=CARTESIAN_POINT('Ctrl Pts',(-10.2836355994062,-10.5906397075285,19.9997990245113));
#5763=CARTESIAN_POINT('Ctrl Pts',(-10.3559590856121,-10.6455507153369,19.9997600833911));
#5764=CARTESIAN_POINT('Ctrl Pts',(-10.43027151007,-10.7000636701501,19.9997191827555));
#5765=CARTESIAN_POINT('Ctrl Pts',(-10.5062643401282,-10.7540288679098,19.9996947068015));
#5766=CARTESIAN_POINT('Ctrl Pts',(-10.585536987157,-10.8103231797622,19.9996691744762));
#5767=CARTESIAN_POINT('Ctrl Pts',(-10.6666381833136,-10.8660215132546,19.9996615382793));
#5768=CARTESIAN_POINT('Ctrl Pts',(-10.7491717912362,-10.9209846065364,19.9996772169769));
#5769=CARTESIAN_POINT('Ctrl Pts',(-10.8346534703251,-10.9779109619922,19.9996934557121));
#5770=CARTESIAN_POINT('Ctrl Pts',(-10.9216714622268,-11.0340488640716,19.9997346684584));
#5771=CARTESIAN_POINT('Ctrl Pts',(-11.0097397538398,-11.0892732074167,19.9997907592782));
#5772=CARTESIAN_POINT('Ctrl Pts',(-11.1040790950934,-11.148429892268,19.9998508441384));
#5773=CARTESIAN_POINT('Ctrl Pts',(-11.1996233755072,-11.206538590945,19.9999279978573));
#5774=CARTESIAN_POINT('Ctrl Pts',(-11.2957271152563,-11.2634747950742,19.9999917964981));
#5775=CARTESIAN_POINT('Ctrl Pts',(-11.3039419490414,-11.2683416343303,19.9999972499303));
#5776=CARTESIAN_POINT('Ctrl Pts',(-11.3121608452226,-11.2731999211872,20.0000025957245));
#5777=CARTESIAN_POINT('Ctrl Pts',(-11.3203833870417,-11.2780495855804,20.0000078093968));
#5778=CARTESIAN_POINT('Ctrl Pts',(-11.4180971481417,-11.3356812715427,20.000069766823));
#5779=CARTESIAN_POINT('Ctrl Pts',(-11.5163298231785,-11.3920927315709,20.0001145451905));
#5780=CARTESIAN_POINT('Ctrl Pts',(-11.614474703389,-11.4470779189381,20.00011520753));
#5781=CARTESIAN_POINT('Ctrl Pts',(-11.7632071589371,-11.5304045470654,20.0001162112643));
#5782=CARTESIAN_POINT('Ctrl Pts',(-11.9142736506614,-11.6118618232278,20.0000835414131));
#5783=CARTESIAN_POINT('Ctrl Pts',(-12.06716477533,-11.6913687738194,20.0000497026775));
#5784=CARTESIAN_POINT('Ctrl Pts',(-12.2253496162309,-11.773628580313,20.0000146923063));
#5785=CARTESIAN_POINT('Ctrl Pts',(-12.3854875924353,-11.8538006375676,19.9999783832401));
#5786=CARTESIAN_POINT('Ctrl Pts',(-12.546967728664,-11.931820262425,19.9999569863964));
#5787=CARTESIAN_POINT('Ctrl Pts',(-12.7125733650784,-12.0118331353955,19.9999350429054));
#5788=CARTESIAN_POINT('Ctrl Pts',(-12.8795904113116,-12.0895822577839,19.999928669447));
#5789=CARTESIAN_POINT('Ctrl Pts',(-13.0473134183579,-12.1650233761168,19.999936177407));
#5790=CARTESIAN_POINT('Ctrl Pts',(-13.2238459401779,-12.2444269779408,19.9999440797166));
#5791=CARTESIAN_POINT('Ctrl Pts',(-13.4011603847338,-12.3212737958522,19.9999672737421));
#5792=CARTESIAN_POINT('Ctrl Pts',(-13.5783858351656,-12.3955394919628,19.999984262071));
#5793=CARTESIAN_POINT('Ctrl Pts',(-13.6733738721503,-12.4353438917917,19.9999933673548));
#5794=CARTESIAN_POINT('Ctrl Pts',(-13.7683355480406,-12.4744072738017,20.0000003714305));
#5795=CARTESIAN_POINT('Ctrl Pts',(-13.8631318166849,-12.5127287379715,20.));
#5796=CARTESIAN_POINT('Ctrl Pts',(-28.096737098549,-18.8965614283184,-2.19696158764335));
#5797=CARTESIAN_POINT('Ctrl Pts',(-22.6542257207473,-15.2361808576413,5.20202560823777));
#5798=CARTESIAN_POINT('Ctrl Pts',(-17.2117143429457,-11.5758002869642,12.6010128041189));
#5799=CARTESIAN_POINT('Ctrl Pts',(-11.769202965144,-7.91541971628712,20.));
#5800=CARTESIAN_POINT('Ctrl Pts',(-28.4754622901972,-19.1921281711722,-1.71685461897035));
#5801=CARTESIAN_POINT('Ctrl Pts',(-22.9606433590153,-15.4733442450495,5.58920082420378));
#5802=CARTESIAN_POINT('Ctrl Pts',(-17.4426628670865,-11.7580110786324,12.895052476919));
#5803=CARTESIAN_POINT('Ctrl Pts',(-11.9278439359047,-8.03922715250975,20.2011079200931));
#5804=CARTESIAN_POINT('Ctrl Pts',(-29.0802537088384,-19.9834392290449,-0.744912570065638));
#5805=CARTESIAN_POINT('Ctrl Pts',(-23.4472526614737,-16.1125178942929,6.37281807849389));
#5806=CARTESIAN_POINT('Ctrl Pts',(-17.8141809109466,-12.2416140384395,13.4905058005082));
#5807=CARTESIAN_POINT('Ctrl Pts',(-12.1811798635819,-8.37069270368751,20.6082364490677));
#5808=CARTESIAN_POINT('Ctrl Pts',(-29.9204289467148,-21.6086342502525,0.943354225112217));
#5809=CARTESIAN_POINT('Ctrl Pts',(-24.1253319644136,-17.4221541382459,7.73407491131437));
#5810=CARTESIAN_POINT('Ctrl Pts',(-18.3282106973539,-13.2379369199189,14.5246994654453));
#5811=CARTESIAN_POINT('Ctrl Pts',(-12.5331137150528,-9.05145680791231,21.3154201516474));
#5812=CARTESIAN_POINT('Ctrl Pts',(-30.3393275501177,-22.9522755252138,2.12792513588811));
#5813=CARTESIAN_POINT('Ctrl Pts',(-24.4625785838809,-18.5060266997149,8.68912066310967));
#5814=CARTESIAN_POINT('Ctrl Pts',(-18.5853315504316,-14.0605320862445,15.2504194468577));
#5815=CARTESIAN_POINT('Ctrl Pts',(-12.7085825841948,-9.61428326074557,21.8116149740792));
#5816=CARTESIAN_POINT('Ctrl Pts',(-30.5397537989287,-23.8010089428442,2.82701587482445));
#5817=CARTESIAN_POINT('Ctrl Pts',(-24.6240150089425,-19.1906066203169,9.25282763024803));
#5818=CARTESIAN_POINT('Ctrl Pts',(-18.7082762189562,-14.5802042977896,15.6786393856716));
#5819=CARTESIAN_POINT('Ctrl Pts',(-12.79253742897,-9.96980197526234,22.1044511410952));
#5820=CARTESIAN_POINT('Ctrl Pts',(-14.7299398492168,-11.4797071511121,20.));
#5821=CARTESIAN_POINT('Ctrl Pts',(-14.6270399517828,-11.3151117725327,20.0000019838537));
#5822=CARTESIAN_POINT('Ctrl Pts',(-14.5213444710308,-11.1501063762456,19.9999559138086));
#5823=CARTESIAN_POINT('Ctrl Pts',(-14.4130198975011,-10.985722583584,19.9999084504228));
#5824=CARTESIAN_POINT('Ctrl Pts',(-14.3100037510559,-10.8293943903934,19.9998633129722));
#5825=CARTESIAN_POINT('Ctrl Pts',(-14.2046096864969,-10.6736288126629,19.9998170555468));
#5826=CARTESIAN_POINT('Ctrl Pts',(-14.096992207989,-10.5192733656114,19.9997929206055));
#5827=CARTESIAN_POINT('Ctrl Pts',(-13.9953280709978,-10.3734567795701,19.9997701207963));
#5828=CARTESIAN_POINT('Ctrl Pts',(-13.8916796398898,-10.2288987893235,19.9997671144516));
#5829=CARTESIAN_POINT('Ctrl Pts',(-13.7861892661819,-10.0862734523818,19.999786766397));
#5830=CARTESIAN_POINT('Ctrl Pts',(-13.690173126637,-9.95645749123694,19.9998046533744));
#5831=CARTESIAN_POINT('Ctrl Pts',(-13.5926311048767,-9.82824240781088,19.9998412207531));
#5832=CARTESIAN_POINT('Ctrl Pts',(-13.4936807172852,-9.70210292057761,19.9998848612584));
#5833=CARTESIAN_POINT('Ctrl Pts',(-13.3932345107981,-9.57405660070754,19.999929161471));
#5834=CARTESIAN_POINT('Ctrl Pts',(-13.2913365218372,-9.44814986414895,19.9999808444149));
#5835=CARTESIAN_POINT('Ctrl Pts',(-13.1881630707611,-9.32480544339763,20.0000212056611));
#5836=CARTESIAN_POINT('Ctrl Pts',(-13.1152786124927,-9.23767167794603,20.0000497179144));
#5837=CARTESIAN_POINT('Ctrl Pts',(-13.0417580019286,-9.15181570321483,20.0000722694771));
#5838=CARTESIAN_POINT('Ctrl Pts',(-12.9676685721595,-9.06737254939889,20.000077232733));
#5839=CARTESIAN_POINT('Ctrl Pts',(-12.8779710566967,-8.96514013758591,20.0000832415757));
#5840=CARTESIAN_POINT('Ctrl Pts',(-12.7925365455025,-8.87081425032592,20.000158075976));
#5841=CARTESIAN_POINT('Ctrl Pts',(-12.7116707917636,-8.78380215231972,20.000241575108));
#5842=CARTESIAN_POINT('Ctrl Pts',(-12.6901461612529,-8.76064150429566,20.0002638006841));
#5843=CARTESIAN_POINT('Ctrl Pts',(-12.6689451094242,-8.73799928669564,20.0002867065886));
#5844=CARTESIAN_POINT('Ctrl Pts',(-12.6480731350371,-8.71586488595004,20.0003093164199));
#5845=CARTESIAN_POINT('Ctrl Pts',(-12.6010315150132,-8.66597798737383,20.0003602748522));
#5846=CARTESIAN_POINT('Ctrl Pts',(-12.5556587091988,-8.61867442345562,20.0004100160945));
#5847=CARTESIAN_POINT('Ctrl Pts',(-12.5119505281653,-8.57392943642575,20.0004581191855));
#5848=CARTESIAN_POINT('Ctrl Pts',(-12.465447003495,-8.52632279714182,20.0005092986953));
#5849=CARTESIAN_POINT('Ctrl Pts',(-12.4208280382647,-8.48161208866521,20.0005585382667));
#5850=CARTESIAN_POINT('Ctrl Pts',(-12.3781242850623,-8.43972070094705,20.0006026001526));
#5851=CARTESIAN_POINT('Ctrl Pts',(-12.3293162449222,-8.39184114985518,20.0006529604637));
#5852=CARTESIAN_POINT('Ctrl Pts',(-12.2830100934916,-8.34764430529571,20.0006964064249));
#5853=CARTESIAN_POINT('Ctrl Pts',(-12.2392958309336,-8.3069606095258,20.0007265236191));
#5854=CARTESIAN_POINT('Ctrl Pts',(-12.1885340840661,-8.25971800847392,20.0007614962184));
#5855=CARTESIAN_POINT('Ctrl Pts',(-12.1412678572998,-8.21721133875062,20.0007780921367));
#5856=CARTESIAN_POINT('Ctrl Pts',(-12.0976902757313,-8.17911692346886,20.0007688583002));
#5857=CARTESIAN_POINT('Ctrl Pts',(-12.0460408819603,-8.13396633491978,20.0007579140935));
#5858=CARTESIAN_POINT('Ctrl Pts',(-11.9995756089648,-8.09500930747778,20.0007095760412));
#5859=CARTESIAN_POINT('Ctrl Pts',(-11.9586607403766,-8.06167873084101,20.0006275795281));
#5860=CARTESIAN_POINT('Ctrl Pts',(-11.9256861522555,-8.03481656375211,20.0005614959418));
#5861=CARTESIAN_POINT('Ctrl Pts',(-11.8963184455528,-8.01160711587917,20.000473730239));
#5862=CARTESIAN_POINT('Ctrl Pts',(-11.8707448930129,-7.99177978347999,20.0003796976806));
#5863=CARTESIAN_POINT('Ctrl Pts',(-11.8472493409182,-7.97356353759254,20.0002933058166));
#5864=CARTESIAN_POINT('Ctrl Pts',(-11.8269570081537,-7.95820140016071,20.0002016376896));
#5865=CARTESIAN_POINT('Ctrl Pts',(-11.8099952412058,-7.94552301911714,20.0001283392601));
#5866=CARTESIAN_POINT('Ctrl Pts',(-11.7942372187926,-7.93374439880826,20.0000602426815));
#5867=CARTESIAN_POINT('Ctrl Pts',(-11.7813540275059,-7.92428193327371,20.0000080426854));
#5868=CARTESIAN_POINT('Ctrl Pts',(-11.7714263396689,-7.9170403432734,20.0000008337778));
#5869=CARTESIAN_POINT('Ctrl Pts',(-11.7706679703975,-7.9164871631752,20.0000002830943));
#5870=CARTESIAN_POINT('Ctrl Pts',(-11.7699268355884,-7.91594696461531,20.));
#5871=CARTESIAN_POINT('Ctrl Pts',(-11.769202965144,-7.91541971628712,20.));
#5872=CARTESIAN_POINT('Origin',(0.,0.,1.11022302462516E-15));
#5873=CARTESIAN_POINT('Origin',(0.,0.,20.));
#5874=CARTESIAN_POINT('Origin',(-31.3192569856425,-7.76755139828167,-3.91286627956439));
#5875=CARTESIAN_POINT('',(-13.7666661647248,-3.41275701285085,20.));
#5876=CARTESIAN_POINT('',(-32.9262208666756,-8.16241127843674,-2.26776414588395));
#5877=CARTESIAN_POINT('',(-12.7520673888112,-3.16241504196897,20.));
#5878=CARTESIAN_POINT('',(-6.83366693817824,-1.7021096794422,20.));
#5879=CARTESIAN_POINT('',(-30.1010693318216,-7.46483464460247,-1.76776695296637));
#5880=CARTESIAN_POINT('Origin',(-36.9066900907472,-11.9425174018687,2.76552584936398));
#5881=CARTESIAN_POINT('',(-17.3066879454774,-7.01664853008238,20.));
#5882=CARTESIAN_POINT('',(-35.9486670723182,-14.5746640123201,2.76552584936396));
#5883=CARTESIAN_POINT('',(-17.7679068660894,-5.74945996027569,20.));
#5884=CARTESIAN_POINT('',(-16.6813921800374,-8.73463452610915,20.));
#5885=CARTESIAN_POINT('',(-36.9066900907472,-11.9425174018687,2.76552584936398));
#5886=CARTESIAN_POINT('Ctrl Pts',(-35.8821552796797,-14.5476981437772,2.8270158748136));
#5887=CARTESIAN_POINT('Ctrl Pts',(-28.9315603517072,-11.7297192307582,9.25282763024083));
#5888=CARTESIAN_POINT('Ctrl Pts',(-21.9809654237348,-8.91174031773913,15.6786393856681));
#5889=CARTESIAN_POINT('Ctrl Pts',(-15.0303704957624,-6.0937614047201,22.1044511410953));
#5890=CARTESIAN_POINT('Ctrl Pts',(-34.7685048461943,-14.8820881247902,1.89489488956526));
#5891=CARTESIAN_POINT('Ctrl Pts',(-28.033518393718,-11.9995971698816,8.50124792058184));
#5892=CARTESIAN_POINT('Ctrl Pts',(-21.2988694006656,-9.11632213151166,15.1076498873909));
#5893=CARTESIAN_POINT('Ctrl Pts',(-14.5638829481893,-6.23383117660311,21.7140029184075));
#5894=CARTESIAN_POINT('Ctrl Pts',(-33.1321532258006,-15.2004511312207,0.466113907959194));
#5895=CARTESIAN_POINT('Ctrl Pts',(-26.7144761422049,-12.2557506714998,7.349363307667));
#5896=CARTESIAN_POINT('Ctrl Pts',(-20.2961226347236,-9.31188800529067,14.2322636190977));
#5897=CARTESIAN_POINT('Ctrl Pts',(-13.8784455511279,-6.36718754556976,21.1155130188055));
#5898=CARTESIAN_POINT('Ctrl Pts',(-31.346393061039,-15.1423796039129,-1.23181337345383));
#5899=CARTESIAN_POINT('Ctrl Pts',(-25.2743151022281,-12.2092972915765,5.98016661399788));
#5900=CARTESIAN_POINT('Ctrl Pts',(-19.2025016399108,-9.27594477029965,13.1923027299524));
#5901=CARTESIAN_POINT('Ctrl Pts',(-13.1304236810999,-6.3428624579632,20.4042827174041));
#5902=CARTESIAN_POINT('Ctrl Pts',(-30.6359362422056,-14.9743085094385,-1.95690810331948));
#5903=CARTESIAN_POINT('Ctrl Pts',(-24.701869193585,-12.0733414864473,5.39574379389084));
#5904=CARTESIAN_POINT('Ctrl Pts',(-18.7668935222765,-9.17342761128159,12.7479020628363));
#5905=CARTESIAN_POINT('Ctrl Pts',(-12.8328264736559,-6.27246058829042,20.1005539600466));
#5906=CARTESIAN_POINT('Ctrl Pts',(-30.413270790381,-14.8842073766417,-2.19696158765612));
#5907=CARTESIAN_POINT('Ctrl Pts',(-24.5220325397516,-12.0010445484165,5.20202560822926));
#5908=CARTESIAN_POINT('Ctrl Pts',(-18.6307942891221,-9.11788172019135,12.6010128041146));
#5909=CARTESIAN_POINT('Ctrl Pts',(-12.7395560384926,-6.23471889196619,20.));
#5910=CARTESIAN_POINT('Ctrl Pts',(-12.7395560384927,-6.2347188919662,20.));
#5911=CARTESIAN_POINT('Ctrl Pts',(-12.7952141631786,-6.25941965914014,20.));
#5912=CARTESIAN_POINT('Ctrl Pts',(-12.8523998880367,-6.28305558533815,19.9999833270355));
#5913=CARTESIAN_POINT('Ctrl Pts',(-12.9109365207466,-6.30574862123501,19.9999614452815));
#5914=CARTESIAN_POINT('Ctrl Pts',(-12.9723933757186,-6.32957374665522,19.9999384719104));
#5915=CARTESIAN_POINT('Ctrl Pts',(-13.0353392998256,-6.3523596349712,19.999909795752));
#5916=CARTESIAN_POINT('Ctrl Pts',(-13.0995426092755,-6.37430019840602,19.9998811715603));
#5917=CARTESIAN_POINT('Ctrl Pts',(-13.1605232095412,-6.39513944703491,19.9998539841707));
#5918=CARTESIAN_POINT('Ctrl Pts',(-13.2226377256982,-6.41521697784612,19.9998267595435));
#5919=CARTESIAN_POINT('Ctrl Pts',(-13.2856673500495,-6.43473694880976,19.999798360425));
#5920=CARTESIAN_POINT('Ctrl Pts',(-13.3724089324712,-6.46160039893558,19.9997592774619));
#5921=CARTESIAN_POINT('Ctrl Pts',(-13.4608833642261,-6.48740950830434,19.9997182433113));
#5922=CARTESIAN_POINT('Ctrl Pts',(-13.5507495277686,-6.51212913191697,19.9996936456033));
#5923=CARTESIAN_POINT('Ctrl Pts',(-13.6444943173402,-6.53791565514779,19.9996679862576));
#5924=CARTESIAN_POINT('Ctrl Pts',(-13.7397535577652,-6.56251670765769,19.9996602358739));
#5925=CARTESIAN_POINT('Ctrl Pts',(-13.8361073823736,-6.58593692053233,19.9996758173019));
#5926=CARTESIAN_POINT('Ctrl Pts',(-13.9359029283111,-6.61019369434795,19.9996919552926));
#5927=CARTESIAN_POINT('Ctrl Pts',(-14.036872495223,-6.63318408645672,19.9997330854652));
#5928=CARTESIAN_POINT('Ctrl Pts',(-14.1385166037922,-6.65495677075258,19.9997891162464));
#5929=CARTESIAN_POINT('Ctrl Pts',(-14.2473984375255,-6.67827981253827,19.9998491367855));
#5930=CARTESIAN_POINT('Ctrl Pts',(-14.3570541550587,-6.70020593368682,19.9999262520773));
#5931=CARTESIAN_POINT('Ctrl Pts',(-14.4668346340084,-6.72083891122495,19.9999900428492));
#5932=CARTESIAN_POINT('Ctrl Pts',(-14.4762216780126,-6.72260318361601,19.9999954974326));
#5933=CARTESIAN_POINT('Ctrl Pts',(-14.4856096153511,-6.72435802355856,20.0000008445289));
#5934=CARTESIAN_POINT('Ctrl Pts',(-14.494998030027,-6.7261035078362,20.0000060596319));
#5935=CARTESIAN_POINT('Ctrl Pts',(-14.6065301463515,-6.74683944273236,20.0000680138058));
#5936=CARTESIAN_POINT('Ctrl Pts',(-14.71813258313,-6.76625123261408,20.0001128192381));
#5937=CARTESIAN_POINT('Ctrl Pts',(-14.8291647340638,-6.78435277434945,20.0001135291164));
#5938=CARTESIAN_POINT('Ctrl Pts',(-14.9974310359559,-6.81178518433827,20.0001146049183));
#5939=CARTESIAN_POINT('Ctrl Pts',(-15.1672513994055,-6.8366625256471,20.000082053787));
#5940=CARTESIAN_POINT('Ctrl Pts',(-15.3381193723578,-6.8590829704111,20.0000483561355));
#5941=CARTESIAN_POINT('Ctrl Pts',(-15.5149054340658,-6.88227995731907,20.0000134913508));
#5942=CARTESIAN_POINT('Ctrl Pts',(-15.6928128855755,-6.90284689446448,19.9999773517561));
#5943=CARTESIAN_POINT('Ctrl Pts',(-15.8712453731365,-6.9209320110422,19.999956122896));
#5944=CARTESIAN_POINT('Ctrl Pts',(-16.0542381044762,-6.93947933347429,19.9999343514846));
#5945=CARTESIAN_POINT('Ctrl Pts',(-16.2377828818363,-6.95541649100804,19.9999281487679));
#5946=CARTESIAN_POINT('Ctrl Pts',(-16.4212015372297,-6.96894323244833,19.9999357999864));
#5947=CARTESIAN_POINT('Ctrl Pts',(-16.6142576500415,-6.98318071617578,19.9999438532268));
#5948=CARTESIAN_POINT('Ctrl Pts',(-16.8071739154136,-6.99474791271667,19.9999671682299));
#5949=CARTESIAN_POINT('Ctrl Pts',(-16.9991234233164,-7.00391990410946,19.9999842180966));
#5950=CARTESIAN_POINT('Ctrl Pts',(-17.101966663237,-7.00883409910618,19.9999933531216));
#5951=CARTESIAN_POINT('Ctrl Pts',(-17.2045317899451,-7.01306141667733,20.0000003713217));
#5952=CARTESIAN_POINT('Ctrl Pts',(-17.3066879454774,-7.01664853008238,20.));
#5953=CARTESIAN_POINT('Ctrl Pts',(-32.8653011677439,-8.14730928298904,-2.19696158764336));
#5954=CARTESIAN_POINT('Ctrl Pts',(-26.4990895000709,-6.56912519294298,5.20202560823776));
#5955=CARTESIAN_POINT('Ctrl Pts',(-20.1328778323978,-4.99094110289691,12.6010128041189));
#5956=CARTESIAN_POINT('Ctrl Pts',(-13.7666661647248,-3.41275701285085,20.));
#5957=CARTESIAN_POINT('Ctrl Pts',(-33.3222762153944,-8.29551952586987,-1.7168546189701));
#5958=CARTESIAN_POINT('Ctrl Pts',(-26.8681326373816,-6.68722396284215,5.58920487932816));
#5959=CARTESIAN_POINT('Ctrl Pts',(-20.4122281293973,-5.08313510253851,12.895048421795));
#5960=CARTESIAN_POINT('Ctrl Pts',(-13.9580845513845,-3.47483953951079,20.2011079200932));
#5961=CARTESIAN_POINT('Ctrl Pts',(-34.1612702813243,-8.83218173022777,-0.744908802281085));
#5962=CARTESIAN_POINT('Ctrl Pts',(-27.5440661065421,-7.12123273146745,6.3728143136899));
#5963=CARTESIAN_POINT('Ctrl Pts',(-20.9267278065783,-5.41058639948383,13.4905149113519));
#5964=CARTESIAN_POINT('Ctrl Pts',(-14.3095236317961,-3.6996374007235,20.6082380273229));
#5965=CARTESIAN_POINT('Ctrl Pts',(-35.5062918593882,-10.0729043275974,0.943350170003662));
#5966=CARTESIAN_POINT('Ctrl Pts',(-28.6288102859906,-8.12098382779466,7.73407542781444));
#5967=CARTESIAN_POINT('Ctrl Pts',(-21.7504098414406,-6.17127362483501,14.5246931952268));
#5968=CARTESIAN_POINT('Ctrl Pts',(-14.872928268043,-4.21935312503223,21.3154184530375));
#5969=CARTESIAN_POINT('Ctrl Pts',(-36.3597827832354,-11.1914227841923,2.12792513588766));
#5970=CARTESIAN_POINT('Ctrl Pts',(-29.3167442011762,-9.0232595534361,8.68911832450591));
#5971=CARTESIAN_POINT('Ctrl Pts',(-22.2734783958889,-6.85604302811172,15.2504217854608));
#5972=CARTESIAN_POINT('Ctrl Pts',(-15.2304398138297,-4.68787979735549,21.811614974079));
#5973=CARTESIAN_POINT('Ctrl Pts',(-36.8384057753988,-11.9204214994099,2.82701587482446));
#5974=CARTESIAN_POINT('Ctrl Pts',(-29.702579224812,-9.61136228690508,9.25282763024804));
#5975=CARTESIAN_POINT('Ctrl Pts',(-22.5667526742252,-7.30230307440028,15.6786393856716));
#5976=CARTESIAN_POINT('Ctrl Pts',(-15.4309261236384,-4.99324386189549,22.1044511410952));
#5977=CARTESIAN_POINT('Ctrl Pts',(-17.7679068660894,-5.74945996027569,20.));
#5978=CARTESIAN_POINT('Ctrl Pts',(-17.6161217041056,-5.63092656703697,20.0000021019689));
#5979=CARTESIAN_POINT('Ctrl Pts',(-17.4616078934906,-5.51296776689886,19.9999567123123));
#5980=CARTESIAN_POINT('Ctrl Pts',(-17.3048650470863,-5.39646889689898,19.9999095574137));
#5981=CARTESIAN_POINT('Ctrl Pts',(-17.1554983584904,-5.28545234439767,19.9998646215764));
#5982=CARTESIAN_POINT('Ctrl Pts',(-17.0041074742096,-5.1757620069711,19.9998182242828));
#5983=CARTESIAN_POINT('Ctrl Pts',(-16.8511224066944,-5.06812236613312,19.9997934952295));
#5984=CARTESIAN_POINT('Ctrl Pts',(-16.7063696469655,-4.96627494193279,19.9997700968759));
#5985=CARTESIAN_POINT('Ctrl Pts',(-16.5601896536607,-4.86626362187205,19.9997661520662));
#5986=CARTESIAN_POINT('Ctrl Pts',(-16.4129446817388,-4.76865970099017,19.9997848618603));
#5987=CARTESIAN_POINT('Ctrl Pts',(-16.275511798472,-4.6775598957482,19.9998023248739));
#5988=CARTESIAN_POINT('Ctrl Pts',(-16.1371511420286,-4.58855724745085,19.9998394936924));
#5989=CARTESIAN_POINT('Ctrl Pts',(-15.9981555033808,-4.50207798834978,19.9998842168626));
#5990=CARTESIAN_POINT('Ctrl Pts',(-15.85932005229,-4.41569839353591,19.999928888491));
#5991=CARTESIAN_POINT('Ctrl Pts',(-15.7198509004929,-4.33183703165923,19.99998115133));
#5992=CARTESIAN_POINT('Ctrl Pts',(-15.5800600889426,-4.25084243510377,20.000021863623));
#5993=CARTESIAN_POINT('Ctrl Pts',(-15.4824315385999,-4.19427659247356,20.0000502966946));
#5994=CARTESIAN_POINT('Ctrl Pts',(-15.38464611288,-4.13910804536866,20.0000727784517));
#5995=CARTESIAN_POINT('Ctrl Pts',(-15.2868100760249,-4.085441190997,20.0000778610932));
#5996=CARTESIAN_POINT('Ctrl Pts',(-15.1660320460905,-4.01918976512018,20.0000841355852));
#5997=CARTESIAN_POINT('Ctrl Pts',(-15.0521371460134,-3.95906575358462,20.0001609124041));
#5998=CARTESIAN_POINT('Ctrl Pts',(-14.9452118385292,-3.90438587029289,20.0002457469328));
#5999=CARTESIAN_POINT('Ctrl Pts',(-14.9184687316263,-3.89070987535103,20.0002669649113));
#6000=CARTESIAN_POINT('Ctrl Pts',(-14.8921615870596,-3.87737468035941,20.0002887497729));
#6001=CARTESIAN_POINT('Ctrl Pts',(-14.8662917174536,-3.8643701056912,20.0003102615257));
#6002=CARTESIAN_POINT('Ctrl Pts',(-14.8049928481415,-3.83355565880031,20.0003612338014));
#6003=CARTESIAN_POINT('Ctrl Pts',(-14.7461477569279,-3.80460199758449,20.0004109579303));
#6004=CARTESIAN_POINT('Ctrl Pts',(-14.6897442488783,-3.77748667352649,20.0004590307026));
#6005=CARTESIAN_POINT('Ctrl Pts',(-14.6297228499965,-3.74863209094158,20.0005101870072));
#6006=CARTESIAN_POINT('Ctrl Pts',(-14.5724663643256,-3.72185881607008,20.0005593873932));
#6007=CARTESIAN_POINT('Ctrl Pts',(-14.5179776269625,-3.69708359949731,20.0006033982972));
#6008=CARTESIAN_POINT('Ctrl Pts',(-14.455671224901,-3.66875380733026,20.0006537235793));
#6009=CARTESIAN_POINT('Ctrl Pts',(-14.3969836594553,-3.64303631147949,20.0006971119509));
#6010=CARTESIAN_POINT('Ctrl Pts',(-14.3419418724536,-3.61973960503055,20.0007271341351));
#6011=CARTESIAN_POINT('Ctrl Pts',(-14.27796757474,-3.59266216958931,20.0007620284991));
#6012=CARTESIAN_POINT('Ctrl Pts',(-14.2189184696326,-3.56885358940403,20.0007784580179));
#6013=CARTESIAN_POINT('Ctrl Pts',(-14.1648660830629,-3.54794052380005,20.0007689419185));
#6014=CARTESIAN_POINT('Ctrl Pts',(-14.1011000217126,-3.5232692019778,20.0007577156949));
#6015=CARTESIAN_POINT('Ctrl Pts',(-14.0442886800928,-3.50262241775724,20.0007092889099));
#6016=CARTESIAN_POINT('Ctrl Pts',(-13.994581363843,-3.48534652055246,20.0006274123444));
#6017=CARTESIAN_POINT('Ctrl Pts',(-13.9544447776938,-3.47139695359175,20.0005613004302));
#6018=CARTESIAN_POINT('Ctrl Pts',(-13.9189409502954,-3.45964289745732,20.0004735548594));
#6019=CARTESIAN_POINT('Ctrl Pts',(-13.8881531636291,-3.44976661199564,20.0003795688635));
#6020=CARTESIAN_POINT('Ctrl Pts',(-13.8598566828117,-3.44068950212924,20.0002931880867));
#6021=CARTESIAN_POINT('Ctrl Pts',(-13.835544220113,-3.43319769923143,20.0002015488174));
#6022=CARTESIAN_POINT('Ctrl Pts',(-13.8152771136464,-3.42708778516404,20.0001282797793));
#6023=CARTESIAN_POINT('Ctrl Pts',(-13.7964432920866,-3.42140996275358,20.0000601923099));
#6024=CARTESIAN_POINT('Ctrl Pts',(-13.7811030235196,-3.41692522806044,20.0000080099134));
#6025=CARTESIAN_POINT('Ctrl Pts',(-13.7692995099833,-3.41351651037549,20.0000008275497));
#6026=CARTESIAN_POINT('Ctrl Pts',(-13.768401243121,-3.41325710133343,20.00000028096));
#6027=CARTESIAN_POINT('Ctrl Pts',(-13.7675234556385,-3.4130039485519,20.));
#6028=CARTESIAN_POINT('Ctrl Pts',(-13.7666661647248,-3.41275701285085,20.));
#6029=CARTESIAN_POINT('Origin',(0.,0.,1.11022302462516E-15));
#6030=CARTESIAN_POINT('Origin',(0.,0.,20.));
#6031=CARTESIAN_POINT('Origin',(-32.0871337204356,3.41270603254236,-3.91286627956439));
#6032=CARTESIAN_POINT('',(-14.1036662504859,1.5015345532645,20.));
#6033=CARTESIAN_POINT('',(-33.732235854116,3.59127313382633,-2.26776414588395));
#6034=CARTESIAN_POINT('',(-13.06463327094,1.3897658372192,20.));
#6035=CARTESIAN_POINT('',(-6.78600838076059,0.714374529801656,20.));
#6036=CARTESIAN_POINT('',(-30.8388765439271,3.28052201620557,-1.76776695296637));
#6037=CARTESIAN_POINT('Origin',(-38.765525849364,1.40053595837008,2.76552584936398));
#6038=CARTESIAN_POINT('',(-18.6628020885341,-0.674256954761918,20.));
#6039=CARTESIAN_POINT('',(-38.765525849364,-1.4005359583701,2.76552584936396));
#6040=CARTESIAN_POINT('',(-18.6628020885341,0.674256954761909,20.));
#6041=CARTESIAN_POINT('',(-18.6628020885341,0.700267979184897,20.));
#6042=CARTESIAN_POINT('',(-38.765525849364,1.40053595837008,2.76552584936398));
#6043=CARTESIAN_POINT('Ctrl Pts',(-38.6938023384024,-1.39794470353834,2.82701587481362));
#6044=CARTESIAN_POINT('Ctrl Pts',(-31.1985740227952,-1.12715418690786,9.25282763024084));
#6045=CARTESIAN_POINT('Ctrl Pts',(-23.7033457071881,-0.856363670277385,
15.6786393856681));
#6046=CARTESIAN_POINT('Ctrl Pts',(-16.2081173915809,-0.585573153646905,
22.1044511410953));
#6047=CARTESIAN_POINT('Ctrl Pts',(-37.7616813531532,-2.09305938203659,1.89489488956453));
#6048=CARTESIAN_POINT('Ctrl Pts',(-30.4469943131354,-1.68790493399926,8.50124792058112));
#6049=CARTESIAN_POINT('Ctrl Pts',(-23.1323562089106,-1.28189827059854,15.1076498873906));
#6050=CARTESIAN_POINT('Ctrl Pts',(-15.8176691688928,-0.876743822561211,
21.7140029184072));
#6051=CARTESIAN_POINT('Ctrl Pts',(-36.3328809412418,-2.95192033969648,0.46609447765265));
#6052=CARTESIAN_POINT('Ctrl Pts',(-29.2950902699152,-2.37978188322113,7.34934387736045));
#6053=CARTESIAN_POINT('Ctrl Pts',(-22.2569618016223,-1.80864323256223,14.2322554801021));
#6054=CARTESIAN_POINT('Ctrl Pts',(-15.2191711302957,-1.23650477608688,21.1155048798099));
#6055=CARTESIAN_POINT('Ctrl Pts',(-34.6349651306106,-3.50810878978328,-1.23182133297771));
#6056=CARTESIAN_POINT('Ctrl Pts',(-27.9259050470279,-2.82868595848018,5.98015865447399));
#6057=CARTESIAN_POINT('Ctrl Pts',(-21.217005717375,-2.14890465141394,13.1922993958552));
#6058=CARTESIAN_POINT('Ctrl Pts',(-14.5079456337923,-1.46948182011083,20.4042793833069));
#6059=CARTESIAN_POINT('Ctrl Pts',(-33.9098783602695,-3.5931399032157,-1.95690810331928));
#6060=CARTESIAN_POINT('Ctrl Pts',(-27.3414901864454,-2.89669306104098,5.39574379389104));
#6061=CARTESIAN_POINT('Ctrl Pts',(-20.7726083843564,-2.20154662136842,12.7479020628364));
#6062=CARTESIAN_POINT('Ctrl Pts',(-14.2042202105323,-1.50509977919369,20.1005539600467));
#6063=CARTESIAN_POINT('Ctrl Pts',(-33.6698248759326,-3.58462860334887,-2.19696158765613));
#6064=CARTESIAN_POINT('Ctrl Pts',(-27.1477720007836,-2.89026391998741,5.20202560822925));
#6065=CARTESIAN_POINT('Ctrl Pts',(-20.6257191256346,-2.19589923662595,12.6010128041146));
#6066=CARTESIAN_POINT('Ctrl Pts',(-14.1036662504856,-1.50153455326448,20.));
#6067=CARTESIAN_POINT('Ctrl Pts',(-14.1036662504856,-1.50153455326449,20.));
#6068=CARTESIAN_POINT('Ctrl Pts',(-14.1644211603184,-1.50570984091812,20.));
#6069=CARTESIAN_POINT('Ctrl Pts',(-14.2262474168573,-1.5083621236893,19.9999832091899));
#6070=CARTESIAN_POINT('Ctrl Pts',(-14.28902069893,-1.50966634284966,19.9999611324676));
#6071=CARTESIAN_POINT('Ctrl Pts',(-14.3549244042205,-1.51103560174995,19.9999379548074));
#6072=CARTESIAN_POINT('Ctrl Pts',(-14.4218719828138,-1.51091905884561,19.9999089896055));
#6073=CARTESIAN_POINT('Ctrl Pts',(-14.4897120627077,-1.50957805829154,19.9998800415448));
#6074=CARTESIAN_POINT('Ctrl Pts',(-14.5541322790858,-1.50830465846666,19.9998525527751));
#6075=CARTESIAN_POINT('Ctrl Pts',(-14.619357197468,-1.5059281024289,19.9998249952773));
#6076=CARTESIAN_POINT('Ctrl Pts',(-14.6852511418066,-1.50271478883664,19.9997962776788));
#6077=CARTESIAN_POINT('Ctrl Pts',(-14.7759465802571,-1.49829203211667,19.9997567512061));
#6078=CARTESIAN_POINT('Ctrl Pts',(-14.8679097192319,-1.49228573624099,19.9997153008345));
#6079=CARTESIAN_POINT('Ctrl Pts',(-14.9608080306547,-1.48477955589532,19.9996903243938));
#6080=CARTESIAN_POINT('Ctrl Pts',(-15.057716105383,-1.47694938681344,19.9996642698968));
#6081=CARTESIAN_POINT('Ctrl Pts',(-15.1556418475556,-1.46748714642381,19.999656165317));
#6082=CARTESIAN_POINT('Ctrl Pts',(-15.2541923358069,-1.4565408035657,19.999671445751));
#6083=CARTESIAN_POINT('Ctrl Pts',(-15.3562631144422,-1.44520344990503,19.9996872720125));
#6084=CARTESIAN_POINT('Ctrl Pts',(-15.4590040328931,-1.4322744305903,19.9997281476563));
#6085=CARTESIAN_POINT('Ctrl Pts',(-15.5619624244538,-1.41797033244578,19.9997839941547));
#6086=CARTESIAN_POINT('Ctrl Pts',(-15.672252353922,-1.40264765741608,19.9998438174123));
#6087=CARTESIAN_POINT('Ctrl Pts',(-15.7827918278895,-1.38574750026168,19.9999208162255));
#6088=CARTESIAN_POINT('Ctrl Pts',(-15.8930064115819,-1.36758941334729,19.9999845849295));
#6089=CARTESIAN_POINT('Ctrl Pts',(-15.9024401624303,-1.36603518284443,19.9999900431733));
#6090=CARTESIAN_POINT('Ctrl Pts',(-15.9118715229152,-1.36447176379133,19.9999953944008));
#6091=CARTESIAN_POINT('Ctrl Pts',(-15.9213001273026,-1.36289937128901,20.0000006140382));
#6092=CARTESIAN_POINT('Ctrl Pts',(-16.0331981335303,-1.34423832891318,20.0000625603233));
#6093=CARTESIAN_POINT('Ctrl Pts',(-16.1447094288471,-1.32430882282431,20.0001074516124));
#6094=CARTESIAN_POINT('Ctrl Pts',(-16.2552367627613,-1.30334305764434,20.0001083106044));
#6095=CARTESIAN_POINT('Ctrl Pts',(-16.4227501420776,-1.27156769447512,20.0001096124782));
#6096=CARTESIAN_POINT('Ctrl Pts',(-16.5908502105944,-1.23685921761333,20.0000774317056));
#6097=CARTESIAN_POINT('Ctrl Pts',(-16.7590944575296,-1.19948327622914,20.0000441733525));
#6098=CARTESIAN_POINT('Ctrl Pts',(-16.9331717403488,-1.16081150921487,20.0000097619308));
#6099=CARTESIAN_POINT('Ctrl Pts',(-17.1074033246544,-1.1192841110142,19.9999741493328));
#6100=CARTESIAN_POINT('Ctrl Pts',(-17.2812792730635,-1.07524457202831,19.9999534424433));
#6101=CARTESIAN_POINT('Ctrl Pts',(-17.459603895856,-1.03007826668553,19.999932205761));
#6102=CARTESIAN_POINT('Ctrl Pts',(-17.6375543377181,-0.982269812154385,
19.9999265331753));
#6103=CARTESIAN_POINT('Ctrl Pts',(-17.8145613397671,-0.93223914887329,19.9999346289984));
#6104=CARTESIAN_POINT('Ctrl Pts',(-18.0008793253779,-0.879576755332916,
19.9999431506808));
#6105=CARTESIAN_POINT('Ctrl Pts',(-18.1861519198672,-0.82445234156903,19.9999668408615));
#6106=CARTESIAN_POINT('Ctrl Pts',(-18.3696956992791,-0.767407651005824,
19.9999840815835));
#6107=CARTESIAN_POINT('Ctrl Pts',(-18.4679289283309,-0.736877146663815,
19.9999933088741));
#6108=CARTESIAN_POINT('Ctrl Pts',(-18.565666633444,-0.705797450683797,20.0000003709902));
#6109=CARTESIAN_POINT('Ctrl Pts',(-18.6628020885341,-0.674256954761914,
20.));
#6110=CARTESIAN_POINT('Ctrl Pts',(-33.6698248759219,3.58462860334772,-2.19696158764336));
#6111=CARTESIAN_POINT('Ctrl Pts',(-27.1477720007766,2.89026391998665,5.20202560823776));
#6112=CARTESIAN_POINT('Ctrl Pts',(-20.6257191256312,2.19589923662558,12.6010128041189));
#6113=CARTESIAN_POINT('Ctrl Pts',(-14.1036662504859,1.5015345532645,20.));
#6114=CARTESIAN_POINT('Ctrl Pts',(-34.1499318445948,3.60165120308137,-1.71685461897016));
#6115=CARTESIAN_POINT('Ctrl Pts',(-27.5349512718666,2.90550756410485,5.58920487932813));
#6116=CARTESIAN_POINT('Ctrl Pts',(-20.9197547433071,2.20480864409944,12.8950484217949));
#6117=CARTESIAN_POINT('Ctrl Pts',(-14.3047741705789,1.50866500512292,20.2011079200932));
#6118=CARTESIAN_POINT('Ctrl Pts',(-35.1218692213069,3.38413676106926,-0.744917242258189));
#6119=CARTESIAN_POINT('Ctrl Pts',(-28.3185522662514,2.72868578947113,6.37280587371277));
#6120=CARTESIAN_POINT('Ctrl Pts',(-21.515217697514,2.07300320419834,13.4905113760018));
#6121=CARTESIAN_POINT('Ctrl Pts',(-14.7119007424585,1.41755223260021,20.6082344919727));
#6122=CARTESIAN_POINT('Ctrl Pts',(-36.810132311121,2.67824362392386,0.943345847555537));
#6123=CARTESIAN_POINT('Ctrl Pts',(-29.6798174979054,2.16021168049617,7.73407110536633));
#6124=CARTESIAN_POINT('Ctrl Pts',(-22.5493977061457,1.63989861034719,14.5246913846333));
#6125=CARTESIAN_POINT('Ctrl Pts',(-15.41908289293,1.1218666669195,21.3154166424441));
#6126=CARTESIAN_POINT('Ctrl Pts',(-37.9947115994522,1.91928071241174,2.12792513588738));
#6127=CARTESIAN_POINT('Ctrl Pts',(-30.634864717044,1.54782663572857,8.68911832450562));
#6128=CARTESIAN_POINT('Ctrl Pts',(-23.2751281069728,1.17540523201595,15.2504217854607));
#6129=CARTESIAN_POINT('Ctrl Pts',(-15.9152812245646,0.803951155332784,21.8116149740789));
#6130=CARTESIAN_POINT('Ctrl Pts',(-38.6938023383898,1.39794470353788,2.82701587482446));
#6131=CARTESIAN_POINT('Ctrl Pts',(-31.1985740227869,1.12715418690756,9.25282763024804));
#6132=CARTESIAN_POINT('Ctrl Pts',(-23.703345707184,0.856363670277232,15.6786393856716));
#6133=CARTESIAN_POINT('Ctrl Pts',(-16.2081173915811,0.585573153646908,22.1044511410952));
#6134=CARTESIAN_POINT('Ctrl Pts',(-18.6628020885341,0.674256954761912,20.));
#6135=CARTESIAN_POINT('Ctrl Pts',(-18.4798849594292,0.733645510234091,20.0000020990418));
#6136=CARTESIAN_POINT('Ctrl Pts',(-18.294606775221,0.79156182642625,19.9999567627897));
#6137=CARTESIAN_POINT('Ctrl Pts',(-18.1077366278819,0.847348667957959,19.9999095550761));
#6138=CARTESIAN_POINT('Ctrl Pts',(-17.9295863607256,0.900532340493119,19.9998645502056));
#6139=CARTESIAN_POINT('Ctrl Pts',(-17.7499893768199,0.951780205553195,19.9998179863556));
#6140=CARTESIAN_POINT('Ctrl Pts',(-17.5695956876617,1.00056126920262,19.9997929796326));
#6141=CARTESIAN_POINT('Ctrl Pts',(-17.3988489034506,1.04673367017413,19.999769310193));
#6142=CARTESIAN_POINT('Ctrl Pts',(-17.2273884016858,1.09069589020869,19.9997650092748));
#6143=CARTESIAN_POINT('Ctrl Pts',(-17.055749051843,1.13203689389927,19.9997833418459));
#6144=CARTESIAN_POINT('Ctrl Pts',(-16.8948973723075,1.17077958246928,19.9998005222003));
#6145=CARTESIAN_POINT('Ctrl Pts',(-16.7338886000321,1.20722024889963,19.9998375607242));
#6146=CARTESIAN_POINT('Ctrl Pts',(-16.5731480396817,1.24105650637379,19.9998822249941));
#6147=CARTESIAN_POINT('Ctrl Pts',(-16.4131377485118,1.27473904050666,19.9999266863474));
#6148=CARTESIAN_POINT('Ctrl Pts',(-16.2533932832442,1.30584012720631,19.9999787498118));
#6149=CARTESIAN_POINT('Ctrl Pts',(-16.0943271542191,1.33413919009742,20.0000193249833));
#6150=CARTESIAN_POINT('Ctrl Pts',(-15.9832434418214,1.35390181953075,20.0000476606241));
#6151=CARTESIAN_POINT('Ctrl Pts',(-15.8724902308905,1.37229883832835,20.0000700760454));
#6152=CARTESIAN_POINT('Ctrl Pts',(-15.7622030881489,1.38926857321121,20.0000751437684));
#6153=CARTESIAN_POINT('Ctrl Pts',(-15.6260513412184,1.41021806008535,20.0000813999766));
#6154=CARTESIAN_POINT('Ctrl Pts',(-15.4984631704611,1.42776539750555,20.0001582358965));
#6155=CARTESIAN_POINT('Ctrl Pts',(-15.3792861334134,1.44258178466491,20.0002432100581));
#6156=CARTESIAN_POINT('Ctrl Pts',(-15.3494767561679,1.44628776096027,20.0002644643777));
#6157=CARTESIAN_POINT('Ctrl Pts',(-15.3201936711562,1.44982264488856,20.000286290606));
#6158=CARTESIAN_POINT('Ctrl Pts',(-15.2914346296959,1.4531964459695,20.0003078484677));
#6159=CARTESIAN_POINT('Ctrl Pts',(-15.2233262269705,1.46118642724383,20.0003589027258));
#6160=CARTESIAN_POINT('Ctrl Pts',(-15.1581572463388,1.46826828350803,20.0004087360571));
#6161=CARTESIAN_POINT('Ctrl Pts',(-15.0959085616278,1.47445861634431,20.0004569294168));
#6162=CARTESIAN_POINT('Ctrl Pts',(-15.029672097316,1.48104551471639,20.000508210143));
#6163=CARTESIAN_POINT('Ctrl Pts',(-14.9667419883757,1.48662342663847,20.0005575483494));
#6164=CARTESIAN_POINT('Ctrl Pts',(-14.9070924564525,1.49127115456232,20.0006017032999));
#6165=CARTESIAN_POINT('Ctrl Pts',(-14.8388986096774,1.49658463206452,20.0006521830914));
#6166=CARTESIAN_POINT('Ctrl Pts',(-14.7749923330712,1.50068254163587,20.0006957373424));
#6167=CARTESIAN_POINT('Ctrl Pts',(-14.7153335240587,1.50375336950063,20.0007259396301));
#6168=CARTESIAN_POINT('Ctrl Pts',(-14.6460238345299,1.507320958754,20.0007610276785));
#6169=CARTESIAN_POINT('Ctrl Pts',(-14.582446565912,1.50950363744919,20.00077768861));
#6170=CARTESIAN_POINT('Ctrl Pts',(-14.5245414406502,1.51067516315189,20.0007684505431));
#6171=CARTESIAN_POINT('Ctrl Pts',(-14.4560680840305,1.51206050334186,20.000757526442));
#6172=CARTESIAN_POINT('Ctrl Pts',(-14.3955251475105,1.51203703492989,20.0007092871368));
#6173=CARTESIAN_POINT('Ctrl Pts',(-14.3428290471031,1.51127254381632,20.0006274647591));
#6174=CARTESIAN_POINT('Ctrl Pts',(-14.3003191160178,1.51065582902524,20.0005614586674));
#6175=CARTESIAN_POINT('Ctrl Pts',(-14.2629158049184,1.50955937735345,20.0004737756015));
#6176=CARTESIAN_POINT('Ctrl Pts',(-14.2305886692333,1.50831067387335,20.000379809468));
#6177=CARTESIAN_POINT('Ctrl Pts',(-14.2008668001691,1.5071626042857,20.0002934161313));
#6178=CARTESIAN_POINT('Ctrl Pts',(-14.1754359026435,1.50588676816481,20.0002017238006));
#6179=CARTESIAN_POINT('Ctrl Pts',(-14.1542840168323,1.50469583295039,20.0001283978149));
#6180=CARTESIAN_POINT('Ctrl Pts',(-14.1346414867093,1.50358988045836,20.0000603042228));
#6181=CARTESIAN_POINT('Ctrl Pts',(-14.1186891161224,1.5025574309499,20.0000080917917));
#6182=CARTESIAN_POINT('Ctrl Pts',(-14.1064274578996,1.50172334608603,20.0000008433559));
#6183=CARTESIAN_POINT('Ctrl Pts',(-14.1054852573039,1.50165925399984,20.0000002863774));
#6184=CARTESIAN_POINT('Ctrl Pts',(-14.1045648538887,1.50159630840008,20.));
#6185=CARTESIAN_POINT('Ctrl Pts',(-14.1036662504859,1.5015345532645,20.));
#6186=CARTESIAN_POINT('Origin',(0.,0.,1.11022302462516E-15));
#6187=CARTESIAN_POINT('Origin',(0.,0.,20.));
#6188=CARTESIAN_POINT('Origin',(-28.9848285728855,14.1813407496649,-3.91286627956439));
#6189=CARTESIAN_POINT('',(-12.7395560384929,6.2347188919663,20.));
#6190=CARTESIAN_POINT('',(-30.4696453627698,14.9117970046033,-2.26776414588395));
#6191=CARTESIAN_POINT('',(-11.8014115671416,5.77432044567944,20.));
#6192=CARTESIAN_POINT('',(-6.9440089935942,3.39052917882928,20.));
#6193=CARTESIAN_POINT('',(-27.8570601114903,13.6301993065106,-1.76776695296637));
#6194=CARTESIAN_POINT('Origin',(-35.9486670723182,14.5746640123201,2.76552584936398));
#6195=CARTESIAN_POINT('',(-17.3066879454774,7.01664853008238,20.));
#6196=CARTESIAN_POINT('',(-16.2023806708231,10.0507078313346,20.));
#6197=CARTESIAN_POINT('',(-35.9486670723182,14.5746640123201,2.76552584936398));
#6198=CARTESIAN_POINT('Ctrl Pts',(-30.4132707903714,14.8842073766369,-2.19696158764336));
#6199=CARTESIAN_POINT('Ctrl Pts',(-24.5220325397452,12.0010445484134,5.20202560823776));
#6200=CARTESIAN_POINT('Ctrl Pts',(-18.630794289119,9.11788172018985,12.6010128041189));
#6201=CARTESIAN_POINT('Ctrl Pts',(-12.7395560384929,6.2347188919663,20.));
#6202=CARTESIAN_POINT('Ctrl Pts',(-30.8586016940206,15.0644096422303,-1.71685461896988));
#6203=CARTESIAN_POINT('Ctrl Pts',(-24.8806308772222,12.1478283136168,5.58920082420426));
#6204=CARTESIAN_POINT('Ctrl Pts',(-18.9040677256178,9.22678361322816,12.8950524769192));
#6205=CARTESIAN_POINT('Ctrl Pts',(-12.9260969088194,6.31020228461465,20.2011079200933));
#6206=CARTESIAN_POINT('Ctrl Pts',(-31.8463119683066,15.1924565477975,-0.744915941754906));
#6207=CARTESIAN_POINT('Ctrl Pts',(-25.6774952326779,12.2495952086113,6.37281470680461));
#6208=CARTESIAN_POINT('Ctrl Pts',(-19.5086471910894,9.30670010178022,13.49050438817));
#6209=CARTESIAN_POINT('Ctrl Pts',(-13.3398304554607,6.36383876259404,20.6082350367295));
#6210=CARTESIAN_POINT('Ctrl Pts',(-33.6738629417358,15.1074688204015,0.943352707382308));
#6211=CARTESIAN_POINT('Ctrl Pts',(-27.1507163211492,12.1820076723374,7.73407339358448));
#6212=CARTESIAN_POINT('Ctrl Pts',(-20.628504342078,9.25370012518259,14.5246988296963));
#6213=CARTESIAN_POINT('Ctrl Pts',(-14.1053577214914,6.32823897711853,21.3154195158985));
#6214=CARTESIAN_POINT('Ctrl Pts',(-35.0469174545538,14.798490629532,2.12792513588782));
#6215=CARTESIAN_POINT('Ctrl Pts',(-28.2579785370066,11.9322011458565,8.68912066310937));
#6216=CARTESIAN_POINT('Ctrl Pts',(-21.4694437526297,9.06510321730791,15.2504194468576));
#6217=CARTESIAN_POINT('Ctrl Pts',(-14.6805048350826,6.19881373363239,21.8116149740791));
#6218=CARTESIAN_POINT('Ctrl Pts',(-35.882155279668,14.5476981437725,2.82701587482446));
#6219=CARTESIAN_POINT('Ctrl Pts',(-28.9315603516995,11.729719230755,9.25282763024804));
#6220=CARTESIAN_POINT('Ctrl Pts',(-21.980965423731,8.91174031773759,15.6786393856716));
#6221=CARTESIAN_POINT('Ctrl Pts',(-15.0303704957625,6.09376140472016,22.1044511410952));
#6222=CARTESIAN_POINT('Ctrl Pts',(-17.3066879454774,7.01664853008239,20.));
#6223=CARTESIAN_POINT('Ctrl Pts',(-17.1127941263629,7.00983580458025,20.000001982832));
#6224=CARTESIAN_POINT('Ctrl Pts',(-16.9171496095619,7.0008082147923,19.999955934052));
#6225=CARTESIAN_POINT('Ctrl Pts',(-16.720729415477,6.98919508593649,19.9999084517904));
#6226=CARTESIAN_POINT('Ctrl Pts',(-16.5339054624539,6.97814932432366,19.9998632893067));
#6227=CARTESIAN_POINT('Ctrl Pts',(-16.3463800615882,6.96476410659107,19.9998169702881));
#6228=CARTESIAN_POINT('Ctrl Pts',(-16.1589634350557,6.94875019953429,19.9997927315501));
#6229=CARTESIAN_POINT('Ctrl Pts',(-15.9818915053105,6.93362020024998,19.9997698306998));
#6230=CARTESIAN_POINT('Ctrl Pts',(-15.8049167803486,6.916143546564,19.9997666911042));
#6231=CARTESIAN_POINT('Ctrl Pts',(-15.6286936204988,6.89610703552857,19.9997862007619));
#6232=CARTESIAN_POINT('Ctrl Pts',(-15.4680526879376,6.87784221823243,19.9998039853119));
#6233=CARTESIAN_POINT('Ctrl Pts',(-15.3080361349683,6.85745038805269,19.9998405035187));
#6234=CARTESIAN_POINT('Ctrl Pts',(-15.14911555493,6.83479578376977,19.9998841172785));
#6235=CARTESIAN_POINT('Ctrl Pts',(-14.9880018644748,6.81182854503365,19.9999283329098));
#6236=CARTESIAN_POINT('Ctrl Pts',(-14.828014998776,6.78653483141194,19.99997993221));
#6237=CARTESIAN_POINT('Ctrl Pts',(-14.6696091947804,6.75885608897343,20.0000202334089));
#6238=CARTESIAN_POINT('Ctrl Pts',(-14.5577065857245,6.73930299548739,20.000048703384));
#6239=CARTESIAN_POINT('Ctrl Pts',(-14.4465923889017,6.71856042603697,20.000071224438));
#6240=CARTESIAN_POINT('Ctrl Pts',(-14.3364172058974,6.69661921847199,20.0000761773321));
#6241=CARTESIAN_POINT('Ctrl Pts',(-14.2030389621254,6.67005715929084,20.0000821733133));
#6242=CARTESIAN_POINT('Ctrl Pts',(-14.0786384143977,6.64323426604843,20.0001570191525));
#6243=CARTESIAN_POINT('Ctrl Pts',(-13.9628552187354,6.61671147960473,20.0002405639198));
#6244=CARTESIAN_POINT('Ctrl Pts',(-13.9320290355627,6.60965003801566,20.0002628069257));
#6245=CARTESIAN_POINT('Ctrl Pts',(-13.9018138381946,6.60260964272152,20.0002857329505));
#6246=CARTESIAN_POINT('Ctrl Pts',(-13.8722031816708,6.59560036555671,20.0003083649775));
#6247=CARTESIAN_POINT('Ctrl Pts',(-13.8054910937177,6.57980863482185,20.000359354383));
#6248=CARTESIAN_POINT('Ctrl Pts',(-13.741849469097,6.56417054260827,20.0004091378634));
#6249=CARTESIAN_POINT('Ctrl Pts',(-13.6812548187646,6.54869472346815,20.0004572880105));
#6250=CARTESIAN_POINT('Ctrl Pts',(-13.6167867480702,6.53222963625491,20.0005085160822));
#6251=CARTESIAN_POINT('Ctrl Pts',(-13.5557674244819,6.51594859714842,20.0005578098646));
#6252=CARTESIAN_POINT('Ctrl Pts',(-13.498145891379,6.49991631668029,20.000601928555));
#6253=CARTESIAN_POINT('Ctrl Pts',(-13.4322927822572,6.48159373034343,20.0006523498606));
#6254=CARTESIAN_POINT('Ctrl Pts',(-13.3708773898017,6.46359617351792,20.0006958614452));
#6255=CARTESIAN_POINT('Ctrl Pts',(-13.3137979920882,6.44608612859325,20.0007260497156));
#6256=CARTESIAN_POINT('Ctrl Pts',(-13.2475277804748,6.42575665020001,20.0007610988428));
#6257=CARTESIAN_POINT('Ctrl Pts',(-13.1871014927392,6.40608543954468,20.0007777857289));
#6258=CARTESIAN_POINT('Ctrl Pts',(-13.1323356523509,6.38740105922414,20.0007686605167));
#6259=CARTESIAN_POINT('Ctrl Pts',(-13.0673660577056,6.36523547923816,20.0007578351311));
#6260=CARTESIAN_POINT('Ctrl Pts',(-13.0103598775149,6.34446312961154,20.0007095709447));
#6261=CARTESIAN_POINT('Ctrl Pts',(-12.9610086718583,6.32568564285502,20.0006275960909));
#6262=CARTESIAN_POINT('Ctrl Pts',(-12.9212494504893,6.31055778036868,20.0005615540091));
#6263=CARTESIAN_POINT('Ctrl Pts',(-12.8864580238703,6.2967271142996,20.0004738128092));
#6264=CARTESIAN_POINT('Ctrl Pts',(-12.856493611814,6.28449127881572,20.0003797881898));
#6265=CARTESIAN_POINT('Ctrl Pts',(-12.828960297649,6.27324817143166,20.0002933920549));
#6266=CARTESIAN_POINT('Ctrl Pts',(-12.8055022063681,6.26335248833042,20.000201703999));
#6267=CARTESIAN_POINT('Ctrl Pts',(-12.7860354027328,6.25499988028287,20.0001283840337));
#6268=CARTESIAN_POINT('Ctrl Pts',(-12.7679548536522,6.24724207152367,20.0000602852714));
#6269=CARTESIAN_POINT('Ctrl Pts',(-12.7533173239805,6.24081568077327,20.000008073876));
#6270=CARTESIAN_POINT('Ctrl Pts',(-12.742080624685,6.23583823859288,20.0000008398035));
#6271=CARTESIAN_POINT('Ctrl Pts',(-12.741219095231,6.23545661290984,20.0000002851596));
#6272=CARTESIAN_POINT('Ctrl Pts',(-12.7403775706003,6.23508348336109,20.));
#6273=CARTESIAN_POINT('Ctrl Pts',(-12.7395560384929,6.2347188919663,20.));
#6274=CARTESIAN_POINT('Origin',(0.,0.,1.11022302462516E-15));
#6275=CARTESIAN_POINT('Origin',(0.,0.,20.));
#6276=CARTESIAN_POINT('Origin',(-22.3865253289345,23.2394964780788,-3.91286627956439));
#6277=CARTESIAN_POINT('',(-9.83886735243474,10.2159041176459,20.));
#6278=CARTESIAN_POINT('',(-23.5319659566006,24.43373808194,-2.26776414588395));
#6279=CARTESIAN_POINT('',(-9.11476545806077,9.46240678849713,20.));
#6280=CARTESIAN_POINT('',(-6.69458464016005,6.94397699772577,20.));
#6281=CARTESIAN_POINT('',(-21.5152711031867,22.3358734001329,-1.76776695296637));
#6282=CARTESIAN_POINT('Origin',(-28.7958685005296,25.9908724872521,2.76552584936398));
#6283=CARTESIAN_POINT('',(-13.8631318166849,12.5127287379715,20.));
#6284=CARTESIAN_POINT('',(-9.97732330290233,17.1436549944052,20.));
#6285=CARTESIAN_POINT('',(-28.7958685005296,25.9908724872521,2.76552584936398));
#6286=CARTESIAN_POINT('Ctrl Pts',(-23.4884273954292,24.3885310727981,-2.19696158764336));
#6287=CARTESIAN_POINT('Ctrl Pts',(-18.9385740477644,19.6643220877474,5.20202560823776));
#6288=CARTESIAN_POINT('Ctrl Pts',(-14.3887207000996,14.9401131026967,12.6010128041189));
#6289=CARTESIAN_POINT('Ctrl Pts',(-9.83886735243473,10.2159041176459,20.));
#6290=CARTESIAN_POINT('Ctrl Pts',(-23.8452687546907,24.7101779515188,-1.71685461896981));
#6291=CARTESIAN_POINT('Ctrl Pts',(-19.2253432549051,19.9249015635407,5.58920082420433));
#6292=CARTESIAN_POINT('Ctrl Pts',(-14.608267090769,15.1359124278929,12.8950524769192));
#6293=CARTESIAN_POINT('Ctrl Pts',(-9.98834159098335,10.3506360399148,20.2011079200934));
#6294=CARTESIAN_POINT('Ctrl Pts',(-24.7295639571078,25.1683913678916,-0.744911286445023));
#6295=CARTESIAN_POINT('Ctrl Pts',(-19.9392902486729,20.2931466993927,6.3728193621145));
#6296=CARTESIAN_POINT('Ctrl Pts',(-15.1490301871629,15.4178178248029,13.4905063381931));
#6297=CARTESIAN_POINT('Ctrl Pts',(-10.358756478728,10.542573156304,20.6082369867526));
#6298=CARTESIAN_POINT('Ctrl Pts',(-26.4759618640786,25.7135911880153,0.943354814843775));
#6299=CARTESIAN_POINT('Ctrl Pts',(-21.3467757615634,20.7335093926762,7.73407550104594));
#6300=CARTESIAN_POINT('Ctrl Pts',(-16.2194763302672,15.7510290620278,14.5246997124729));
#6301=CARTESIAN_POINT('Ctrl Pts',(-11.090290227752,10.7709472666888,21.3154203986751));
#6302=CARTESIAN_POINT('Ctrl Pts',(-27.8719478272212,25.8927841742702,2.12792513588807));
#6303=CARTESIAN_POINT('Ctrl Pts',(-22.4727607634554,20.8773992358154,8.68912066310962));
#6304=CARTESIAN_POINT('Ctrl Pts',(-17.0742299650788,15.8613928293637,15.2504194468577));
#6305=CARTESIAN_POINT('Ctrl Pts',(-11.6750429013129,10.8460078909089,21.8116149740792));
#6306=CARTESIAN_POINT('Ctrl Pts',(-28.7425907300065,25.9427844867098,2.82701587482445));
#6307=CARTESIAN_POINT('Ctrl Pts',(-23.1749735178415,20.9175070231545,9.25282763024803));
#6308=CARTESIAN_POINT('Ctrl Pts',(-17.6073563056765,15.8922295595993,15.6786393856716));
#6309=CARTESIAN_POINT('Ctrl Pts',(-12.0397390935114,10.8669520960441,22.1044511410952));
#6310=CARTESIAN_POINT('Ctrl Pts',(-13.8631318166849,12.5127287379715,20.));
#6311=CARTESIAN_POINT('Ctrl Pts',(-13.6831329921597,12.439959400347,20.0000019842466));
#6312=CARTESIAN_POINT('Ctrl Pts',(-13.5022442977986,12.36450743844,19.9999559061372));
#6313=CARTESIAN_POINT('Ctrl Pts',(-13.321511309554,12.2863575454312,19.999908450173));
#6314=CARTESIAN_POINT('Ctrl Pts',(-13.1496454812983,12.2120418589562,19.9998633225032));
#6315=CARTESIAN_POINT('Ctrl Pts',(-12.977920858654,12.1352862174681,19.999817088956));
#6316=CARTESIAN_POINT('Ctrl Pts',(-12.8071993664893,12.0560954795107,19.9997929940683));
#6317=CARTESIAN_POINT('Ctrl Pts',(-12.6459301811407,11.9812892812072,19.999770233238));
#6318=CARTESIAN_POINT('Ctrl Pts',(-12.4855562712786,11.9043100687492,19.999767278206));
#6319=CARTESIAN_POINT('Ctrl Pts',(-12.3267664493847,11.8251808592794,19.9997869847994));
#6320=CARTESIAN_POINT('Ctrl Pts',(-12.1823224533725,11.7532005580184,19.9998049110057));
#6321=CARTESIAN_POINT('Ctrl Pts',(-12.0391890423197,11.6794412935667,19.9998414970525));
#6322=CARTESIAN_POINT('Ctrl Pts',(-11.8978534868722,11.603936200813,19.999885147448));
#6323=CARTESIAN_POINT('Ctrl Pts',(-11.7543097729465,11.5272514529457,19.9999294798161));
#6324=CARTESIAN_POINT('Ctrl Pts',(-11.612621193507,11.4487652576547,19.9999811943703));
#6325=CARTESIAN_POINT('Ctrl Pts',(-11.4732346975741,11.3685778122271,20.0000215781787));
#6326=CARTESIAN_POINT('Ctrl Pts',(-11.3747684692313,11.3119313253573,20.0000501063462));
#6327=CARTESIAN_POINT('Ctrl Pts',(-11.2774502386356,11.2544363545346,20.0000726692992));
#6328=CARTESIAN_POINT('Ctrl Pts',(-11.181424683834,11.1961357485397,20.0000776362493));
#6329=CARTESIAN_POINT('Ctrl Pts',(-11.0651677845383,11.1255519576517,20.0000836496717));
#6330=CARTESIAN_POINT('Ctrl Pts',(-10.957437977696,11.0577933809571,20.000158479186));
#6331=CARTESIAN_POINT('Ctrl Pts',(-10.8577045634863,10.9932641166894,20.0002419605388));
#6332=CARTESIAN_POINT('Ctrl Pts',(-10.8311599795864,10.9760893063922,20.0002641795493));
#6333=CARTESIAN_POINT('Ctrl Pts',(-10.8051820708306,10.9591430960369,20.0002870778832));
#6334=CARTESIAN_POINT('Ctrl Pts',(-10.7797613409196,10.9424327433025,20.0003096793554));
#6335=CARTESIAN_POINT('Ctrl Pts',(-10.7224598557779,10.9047655310599,20.0003606258832));
#6336=CARTESIAN_POINT('Ctrl Pts',(-10.6679926765538,10.8682933172936,20.0004103509538));
#6337=CARTESIAN_POINT('Ctrl Pts',(-10.616334662264,10.8330163109379,20.0004584360549));
#6338=CARTESIAN_POINT('Ctrl Pts',(-10.5613722591895,10.7954827535753,20.0005095969975));
#6339=CARTESIAN_POINT('Ctrl Pts',(-10.5095895649888,10.7593024681341,20.0005588158688));
#6340=CARTESIAN_POINT('Ctrl Pts',(-10.4609164152109,10.7245189867899,20.0006028560772));
#6341=CARTESIAN_POINT('Ctrl Pts',(-10.4052840275862,10.6847621983777,20.0006531931103));
#6342=CARTESIAN_POINT('Ctrl Pts',(-10.3537137181534,10.6468302402426,20.0006966140422));
#6343=CARTESIAN_POINT('Ctrl Pts',(-10.3060540594926,10.610841258749,20.0007267041299));
#6344=CARTESIAN_POINT('Ctrl Pts',(-10.2507072274507,10.5690475034002,20.0007616475407));
#6345=CARTESIAN_POINT('Ctrl Pts',(-10.2006331336161,10.5298748171948,20.0007782087595));
#6346=CARTESIAN_POINT('Ctrl Pts',(-10.1555463872774,10.4935697506345,20.0007689334745));
#6347=CARTESIAN_POINT('Ctrl Pts',(-10.1021269906335,10.4505550088698,20.0007579439894));
#6348=CARTESIAN_POINT('Ctrl Pts',(-10.0557046170387,10.411568987253,20.0007095777932));
#6349=CARTESIAN_POINT('Ctrl Pts',(-10.0157846504741,10.3770706306467,20.0006275730328));
#6350=CARTESIAN_POINT('Ctrl Pts',(-9.98360741625738,10.3492634505276,20.0005614736191));
#6351=CARTESIAN_POINT('Ctrl Pts',(-9.95565336342,10.324373970086,20.0004736985723));
#6352=CARTESIAN_POINT('Ctrl Pts',(-9.93168856234735,10.3026335619769,20.0003796629937));
#6353=CARTESIAN_POINT('Ctrl Pts',(-9.90967217167924,10.2826607144342,20.0002932727905));
#6354=CARTESIAN_POINT('Ctrl Pts',(-9.89102213909591,10.2653464178353,20.0002016123031));
#6355=CARTESIAN_POINT('Ctrl Pts',(-9.87559286729576,10.2508456076241,20.000128322121));
#6356=CARTESIAN_POINT('Ctrl Pts',(-9.86125714643812,10.2373725435618,20.0000602263867));
#6357=CARTESIAN_POINT('Ctrl Pts',(-9.84970166621551,10.2263285365864,20.0000080307563));
#6358=CARTESIAN_POINT('Ctrl Pts',(-9.84084661091619,10.2178095703528,20.0000008314783));
#6359=CARTESIAN_POINT('Ctrl Pts',(-9.8401711336127,10.2171597304426,20.0000002823062));
#6360=CARTESIAN_POINT('Ctrl Pts',(-9.83951138929478,10.2165245679622,20.));
#6361=CARTESIAN_POINT('Ctrl Pts',(-9.83886735243473,10.2159041176459,20.));
#6362=CARTESIAN_POINT('Origin',(0.,0.,1.11022302462516E-15));
#6363=CARTESIAN_POINT('Origin',(0.,0.,20.));
#6364=CARTESIAN_POINT('Origin',(-13.0880767403877,29.4946259527967,-3.91286627956439));
#6365=CARTESIAN_POINT('',(-5.75146605745576,12.9649005360502,20.));
#6366=CARTESIAN_POINT('',(-13.7559841612359,31.0086097430259,-2.26776414588395));
#6367=CARTESIAN_POINT('',(-5.32874411512643,12.009187222371,20.));
#6368=CARTESIAN_POINT('',(-5.00828691799029,11.2846797409763,20.));
#6369=CARTESIAN_POINT('',(-12.5784228682554,28.3475115193157,-1.76776695296637));
#6370=CARTESIAN_POINT('Origin',(-18.1698632058199,34.2721981557966,2.76552584936398));
#6371=CARTESIAN_POINT('',(-8.74747739276492,16.4995891918528,20.));
#6372=CARTESIAN_POINT('',(-1.70175202498339,20.5674406295778,20.));
#6373=CARTESIAN_POINT('',(-18.1698632058199,34.2721981557966,2.76552584936398));
#6374=CARTESIAN_POINT('Ctrl Pts',(-13.7305330043295,30.9512379851955,-2.19696158764337));
#6375=CARTESIAN_POINT('Ctrl Pts',(-11.0708440220382,24.9557921688137,5.20202560823775));
#6376=CARTESIAN_POINT('Ctrl Pts',(-8.411155039747,18.960346352432,12.6010128041189));
#6377=CARTESIAN_POINT('Ctrl Pts',(-5.75146605745575,12.9649005360502,20.));
#6378=CARTESIAN_POINT('Ctrl Pts',(-13.9558444848586,31.3755341164674,-1.71685461896953));
#6379=CARTESIAN_POINT('Ctrl Pts',(-11.2511955001986,25.2987376246727,5.5892008242046));
#6380=CARTESIAN_POINT('Ctrl Pts',(-8.55049384971261,19.2194268214771,12.8950524769193));
#6381=CARTESIAN_POINT('Ctrl Pts',(-5.84584486505263,13.1426303296825,20.2011079200935));
#6382=CARTESIAN_POINT('Ctrl Pts',(-14.6301656871691,32.10851283116,-0.744915830457296));
#6383=CARTESIAN_POINT('Ctrl Pts',(-11.7962127120758,25.8889112913176,6.37281481810223));
#6384=CARTESIAN_POINT('Ctrl Pts',(-8.96225850687234,19.669263082156,13.4905044347905));
#6385=CARTESIAN_POINT('Ctrl Pts',(-6.12830553177903,13.4496615423137,20.60823508335));
#6386=CARTESIAN_POINT('Ctrl Pts',(-16.0847798691641,33.2181355882006,0.943352756754806));
#6387=CARTESIAN_POINT('Ctrl Pts',(-12.9682098274083,26.784104508284,7.73407344295696));
#6388=CARTESIAN_POINT('Ctrl Pts',(-9.8541865224834,20.3484930507124,14.5246988503776));
#6389=CARTESIAN_POINT('Ctrl Pts',(-6.73761648072761,13.9144619707958,21.3154195365797));
#6390=CARTESIAN_POINT('Ctrl Pts',(-17.335209945785,33.8640258107955,2.12792513588793));
#6391=CARTESIAN_POINT('Ctrl Pts',(-13.9769963792053,27.3044748603375,8.68912066310949));
#6392=CARTESIAN_POINT('Ctrl Pts',(-10.6196120549424,20.7445643769713,15.2504194468576));
#6393=CARTESIAN_POINT('Ctrl Pts',(-7.26139848836266,14.1850134265132,21.8116149740791));
#6394=CARTESIAN_POINT('Ctrl Pts',(-18.1362455428452,34.2087881458282,2.82701587482445));
#6395=CARTESIAN_POINT('Ctrl Pts',(-14.6231428515495,27.5823347590365,9.25282763024803));
#6396=CARTESIAN_POINT('Ctrl Pts',(-11.1100401602538,20.9558813722447,15.6786393856716));
#6397=CARTESIAN_POINT('Ctrl Pts',(-7.59693746895814,14.329427985453,22.1044511410952));
#6398=CARTESIAN_POINT('Ctrl Pts',(-8.74747739276492,16.4995891918528,20.));
#6399=CARTESIAN_POINT('Ctrl Pts',(-8.60332281106531,16.3697356037872,20.0000019828655));
#6400=CARTESIAN_POINT('Ctrl Pts',(-8.45925077442078,16.2370599291092,19.9999559333816));
#6401=CARTESIAN_POINT('Ctrl Pts',(-8.31624651799966,16.1019049560766,19.9999084517287));
#6402=CARTESIAN_POINT('Ctrl Pts',(-8.1802295298476,15.9733537309191,19.9998632900561));
#6403=CARTESIAN_POINT('Ctrl Pts',(-8.04517899306765,15.8425594608352,19.9998169730445));
#6404=CARTESIAN_POINT('Ctrl Pts',(-7.91190152963266,15.709821384109,19.9997927377001));
#6405=CARTESIAN_POINT('Ctrl Pts',(-7.78598102205467,15.5844104889321,19.9997698401538));
#6406=CARTESIAN_POINT('Ctrl Pts',(-7.661643416691,15.4572644199464,19.9997667049212));
#6407=CARTESIAN_POINT('Ctrl Pts',(-7.53952705256956,15.3286404671692,19.9997862192466));
#6408=CARTESIAN_POINT('Ctrl Pts',(-7.42821417484673,15.2113957192541,19.9998040071633));
#6409=CARTESIAN_POINT('Ctrl Pts',(-7.31874668607739,15.0929230377385,19.9998405269964));
#6410=CARTESIAN_POINT('Ctrl Pts',(-7.21157306653036,14.9734215259908,19.9998841416567));
#6411=CARTESIAN_POINT('Ctrl Pts',(-7.10291582293041,14.8522657329195,19.9999283600829));
#6412=CARTESIAN_POINT('Ctrl Pts',(-6.99661722455909,14.7300520552331,19.9999799621583));
#6413=CARTESIAN_POINT('Ctrl Pts',(-6.89306287786386,14.6070276134232,20.0000202653575));
#6414=CARTESIAN_POINT('Ctrl Pts',(-6.81990899927595,14.5201194790309,20.0000487367393));
#6415=CARTESIAN_POINT('Ctrl Pts',(-6.74812366985704,14.4328069285312,20.0000712588141));
#6416=CARTESIAN_POINT('Ctrl Pts',(-6.67782814741563,14.3451797471853,20.0000762120655));
#6417=CARTESIAN_POINT('Ctrl Pts',(-6.59272812102354,14.2390979487121,20.0000822084905));
#6418=CARTESIAN_POINT('Ctrl Pts',(-6.5146731096804,14.138587101001,20.0001570539845));
#6419=CARTESIAN_POINT('Ctrl Pts',(-6.44302650068334,14.0438452883626,20.0002405972702));
#6420=CARTESIAN_POINT('Ctrl Pts',(-6.42395142593787,14.0186213847766,20.0002628396965));
#6421=CARTESIAN_POINT('Ctrl Pts',(-6.40533085992208,13.9938063317961,20.0002857650517));
#6422=CARTESIAN_POINT('Ctrl Pts',(-6.38715339160514,13.9694037021309,20.0003083963405));
#6423=CARTESIAN_POINT('Ctrl Pts',(-6.34619947806819,13.9144244735631,20.0003593847306));
#6424=CARTESIAN_POINT('Ctrl Pts',(-6.3074989501779,13.8615366178628,20.0004091668222));
#6425=CARTESIAN_POINT('Ctrl Pts',(-6.2710282604637,13.8107316529625,20.0004573154207));
#6426=CARTESIAN_POINT('Ctrl Pts',(-6.2322262001586,13.7566790061025,20.0005085418942));
#6427=CARTESIAN_POINT('Ctrl Pts',(-6.19594776565428,13.7049841931466,20.0005578338909));
#6428=CARTESIAN_POINT('Ctrl Pts',(-6.16211232221395,13.6556640331575,20.0006019507093));
#6429=CARTESIAN_POINT('Ctrl Pts',(-6.12344318675027,13.5992980525823,20.000652370005));
#6430=CARTESIAN_POINT('Ctrl Pts',(-6.08796467206827,13.5460336302073,20.0006958794263));
#6431=CARTESIAN_POINT('Ctrl Pts',(-6.05549440491621,13.4959298526754,20.0007260653534));
#6432=CARTESIAN_POINT('Ctrl Pts',(-6.01779562561036,13.4377581338311,20.0007611119577));
#6433=CARTESIAN_POINT('Ctrl Pts',(-5.98415053772894,13.3838472153895,20.0007777958451));
#6434=CARTESIAN_POINT('Ctrl Pts',(-5.95420737607984,13.3343308619728,20.000768667053));
#6435=CARTESIAN_POINT('Ctrl Pts',(-5.91868639669353,13.2755905930055,20.0007578377478));
#6436=CARTESIAN_POINT('Ctrl Pts',(-5.88837001333061,13.2230362131548,20.0007095711245));
#6437=CARTESIAN_POINT('Ctrl Pts',(-5.86263525510864,13.1769303259518,20.0006275955558));
#6438=CARTESIAN_POINT('Ctrl Pts',(-5.84190209948279,13.1397852116903,20.0005615521056));
#6439=CARTESIAN_POINT('Ctrl Pts',(-5.82414064621948,13.1068270255104,20.0004738100978));
#6440=CARTESIAN_POINT('Ctrl Pts',(-5.80905174073305,13.0781932742989,20.0003797852162));
#6441=CARTESIAN_POINT('Ctrl Pts',(-5.79518710196749,13.0518827763368,20.0002933892201));
#6442=CARTESIAN_POINT('Ctrl Pts',(-5.7835781186137,13.0292239179165,20.0002017018189));
#6443=CARTESIAN_POINT('Ctrl Pts',(-5.77403473666357,13.0103126205928,20.0001283825614));
#6444=CARTESIAN_POINT('Ctrl Pts',(-5.76517087414384,12.9927478683464,20.0000602838705));
#6445=CARTESIAN_POINT('Ctrl Pts',(-5.75808870085195,12.9784161814432,20.0000080728498));
#6446=CARTESIAN_POINT('Ctrl Pts',(-5.75268035176563,12.9673804744883,20.0000008396049));
#6447=CARTESIAN_POINT('Ctrl Pts',(-5.75226573812712,12.9665344576094,20.0000002850916));
#6448=CARTESIAN_POINT('Ctrl Pts',(-5.75186098549663,12.9657078033721,20.));
#6449=CARTESIAN_POINT('Ctrl Pts',(-5.75146605745575,12.9649005360502,20.));
#6450=CARTESIAN_POINT('Origin',(0.,0.,1.11022302462516E-15));
#6451=CARTESIAN_POINT('Origin',(0.,0.,20.));
#6452=CARTESIAN_POINT('Origin',(-2.2110129375095,32.1922682432884,-3.91286627956439));
#6453=CARTESIAN_POINT('',(-0.970353073348855,14.1501386082534,20.));
#6454=CARTESIAN_POINT('',(-2.32082765932172,33.843385430763,-2.26776414588395));
#6455=CARTESIAN_POINT('',(-0.899997588020507,13.1074824404998,20.));
#6456=CARTESIAN_POINT('',(-1.05923693633632,15.4673821398009,20.));
#6457=CARTESIAN_POINT('',(-2.1244311976619,30.9400213845561,-1.76776695296637));
#6458=CARTESIAN_POINT('Origin',(-5.35230424986711,38.4197909229768,2.76552584936398));
#6459=CARTESIAN_POINT('',(-2.57674809626061,18.4963556811945,20.));
#6460=CARTESIAN_POINT('',(6.53076615203917,20.1022561703567,20.));
#6461=CARTESIAN_POINT('',(-5.35230424986711,38.4197909229768,2.76552584936398));
#6462=CARTESIAN_POINT('Ctrl Pts',(-2.31653369182237,33.7807688049553,-2.19696158764335));
#6463=CARTESIAN_POINT('Ctrl Pts',(-1.86780681899786,27.2372254060547,5.20202560823777));
#6464=CARTESIAN_POINT('Ctrl Pts',(-1.41907994617336,20.693682007154,12.6010128041189));
#6465=CARTESIAN_POINT('Ctrl Pts',(-0.970353073348855,14.1501386082534,20.));
#6466=CARTESIAN_POINT('Ctrl Pts',(-2.38313940382353,34.2565378134025,-1.71685461897011));
#6467=CARTESIAN_POINT('Ctrl Pts',(-1.92002773494135,27.621169585052,5.58920487932816));
#6468=CARTESIAN_POINT('Ctrl Pts',(-1.46136464179697,20.984797665475,12.895048421795));
#6469=CARTESIAN_POINT('Ctrl Pts',(-0.998252972914778,14.3494294371244,20.2011079200932));
#6470=CARTESIAN_POINT('Ctrl Pts',(-2.7660576906921,35.1759535293229,-0.744913830980833));
#6471=CARTESIAN_POINT('Ctrl Pts',(-2.2301672979054,28.3621763790168,6.37280928499013));
#6472=CARTESIAN_POINT('Ctrl Pts',(-1.69454074641563,21.5483328080324,13.4905128049227));
#6473=CARTESIAN_POINT('Ctrl Pts',(-1.15865035362893,14.7345556577263,20.6082359208937));
#6474=CARTESIAN_POINT('Ctrl Pts',(-3.75438334858453,36.7159905773965,0.943347543322812));
#6475=CARTESIAN_POINT('Ctrl Pts',(-3.02637904927368,29.6040459649744,7.73407280113361));
#6476=CARTESIAN_POINT('Ctrl Pts',(-2.30064597238008,22.4915932761101,14.5246920949588));
#6477=CARTESIAN_POINT('Ctrl Pts',(-1.57264167306923,15.3796486636881,21.3154173527696));
#6478=CARTESIAN_POINT('Ctrl Pts',(-4.70758990443654,37.7507661547465,2.12792513588844));
#6479=CARTESIAN_POINT('Ctrl Pts',(-3.79537676000428,30.4382295604652,8.68911832450667));
#6480=CARTESIAN_POINT('Ctrl Pts',(-2.88413539532017,23.1256335886596,15.2504217854611));
#6481=CARTESIAN_POINT('Ctrl Pts',(-1.97192225088791,15.8130969943783,21.8116149740794));
#6482=CARTESIAN_POINT('Ctrl Pts',(-5.34240148073932,38.3487070866166,2.82701587482446));
#6483=CARTESIAN_POINT('Ctrl Pts',(-4.30754534275703,30.9203258510719,9.25282763024803));
#6484=CARTESIAN_POINT('Ctrl Pts',(-3.27268920477474,23.4919446155272,15.6786393856716));
#6485=CARTESIAN_POINT('Ctrl Pts',(-2.23783306679245,16.0635633799825,22.1044511410952));
#6486=CARTESIAN_POINT('Ctrl Pts',(-2.5767480962606,18.4963556811945,20.));
#6487=CARTESIAN_POINT('Ctrl Pts',(-2.48644867187224,18.3264363121238,20.0000021002021));
#6488=CARTESIAN_POINT('Ctrl Pts',(-2.39718904864421,18.1539334988103,19.9999567424524));
#6489=CARTESIAN_POINT('Ctrl Pts',(-2.30975174182688,17.9794915038743,19.9999095552514));
#6490=CARTESIAN_POINT('Ctrl Pts',(-2.22640822556459,17.8132168349604,19.9998645773421));
#6491=CARTESIAN_POINT('Ctrl Pts',(-2.14472083012399,17.6451803819949,19.9998180790461));
#6492=CARTESIAN_POINT('Ctrl Pts',(-2.06532654567221,17.4759306125758,19.9997931821832));
#6493=CARTESIAN_POINT('Ctrl Pts',(-1.99018854931119,17.3157542390934,19.9997696200288));
#6494=CARTESIAN_POINT('Ctrl Pts',(-1.91710455630902,17.1544911791224,19.9997654603476));
#6495=CARTESIAN_POINT('Ctrl Pts',(-1.84657304540953,16.9925970343745,19.9997839430843));
#6496=CARTESIAN_POINT('Ctrl Pts',(-1.78058047522805,16.841121324114,19.9998012363946));
#6497=CARTESIAN_POINT('Ctrl Pts',(-1.71682236691098,16.6890931284351,19.9998383278442));
#6498=CARTESIAN_POINT('Ctrl Pts',(-1.65566928268355,16.5368772011527,19.999883017372));
#6499=CARTESIAN_POINT('Ctrl Pts',(-1.59471177612478,16.3851480855588,19.9999275639753));
#6500=CARTESIAN_POINT('Ctrl Pts',(-1.53634331716691,16.2332323707032,19.9999797091282));
#6501=CARTESIAN_POINT('Ctrl Pts',(-1.48085285176878,16.0814979513608,20.0000203410351));
#6502=CARTESIAN_POINT('Ctrl Pts',(-1.44210051633789,15.9755326639448,20.0000487167439));
#6503=CARTESIAN_POINT('Ctrl Pts',(-1.40475084435003,15.8696556414856,20.0000711598519));
#6504=CARTESIAN_POINT('Ctrl Pts',(-1.36888814742391,15.7639896714391,20.0000762346641));
#6505=CARTESIAN_POINT('Ctrl Pts',(-1.32461449226207,15.6335416259444,20.0000824996833));
#6506=CARTESIAN_POINT('Ctrl Pts',(-1.2851791120093,15.5109364380136,20.0001593149289));
#6507=CARTESIAN_POINT('Ctrl Pts',(-1.2498943302884,15.3961405603214,20.0002442350307));
#6508=CARTESIAN_POINT('Ctrl Pts',(-1.24106948431405,15.3674297141799,20.000265473842));
#6509=CARTESIAN_POINT('Ctrl Pts',(-1.23250450749252,15.3392073750657,20.0002872824074));
#6510=CARTESIAN_POINT('Ctrl Pts',(-1.22418915156585,15.3114730672244,20.0003088207003));
#6511=CARTESIAN_POINT('Ctrl Pts',(-1.20449106936324,15.2457738138781,20.0003598423362));
#6512=CARTESIAN_POINT('Ctrl Pts',(-1.18619841612518,15.1828126613556,20.0004096319468));
#6513=CARTESIAN_POINT('Ctrl Pts',(-1.16929139216901,15.1225736751063,20.0004577769119));
#6514=CARTESIAN_POINT('Ctrl Pts',(-1.15130071660797,15.0584736856259,20.0005090077169));
#6515=CARTESIAN_POINT('Ctrl Pts',(-1.13487855569379,14.997455987362,20.0005582905054));
#6516=CARTESIAN_POINT('Ctrl Pts',(-1.11994266796166,14.9395088932037,20.0006023874665));
#6517=CARTESIAN_POINT('Ctrl Pts',(-1.10286594092305,14.8732559374124,20.0006528050769));
#6518=CARTESIAN_POINT('Ctrl Pts',(-1.08773188490437,14.8110168061234,20.0006962924819));
#6519=CARTESIAN_POINT('Ctrl Pts',(-1.07434763486579,14.7527847528315,20.0007264221385));
#6520=CARTESIAN_POINT('Ctrl Pts',(-1.05879544478587,14.6851204489722,20.0007614321051));
#6521=CARTESIAN_POINT('Ctrl Pts',(-1.04560442713099,14.6228662970072,20.000777999676));
#6522=CARTESIAN_POINT('Ctrl Pts',(-1.03439541271836,14.5660278653444,20.0007686494109));
#6523=CARTESIAN_POINT('Ctrl Pts',(-1.02115334202427,14.4988802551699,20.0007576032237));
#6524=CARTESIAN_POINT('Ctrl Pts',(-1.01067222653134,14.4392909112501,20.0007092881841));
#6525=CARTESIAN_POINT('Ctrl Pts',(-1.00228092577082,14.387293433425,20.0006274439799));
#6526=CARTESIAN_POINT('Ctrl Pts',(-0.995509092980208,14.3453311399243,20.0005613951894));
#6527=CARTESIAN_POINT('Ctrl Pts',(-0.990095851332372,14.3083137252563,20.0004736869194));
#6528=CARTESIAN_POINT('Ctrl Pts',(-0.985713574597462,14.2762680570531,20.0003797127784));
#6529=CARTESIAN_POINT('Ctrl Pts',(-0.981685044632449,14.2468091838657,20.0002933244314));
#6530=CARTESIAN_POINT('Ctrl Pts',(-0.978526839578994,14.2215519671812,20.0002016534188));
#6531=CARTESIAN_POINT('Ctrl Pts',(-0.976027661254461,14.200521530743,20.0001283503325));
#6532=CARTESIAN_POINT('Ctrl Pts',(-0.97370617764001,14.1809863846845,20.0000602591875));
#6533=CARTESIAN_POINT('Ctrl Pts',(-0.971953060808391,14.1650984194902,20.0000080588344));
#6534=CARTESIAN_POINT('Ctrl Pts',(-0.970645472090184,14.1528798576163,20.0000008369781));
#6535=CARTESIAN_POINT('Ctrl Pts',(-0.970545384544125,14.15194460492,20.0000002841913));
#6536=CARTESIAN_POINT('Ctrl Pts',(-0.970447932401198,14.1510308516979,20.));
#6537=CARTESIAN_POINT('Ctrl Pts',(-0.970353073348855,14.1501386082534,20.));
#6538=CARTESIAN_POINT('Origin',(0.,0.,1.11022302462516E-15));
#6539=CARTESIAN_POINT('Origin',(0.,0.,20.));
#6540=CARTESIAN_POINT('Origin',(8.932731656708,31.0070478763605,-3.91286627956439));
#6541=CARTESIAN_POINT('',(3.92779881229007,13.6286611304968,20.));
#6542=CARTESIAN_POINT('',(9.39425491007496,32.5961493603767,-2.26776414588395));
#6543=CARTESIAN_POINT('',(3.63730193075045,12.6248218304661,20.));
#6544=CARTESIAN_POINT('',(5.19365402847238,18.0029429039119,20.));
#6545=CARTESIAN_POINT('',(8.58579822863487,29.8007080447354,-1.76776695296637));
#6546=CARTESIAN_POINT('Origin',(8.11082159021757,37.9333898891209,2.76552584936398));
#6547=CARTESIAN_POINT('',(3.90477504940447,18.2621886982472,20.));
#6548=CARTESIAN_POINT('',(13.0122892977043,16.6562882090853,20.));
#6549=CARTESIAN_POINT('',(8.11082159021757,37.9333898891209,2.76552584936398));
#6550=CARTESIAN_POINT('Ctrl Pts',(9.37687377231468,32.5358403557871,-2.19696158764336));
#6551=CARTESIAN_POINT('Ctrl Pts',(7.56051545230648,26.2334472806904,5.20202560823776));
#6552=CARTESIAN_POINT('Ctrl Pts',(5.74415713229827,19.9310542055936,12.6010128041189));
#6553=CARTESIAN_POINT('Ctrl Pts',(3.92779881229007,13.6286611304968,20.));
#6554=CARTESIAN_POINT('Ctrl Pts',(9.477007460704,33.0056974773885,-1.71685461897001));
#6555=CARTESIAN_POINT('Ctrl Pts',(7.6427604860734,26.6120973976433,5.58920487932826));
#6556=CARTESIAN_POINT('Ctrl Pts',(5.80398993503185,20.2190756591706,12.895048421795));
#6557=CARTESIAN_POINT('Ctrl Pts',(3.96974296040125,13.8254755794255,20.2011079200933));
#6558=CARTESIAN_POINT('Ctrl Pts',(9.4317106939538,34.0006226143166,-0.744910331457236));
#6559=CARTESIAN_POINT('Ctrl Pts',(7.60483390406866,27.4144811975466,6.37281278451373));
#6560=CARTESIAN_POINT('Ctrl Pts',(5.77764577335526,20.8283727152158,13.4905142708084));
#6561=CARTESIAN_POINT('Ctrl Pts',(3.95076898347011,14.2422312984458,20.6082373867793));
#6562=CARTESIAN_POINT('Ctrl Pts',(9.02972019800217,35.7858081983741,0.943349355227026));
#6563=CARTESIAN_POINT('Ctrl Pts',(7.28139215030018,28.853774191851,7.73407461303782));
#6564=CARTESIAN_POINT('Ctrl Pts',(5.53071065519117,21.9220464937785,14.5246928539319));
#6565=CARTESIAN_POINT('Ctrl Pts',(3.78238260748918,14.9900124872553,21.3154181117427));
#6566=CARTESIAN_POINT('Ctrl Pts',(8.48783495601504,37.0842069584631,2.12792513588793));
#6567=CARTESIAN_POINT('Ctrl Pts',(6.84400010237164,29.9006750111878,8.68911832450617));
#6568=CARTESIAN_POINT('Ctrl Pts',(5.19923176616048,22.71741963554,15.2504217854609));
#6569=CARTESIAN_POINT('Ctrl Pts',(3.55539691251708,15.5338876882646,21.8116149740791));
#6570=CARTESIAN_POINT('Ctrl Pts',(8.09581504539225,37.8632059861196,2.82701587482445));
#6571=CARTESIAN_POINT('Ctrl Pts',(6.52760570697051,30.5288693100596,9.25282763024803));
#6572=CARTESIAN_POINT('Ctrl Pts',(4.95939636854876,23.1945326339996,15.6786393856716));
#6573=CARTESIAN_POINT('Ctrl Pts',(3.39118703012702,15.8601959579396,22.1044511410952));
#6574=CARTESIAN_POINT('Ctrl Pts',(3.90477504940447,18.2621886982472,20.));
#6575=CARTESIAN_POINT('Ctrl Pts',(3.93152846743691,18.0715215894877,20.0000021014245));
#6576=CARTESIAN_POINT('Ctrl Pts',(3.95642033599579,17.8787798605704,19.9999567214982));
#6577=CARTESIAN_POINT('Ctrl Pts',(3.97893433707844,17.6848381480094,19.999909556515));
#6578=CARTESIAN_POINT('Ctrl Pts',(4.00039051286432,17.5000088295046,19.999864607589));
#6579=CARTESIAN_POINT('Ctrl Pts',(4.01968661779456,17.3140898561549,19.9998181790281));
#6580=CARTESIAN_POINT('Ctrl Pts',(4.03641067814267,17.1278154427928,19.9997933982032));
#6581=CARTESIAN_POINT('Ctrl Pts',(4.05223583597246,16.9515531039979,19.9997699493243));
#6582=CARTESIAN_POINT('Ctrl Pts',(4.06575785964641,16.7749725892863,19.9997659383303));
#6583=CARTESIAN_POINT('Ctrl Pts',(4.07666344020414,16.5986730359592,19.9997845783589));
#6584=CARTESIAN_POINT('Ctrl Pts',(4.08684996804759,16.4339976847253,19.9998019893688));
#6585=CARTESIAN_POINT('Ctrl Pts',(4.0947537744964,16.2695674254841,19.9998391347461));
#6586=CARTESIAN_POINT('Ctrl Pts',(4.10015190232541,16.1058498050205,19.9998838481415));
#6587=CARTESIAN_POINT('Ctrl Pts',(4.10554040767178,15.942424020914,19.9999284818326));
#6588=CARTESIAN_POINT('Ctrl Pts',(4.10843150539231,15.779708505998,19.9999807092299));
#6589=CARTESIAN_POINT('Ctrl Pts',(4.10867941314065,15.6181477731571,20.0000213974888));
#6590=CARTESIAN_POINT('Ctrl Pts',(4.10885254681228,15.5053170808713,20.0000498133318));
#6591=CARTESIAN_POINT('Ctrl Pts',(4.10773735130358,15.3930491436136,20.0000722836095));
#6592=CARTESIAN_POINT('Ctrl Pts',(4.10529656178673,15.2814881847315,20.0000773642013));
#6593=CARTESIAN_POINT('Ctrl Pts',(4.10228337589524,15.1437647534302,20.0000836362569));
#6594=CARTESIAN_POINT('Ctrl Pts',(4.09740550338749,15.0150660667401,20.0001604257649));
#6595=CARTESIAN_POINT('Ctrl Pts',(4.0912978509585,14.8951253698363,20.0002452870574));
#6596=CARTESIAN_POINT('Ctrl Pts',(4.08977030921365,14.8651278505674,20.000266511115));
#6597=CARTESIAN_POINT('Ctrl Pts',(4.08816562276188,14.8356782590714,20.0002883028904));
#6598=CARTESIAN_POINT('Ctrl Pts',(4.0864932618338,14.8067726427667,20.000309822423));
#6599=CARTESIAN_POINT('Ctrl Pts',(4.08253084245473,14.7382849304038,20.0003608098693));
#6600=CARTESIAN_POINT('Ctrl Pts',(4.07818394965538,14.672852106844,20.0004105540408));
#6601=CARTESIAN_POINT('Ctrl Pts',(4.07346586985544,14.6104523988501,20.0004586488739));
#6602=CARTESIAN_POINT('Ctrl Pts',(4.06844522748092,14.5440511018403,20.0005098279483));
#6603=CARTESIAN_POINT('Ctrl Pts',(4.06300466497577,14.4810842533417,20.0005590534816));
#6604=CARTESIAN_POINT('Ctrl Pts',(4.05721762632152,14.4215127018381,20.0006030906271));
#6605=CARTESIAN_POINT('Ctrl Pts',(4.05060054627666,14.3533967364459,20.0006534440692));
#6606=CARTESIAN_POINT('Ctrl Pts',(4.04353062741939,14.2897197189096,20.0006968626181));
#6607=CARTESIAN_POINT('Ctrl Pts',(4.03618707058788,14.2304092639217,20.0007269175346));
#6608=CARTESIAN_POINT('Ctrl Pts',(4.02765244829618,14.1614791333481,20.0007618471152));
#6609=CARTESIAN_POINT('Ctrl Pts',(4.01874948565137,14.0984462389124,20.000778318668));
#6610=CARTESIAN_POINT('Ctrl Pts',(4.00983700076687,14.0411859376301,20.0007688530524));
#6611=CARTESIAN_POINT('Ctrl Pts',(3.99931834602799,13.9736064300923,20.0007576815842));
#6612=CARTESIAN_POINT('Ctrl Pts',(3.98879127993923,13.9140656546586,20.0007092887928));
#6613=CARTESIAN_POINT('Ctrl Pts',(3.97889696697879,13.8623659526199,20.0006274220916));
#6614=CARTESIAN_POINT('Ctrl Pts',(3.97090908165584,13.8206277043184,20.0005613293954));
#6615=CARTESIAN_POINT('Ctrl Pts',(3.96333607908019,13.7839997507186,20.0004735951859));
#6616=CARTESIAN_POINT('Ctrl Pts',(3.9564948459119,13.7523953272838,20.0003796128013));
#6617=CARTESIAN_POINT('Ctrl Pts',(3.95020678488054,13.723346391437,20.0002932296953));
#6618=CARTESIAN_POINT('Ctrl Pts',(3.94453785356562,13.6985412909662,20.000201580733));
#6619=CARTESIAN_POINT('Ctrl Pts',(3.93969498198019,13.6779314155377,20.0001283013043));
#6620=CARTESIAN_POINT('Ctrl Pts',(3.93519516079412,13.6587814644272,20.0000602127086));
#6621=CARTESIAN_POINT('Ctrl Pts',(3.93140880688083,13.6432534323317,20.0000080248324));
#6622=CARTESIAN_POINT('Ctrl Pts',(3.92845892084508,13.6313261949909,20.0000008304201));
#6623=CARTESIAN_POINT('Ctrl Pts',(3.92823403200155,13.6304169047405,20.0000002819436));
#6624=CARTESIAN_POINT('Ctrl Pts',(3.92801398156453,13.6295285514858,20.));
#6625=CARTESIAN_POINT('Ctrl Pts',(3.92779881229007,13.6286611304968,20.));
#6626=CARTESIAN_POINT('Origin',(0.,0.,1.11022302462516E-15));
#6627=CARTESIAN_POINT('Origin',(0.,0.,20.));
#6628=CARTESIAN_POINT('Origin',(18.9990569800479,26.0819199202543,-3.91286627956439));
#6629=CARTESIAN_POINT('',(8.35220019303011,11.4633659827857,20.));
#6630=CARTESIAN_POINT('',(19.9762516928802,27.4173366091996,-2.26776414588395));
#6631=CARTESIAN_POINT('',(7.73588915581358,10.6194213851518,20.));
#6632=CARTESIAN_POINT('',(12.7596302777535,17.4986737816701,20.));
#6633=CARTESIAN_POINT('',(18.2604536756717,25.0669895031101,-1.76776695296637));
#6634=CARTESIAN_POINT('Origin',(20.5956626435441,32.8716621974265,2.76552584936398));
#6635=CARTESIAN_POINT('',(9.91532469576922,15.8253322370909,20.));
#6636=CARTESIAN_POINT('',(16.961050063551,11.7574807993661,20.));
#6637=CARTESIAN_POINT('',(20.5956626435441,32.8716621974265,2.76552584936398));
#6638=CARTESIAN_POINT('Ctrl Pts',(19.9392918715924,27.3666093818478,-2.19696158764337));
#6639=CARTESIAN_POINT('Ctrl Pts',(16.0769279787383,22.0655282488271,5.20202560823776));
#6640=CARTESIAN_POINT('Ctrl Pts',(12.2145640858842,16.7644471158064,12.6010128041189));
#6641=CARTESIAN_POINT('Ctrl Pts',(8.35220019303011,11.4633659827857,20.));
#6642=CARTESIAN_POINT('Ctrl Pts',(20.1940873597368,27.7738829133862,-1.71685461896965));
#6643=CARTESIAN_POINT('Ctrl Pts',(16.2837517165445,22.3931899384536,5.58920082420449));
#6644=CARTESIAN_POINT('Ctrl Pts',(12.3692649487189,17.0146582994923,12.8950524769193));
#6645=CARTESIAN_POINT('Ctrl Pts',(8.45892930552658,11.6339653245597,20.2011079200934));
#6646=CARTESIAN_POINT('Ctrl Pts',(20.4917765556255,28.7243150189524,-0.744911673032571));
#6647=CARTESIAN_POINT('Ctrl Pts',(16.5224201082518,23.1602389794699,6.37281897552696));
#6648=CARTESIAN_POINT('Ctrl Pts',(12.5529822454023,17.5961597760045,13.4905061762587));
#6649=CARTESIAN_POINT('Ctrl Pts',(8.58362579802872,12.032083736522,20.6082368248182));
#6650=CARTESIAN_POINT('Ctrl Pts',(20.7254343951844,30.5388546189814,0.943354636544603));
#6651=CARTESIAN_POINT('Ctrl Pts',(16.7116850521159,24.6228102501891,7.73407532274676));
#6652=CARTESIAN_POINT('Ctrl Pts',(12.6952500839606,18.7082051479306,14.5246996377867));
#6653=CARTESIAN_POINT('Ctrl Pts',(8.68150074089203,12.7921607791383,21.3154203239888));
#6654=CARTESIAN_POINT('Ctrl Pts',(20.6595016536682,31.9447450983831,2.12792513588735));
#6655=CARTESIAN_POINT('Ctrl Pts',(16.657870676443,25.7566713631625,8.68912066310889));
#6656=CARTESIAN_POINT('Ctrl Pts',(12.6555137134275,19.5691360064007,15.2504194468574));
#6657=CARTESIAN_POINT('Ctrl Pts',(8.65388273620234,13.3810622711801,21.8116149740789));
#6658=CARTESIAN_POINT('Ctrl Pts',(20.5575567955446,32.8108434422903,2.82701587482446));
#6659=CARTESIAN_POINT('Ctrl Pts',(16.5754311712374,26.4551805721289,9.25282763024804));
#6660=CARTESIAN_POINT('Ctrl Pts',(12.5933055469301,20.0995177019675,15.6786393856716));
#6661=CARTESIAN_POINT('Ctrl Pts',(8.61117992262292,13.7438548318061,22.1044511410952));
#6662=CARTESIAN_POINT('Ctrl Pts',(9.91532469576922,15.8253322370909,20.));
#6663=CARTESIAN_POINT('Ctrl Pts',(9.87491976984545,15.6354430816807,20.000001984128));
#6664=CARTESIAN_POINT('Ctrl Pts',(9.83202767711902,15.4442119681877,19.9999559084458));
#6665=CARTESIAN_POINT('Ctrl Pts',(9.78645185680425,15.2526657237231,19.999908450233));
#6666=CARTESIAN_POINT('Ctrl Pts',(9.74311129777517,15.0705138445538,19.9998633196033));
#6667=CARTESIAN_POINT('Ctrl Pts',(9.69734347350012,14.8880773389639,19.9998170788402));
#6668=CARTESIAN_POINT('Ctrl Pts',(9.64900355922998,14.706205752187,19.9997929718588));
#6669=CARTESIAN_POINT('Ctrl Pts',(9.60333938176989,14.5344012188334,19.9997701992599));
#6670=CARTESIAN_POINT('Ctrl Pts',(9.55537985257869,14.3631009263192,19.9997672287407));
#6671=CARTESIAN_POINT('Ctrl Pts',(9.50502807908507,14.1929871437299,19.9997869188483));
#6672=CARTESIAN_POINT('Ctrl Pts',(9.45921722133441,14.0382148734619,19.9998048332266));
#6673=CARTESIAN_POINT('Ctrl Pts',(9.41142628048645,13.884424571888,19.9998414136538));
#6674=CARTESIAN_POINT('Ctrl Pts',(9.3616032888795,13.7321020600158,19.999885061087));
#6675=CARTESIAN_POINT('Ctrl Pts',(9.31100950443165,13.577423023618,19.9999293837732));
#6676=CARTESIAN_POINT('Ctrl Pts',(9.2583195632229,13.4242580835614,19.9999810888205));
#6677=CARTESIAN_POINT('Ctrl Pts',(9.20355454065355,13.2730647935577,20.0000214658509));
#6678=CARTESIAN_POINT('Ctrl Pts',(9.16486710384414,13.1662579197795,20.0000499892356));
#6679=CARTESIAN_POINT('Ctrl Pts',(9.12514476306529,13.0604342454863,20.0000725487709));
#6680=CARTESIAN_POINT('Ctrl Pts',(9.08440459743395,12.9557436899814,20.000077514623));
#6681=CARTESIAN_POINT('Ctrl Pts',(9.03508126337714,12.8289968503028,20.0000835266844));
#6682=CARTESIAN_POINT('Ctrl Pts',(8.98705955180883,12.7111380307205,20.000158357701));
#6683=CARTESIAN_POINT('Ctrl Pts',(8.9408295550645,12.6017147801493,20.0002418444318));
#6684=CARTESIAN_POINT('Ctrl Pts',(8.92852489300407,12.5725904839207,20.0002640654157));
#6685=CARTESIAN_POINT('Ctrl Pts',(8.91634696356234,12.544063971471,20.0002869660245));
#6686=CARTESIAN_POINT('Ctrl Pts',(8.90430456339322,12.5161271507437,20.000309570009));
#6687=CARTESIAN_POINT('Ctrl Pts',(8.87716059992502,12.4531566439851,20.0003605201285));
#6688=CARTESIAN_POINT('Ctrl Pts',(8.85070129254319,12.393184758239,20.0004102500749));
#6689=CARTESIAN_POINT('Ctrl Pts',(8.82493120047185,12.3361867783421,20.0004583405984));
#6690=CARTESIAN_POINT('Ctrl Pts',(8.79751277519724,12.2755430348784,20.0005095071375));
#6691=CARTESIAN_POINT('Ctrl Pts',(8.77087487514694,12.2182655199202,20.0005587322466));
#6692=CARTESIAN_POINT('Ctrl Pts',(8.74507254044227,12.1642927042341,20.0006027789866));
#6693=CARTESIAN_POINT('Ctrl Pts',(8.71558127844572,12.102603463074,20.0006531230336));
#6694=CARTESIAN_POINT('Ctrl Pts',(8.68718166418131,12.0452311843893,20.0006965515063));
#6695=CARTESIAN_POINT('Ctrl Pts',(8.66001631952247,11.9920472754768,20.0007266497604));
#6696=CARTESIAN_POINT('Ctrl Pts',(8.62847001516096,11.9302863886277,20.000761601965));
#6697=CARTESIAN_POINT('Ctrl Pts',(8.59858914243746,11.874172700679,20.0007781736381));
#6698=CARTESIAN_POINT('Ctrl Pts',(8.57066600947312,11.8234680112309,20.0007689108416));
#6699=CARTESIAN_POINT('Ctrl Pts',(8.53757880817469,11.7633860616628,20.0007579349955));
#6700=CARTESIAN_POINT('Ctrl Pts',(8.5072443010839,11.7108952625695,20.0007095772767));
#6701=CARTESIAN_POINT('Ctrl Pts',(8.48020043886372,11.6655881390469,20.0006275750001));
#6702=CARTESIAN_POINT('Ctrl Pts',(8.45840281860353,11.6290701496567,20.0005614803547));
#6703=CARTESIAN_POINT('Ctrl Pts',(8.43874523312028,11.5972179510779,20.0004737081229));
#6704=CARTESIAN_POINT('Ctrl Pts',(8.42149617703131,11.5698413344966,20.0003796734538));
#6705=CARTESIAN_POINT('Ctrl Pts',(8.40564927569519,11.5446901297209,20.0002932827483));
#6706=CARTESIAN_POINT('Ctrl Pts',(8.39183605821039,11.5233159986378,20.000201619957));
#6707=CARTESIAN_POINT('Ctrl Pts',(8.38023440882044,11.5056024473662,20.0001283272882));
#6708=CARTESIAN_POINT('Ctrl Pts',(8.3694553526688,11.4891448422978,20.0000602312989));
#6709=CARTESIAN_POINT('Ctrl Pts',(8.36058564157445,11.4758470169385,20.0000080343522));
#6710=CARTESIAN_POINT('Ctrl Pts',(8.35373366364255,11.4656470337666,20.0000008321711));
#6711=CARTESIAN_POINT('Ctrl Pts',(8.35321076157797,11.4648686319223,20.0000002825436));
#6712=CARTESIAN_POINT('Ctrl Pts',(8.35269959181053,11.4641082879731,20.));
#6713=CARTESIAN_POINT('Ctrl Pts',(8.35220019303011,11.4633659827857,20.));
#6714=CARTESIAN_POINT('Origin',(0.,0.,1.11022302462516E-15));
#6715=CARTESIAN_POINT('Origin',(0.,0.,20.));
#6716=CARTESIAN_POINT('Origin',(26.773815635376,18.0109274936235,-3.91286627956439));
#6717=CARTESIAN_POINT('',(11.769202965144,7.91541971628712,20.));
#6718=CARTESIAN_POINT('',(28.1488177034481,18.9315884261597,-2.26776414588395));
#6719=CARTESIAN_POINT('',(10.9014139791211,7.3331619948204,20.));
#6720=CARTESIAN_POINT('',(19.8462827326243,13.3348732208441,20.));
#6721=CARTESIAN_POINT('',(25.7326289138284,17.3098220780454,-1.76776695296637));
#6722=CARTESIAN_POINT('Origin',(30.5963628224511,23.8451269106567,2.76552584936398));
#6723=CARTESIAN_POINT('',(14.7299398492168,11.4797071511121,20.));
#6724=CARTESIAN_POINT('',(18.6157483629996,6.84878089467838,20.));
#6725=CARTESIAN_POINT('',(30.5963628224511,23.8451269106567,2.76552584936398));
#6726=CARTESIAN_POINT('Ctrl Pts',(28.096737098549,18.8965614283184,-2.19696158764335));
#6727=CARTESIAN_POINT('Ctrl Pts',(22.6542257207473,15.2361808576413,5.20202560823777));
#6728=CARTESIAN_POINT('Ctrl Pts',(17.2117143429457,11.5758002869642,12.6010128041189));
#6729=CARTESIAN_POINT('Ctrl Pts',(11.769202965144,7.91541971628712,20.));
#6730=CARTESIAN_POINT('Ctrl Pts',(28.4754622901972,19.1921281711722,-1.71685461897035));
#6731=CARTESIAN_POINT('Ctrl Pts',(22.9606433590153,15.4733442450495,5.58920082420378));
#6732=CARTESIAN_POINT('Ctrl Pts',(17.4426628670865,11.7580110786324,12.895052476919));
#6733=CARTESIAN_POINT('Ctrl Pts',(11.9278439359047,8.03922715250975,20.2011079200931));
#6734=CARTESIAN_POINT('Ctrl Pts',(29.0802537088384,19.9834392290449,-0.744912570065635));
#6735=CARTESIAN_POINT('Ctrl Pts',(23.4472526614737,16.1125178942929,6.3728180784939));
#6736=CARTESIAN_POINT('Ctrl Pts',(17.8141809109466,12.2416140384395,13.4905058005082));
#6737=CARTESIAN_POINT('Ctrl Pts',(12.1811798635819,8.37069270368751,20.6082364490677));
#6738=CARTESIAN_POINT('Ctrl Pts',(29.9204289467148,21.6086342502525,0.943354225112219));
#6739=CARTESIAN_POINT('Ctrl Pts',(24.1253319644136,17.4221541382459,7.73407491131437));
#6740=CARTESIAN_POINT('Ctrl Pts',(18.3282106973539,13.2379369199189,14.5246994654453));
#6741=CARTESIAN_POINT('Ctrl Pts',(12.5331137150528,9.05145680791231,21.3154201516474));
#6742=CARTESIAN_POINT('Ctrl Pts',(30.3393275501177,22.9522755252138,2.12792513588812));
#6743=CARTESIAN_POINT('Ctrl Pts',(24.4625785838809,18.5060266997149,8.68912066310967));
#6744=CARTESIAN_POINT('Ctrl Pts',(18.5853315504316,14.0605320862445,15.2504194468577));
#6745=CARTESIAN_POINT('Ctrl Pts',(12.7085825841948,9.61428326074557,21.8116149740792));
#6746=CARTESIAN_POINT('Ctrl Pts',(30.5397537989287,23.8010089428442,2.82701587482445));
#6747=CARTESIAN_POINT('Ctrl Pts',(24.6240150089425,19.1906066203169,9.25282763024803));
#6748=CARTESIAN_POINT('Ctrl Pts',(18.7082762189562,14.5802042977896,15.6786393856716));
#6749=CARTESIAN_POINT('Ctrl Pts',(12.79253742897,9.96980197526234,22.1044511410952));
#6750=CARTESIAN_POINT('Ctrl Pts',(14.7299398492168,11.4797071511121,20.));
#6751=CARTESIAN_POINT('Ctrl Pts',(14.6270399517828,11.3151117725326,20.0000019838537));
#6752=CARTESIAN_POINT('Ctrl Pts',(14.5213444710308,11.1501063762455,19.9999559138086));
#6753=CARTESIAN_POINT('Ctrl Pts',(14.413019897501,10.9857225835838,19.9999084504229));
#6754=CARTESIAN_POINT('Ctrl Pts',(14.3100037510558,10.8293943903933,19.9998633129722));
#6755=CARTESIAN_POINT('Ctrl Pts',(14.2046096864968,10.6736288126628,19.9998170555468));
#6756=CARTESIAN_POINT('Ctrl Pts',(14.0969922079889,10.5192733656112,19.9997929206055));
#6757=CARTESIAN_POINT('Ctrl Pts',(13.9953280709977,10.37345677957,19.9997701207963));
#6758=CARTESIAN_POINT('Ctrl Pts',(13.8916796398897,10.2288987893234,19.9997671144516));
#6759=CARTESIAN_POINT('Ctrl Pts',(13.7861892661818,10.0862734523817,19.999786766397));
#6760=CARTESIAN_POINT('Ctrl Pts',(13.690173126637,9.95645749123685,19.9998046533744));
#6761=CARTESIAN_POINT('Ctrl Pts',(13.5926311048767,9.82824240781084,19.9998412207531));
#6762=CARTESIAN_POINT('Ctrl Pts',(13.4936807172852,9.70210292057761,19.9998848612584));
#6763=CARTESIAN_POINT('Ctrl Pts',(13.3932345107981,9.57405660070756,19.999929161471));
#6764=CARTESIAN_POINT('Ctrl Pts',(13.2913365218372,9.448149864149,19.9999808444149));
#6765=CARTESIAN_POINT('Ctrl Pts',(13.1881630707612,9.3248054433977,20.0000212056611));
#6766=CARTESIAN_POINT('Ctrl Pts',(13.1152786124928,9.23767167794607,20.0000497179144));
#6767=CARTESIAN_POINT('Ctrl Pts',(13.0417580019286,9.15181570321485,20.0000722694771));
#6768=CARTESIAN_POINT('Ctrl Pts',(12.9676685721595,9.06737254939889,20.000077232733));
#6769=CARTESIAN_POINT('Ctrl Pts',(12.8779710566967,8.96514013758595,20.0000832415757));
#6770=CARTESIAN_POINT('Ctrl Pts',(12.7925365455025,8.870814250326,20.000158075976));
#6771=CARTESIAN_POINT('Ctrl Pts',(12.7116707917637,8.78380215231983,20.000241575108));
#6772=CARTESIAN_POINT('Ctrl Pts',(12.690146161253,8.76064150429573,20.0002638006841));
#6773=CARTESIAN_POINT('Ctrl Pts',(12.6689451094242,8.73799928669567,20.0002867065886));
#6774=CARTESIAN_POINT('Ctrl Pts',(12.6480731350371,8.71586488595004,20.0003093164199));
#6775=CARTESIAN_POINT('Ctrl Pts',(12.6010315150132,8.66597798737384,20.0003602748522));
#6776=CARTESIAN_POINT('Ctrl Pts',(12.5556587091988,8.61867442345563,20.0004100160945));
#6777=CARTESIAN_POINT('Ctrl Pts',(12.5119505281654,8.57392943642577,20.0004581191855));
#6778=CARTESIAN_POINT('Ctrl Pts',(12.4654470034951,8.52632279714188,20.0005092986953));
#6779=CARTESIAN_POINT('Ctrl Pts',(12.4208280382648,8.48161208866532,20.0005585382667));
#6780=CARTESIAN_POINT('Ctrl Pts',(12.3781242850624,8.43972070094719,20.0006026001526));
#6781=CARTESIAN_POINT('Ctrl Pts',(12.3293162449223,8.39184114985532,20.0006529604637));
#6782=CARTESIAN_POINT('Ctrl Pts',(12.2830100934918,8.34764430529586,20.0006964064249));
#6783=CARTESIAN_POINT('Ctrl Pts',(12.2392958309337,8.30696060952594,20.0007265236191));
#6784=CARTESIAN_POINT('Ctrl Pts',(12.1885340840662,8.25971800847402,20.0007614962184));
#6785=CARTESIAN_POINT('Ctrl Pts',(12.1412678572999,8.21721133875068,20.0007780921367));
#6786=CARTESIAN_POINT('Ctrl Pts',(12.0976902757313,8.17911692346888,20.0007688583002));
#6787=CARTESIAN_POINT('Ctrl Pts',(12.0460408819604,8.13396633491987,20.0007579140935));
#6788=CARTESIAN_POINT('Ctrl Pts',(11.999575608965,8.09500930747791,20.0007095760412));
#6789=CARTESIAN_POINT('Ctrl Pts',(11.9586607403768,8.06167873084118,20.0006275795281));
#6790=CARTESIAN_POINT('Ctrl Pts',(11.9256861522557,8.03481656375227,20.0005614959418));
#6791=CARTESIAN_POINT('Ctrl Pts',(11.896318445553,8.01160711587933,20.000473730239));
#6792=CARTESIAN_POINT('Ctrl Pts',(11.870744893013,7.99177978348014,20.0003796976806));
#6793=CARTESIAN_POINT('Ctrl Pts',(11.8472493409183,7.97356353759265,20.0002933058166));
#6794=CARTESIAN_POINT('Ctrl Pts',(11.8269570081538,7.95820140016078,20.0002016376896));
#6795=CARTESIAN_POINT('Ctrl Pts',(11.8099952412059,7.94552301911718,20.0001283392601));
#6796=CARTESIAN_POINT('Ctrl Pts',(11.7942372187927,7.93374439880832,20.0000602426815));
#6797=CARTESIAN_POINT('Ctrl Pts',(11.781354027506,7.92428193327379,20.0000080426854));
#6798=CARTESIAN_POINT('Ctrl Pts',(11.771426339669,7.91704034327348,20.0000008337778));
#6799=CARTESIAN_POINT('Ctrl Pts',(11.7706679703975,7.91648716317526,20.0000002830943));
#6800=CARTESIAN_POINT('Ctrl Pts',(11.7699268355884,7.91594696461533,20.));
#6801=CARTESIAN_POINT('Ctrl Pts',(11.769202965144,7.91541971628712,20.));
#6802=CARTESIAN_POINT('Origin',(0.,0.,1.11022302462516E-15));
#6803=CARTESIAN_POINT('Origin',(0.,0.,20.));
#6804=CARTESIAN_POINT('Origin',(31.3192569856425,7.76755139828167,-3.91286627956439));
#6805=CARTESIAN_POINT('',(13.7666661647248,3.41275701285086,20.));
#6806=CARTESIAN_POINT('',(32.9262208666756,8.16241127843675,-2.26776414588395));
#6807=CARTESIAN_POINT('',(12.7520673888112,3.16241504196897,20.));
#6808=CARTESIAN_POINT('',(24.487427155177,6.05799619450352,20.));
#6809=CARTESIAN_POINT('',(30.1010693318216,7.46483464460247,-1.76776695296637));
#6810=CARTESIAN_POINT('Origin',(36.9066900907472,11.9425174018687,2.76552584936398));
#6811=CARTESIAN_POINT('',(17.7679068660894,5.74945996027569,20.));
#6812=CARTESIAN_POINT('',(18.8722141407438,2.71540065902322,20.));
#6813=CARTESIAN_POINT('',(36.9066900907472,11.9425174018687,2.76552584936398));
#6814=CARTESIAN_POINT('Ctrl Pts',(32.8653011677439,8.14730928298903,-2.19696158764335));
#6815=CARTESIAN_POINT('Ctrl Pts',(26.4990895000709,6.56912519294297,5.20202560823777));
#6816=CARTESIAN_POINT('Ctrl Pts',(20.1328778323978,4.99094110289691,12.6010128041189));
#6817=CARTESIAN_POINT('Ctrl Pts',(13.7666661647248,3.41275701285085,20.));
#6818=CARTESIAN_POINT('Ctrl Pts',(33.3222762153945,8.29551952586998,-1.71685461896996));
#6819=CARTESIAN_POINT('Ctrl Pts',(26.8681326373817,6.68722396284226,5.5892048793283));
#6820=CARTESIAN_POINT('Ctrl Pts',(20.4122281293974,5.08313510253856,12.895048421795));
#6821=CARTESIAN_POINT('Ctrl Pts',(13.9580845513845,3.47483953951084,20.2011079200933));
#6822=CARTESIAN_POINT('Ctrl Pts',(34.1612702813244,8.83218173022783,-0.74490880228101));
#6823=CARTESIAN_POINT('Ctrl Pts',(27.5440661065421,7.12123273146751,6.37281431368997));
#6824=CARTESIAN_POINT('Ctrl Pts',(20.9267278065783,5.41058639948385,13.4905149113519));
#6825=CARTESIAN_POINT('Ctrl Pts',(14.3095236317961,3.69963740072353,20.6082380273229));
#6826=CARTESIAN_POINT('Ctrl Pts',(35.5062918593885,10.0729043275976,0.943350170003987));
#6827=CARTESIAN_POINT('Ctrl Pts',(28.6288102859908,8.12098382779478,7.73407542781477));
#6828=CARTESIAN_POINT('Ctrl Pts',(21.7504098414407,6.17127362483506,14.5246931952269));
#6829=CARTESIAN_POINT('Ctrl Pts',(14.8729282680431,4.21935312503228,21.3154184530377));
#6830=CARTESIAN_POINT('Ctrl Pts',(36.3597827832355,11.1914227841924,2.12792513588778));
#6831=CARTESIAN_POINT('Ctrl Pts',(29.3167442011762,9.02325955343622,8.68911832450604));
#6832=CARTESIAN_POINT('Ctrl Pts',(22.273478395889,6.85604302811177,15.2504217854608));
#6833=CARTESIAN_POINT('Ctrl Pts',(15.2304398138297,4.68787979735555,21.8116149740791));
#6834=CARTESIAN_POINT('Ctrl Pts',(36.8384057753988,11.9204214994099,2.82701587482447));
#6835=CARTESIAN_POINT('Ctrl Pts',(29.702579224812,9.61136228690508,9.25282763024804));
#6836=CARTESIAN_POINT('Ctrl Pts',(22.5667526742252,7.30230307440028,15.6786393856716));
#6837=CARTESIAN_POINT('Ctrl Pts',(15.4309261236384,4.99324386189549,22.1044511410952));
#6838=CARTESIAN_POINT('Ctrl Pts',(17.7679068660894,5.74945996027569,20.));
#6839=CARTESIAN_POINT('Ctrl Pts',(17.6161217041699,5.63092656708715,20.0000021019689));
#6840=CARTESIAN_POINT('Ctrl Pts',(17.4616078936222,5.51296776699934,19.9999567123123));
#6841=CARTESIAN_POINT('Ctrl Pts',(17.3048650472881,5.39646889704891,19.9999095574137));
#6842=CARTESIAN_POINT('Ctrl Pts',(17.1554983587501,5.28545234458811,19.9998646215764));
#6843=CARTESIAN_POINT('Ctrl Pts',(17.0041074745296,5.17576200720144,19.9998182242827));
#6844=CARTESIAN_POINT('Ctrl Pts',(16.8511224070768,5.06812236640206,19.9997934952294));
#6845=CARTESIAN_POINT('Ctrl Pts',(16.7063696473995,4.96627494223305,19.9997700968758));
#6846=CARTESIAN_POINT('Ctrl Pts',(16.5601896541481,4.86626362220264,19.999766152066));
#6847=CARTESIAN_POINT('Ctrl Pts',(16.4129446822812,4.76865970134959,19.9997848618601));
#6848=CARTESIAN_POINT('Ctrl Pts',(16.2755117988349,4.67755989598152,19.9998023248738));
#6849=CARTESIAN_POINT('Ctrl Pts',(16.1371511422102,4.58855724756381,19.9998394936923));
#6850=CARTESIAN_POINT('Ctrl Pts',(15.9981555033809,4.50207798834985,19.9998842168627));
#6851=CARTESIAN_POINT('Ctrl Pts',(15.8593200523309,4.41569839356135,19.999928888491));
#6852=CARTESIAN_POINT('Ctrl Pts',(15.7198509005763,4.33183703170941,19.9999811513301));
#6853=CARTESIAN_POINT('Ctrl Pts',(15.5800600890702,4.25084243517772,20.0000218636231));
#6854=CARTESIAN_POINT('Ctrl Pts',(15.4824315386959,4.19427659252789,20.0000502966947));
#6855=CARTESIAN_POINT('Ctrl Pts',(15.384646112945,4.13910804540469,20.0000727784518));
#6856=CARTESIAN_POINT('Ctrl Pts',(15.2868100760598,4.0854411910161,20.0000778610933));
#6857=CARTESIAN_POINT('Ctrl Pts',(15.1660320460385,4.01918976509117,20.0000841355852));
#6858=CARTESIAN_POINT('Ctrl Pts',(15.0521371458827,3.95906575351543,20.0001609124041));
#6859=CARTESIAN_POINT('Ctrl Pts',(14.9452118383291,3.90438587019053,20.0002457469328));
#6860=CARTESIAN_POINT('Ctrl Pts',(14.9184687314952,3.89070987528456,20.0002669649111));
#6861=CARTESIAN_POINT('Ctrl Pts',(14.8921615869953,3.87737468032707,20.0002887497727));
#6862=CARTESIAN_POINT('Ctrl Pts',(14.8662917174539,3.86437010569131,20.0003102615254));
#6863=CARTESIAN_POINT('Ctrl Pts',(14.8049928481445,3.83355565880176,20.0003612338011));
#6864=CARTESIAN_POINT('Ctrl Pts',(14.7461477569331,3.80460199758696,20.0004109579299));
#6865=CARTESIAN_POINT('Ctrl Pts',(14.6897442488852,3.77748667352974,20.0004590307022));
#6866=CARTESIAN_POINT('Ctrl Pts',(14.6297228500077,3.74863209094685,20.0005101870068));
#6867=CARTESIAN_POINT('Ctrl Pts',(14.5724663643405,3.72185881607694,20.0005593873928));
#6868=CARTESIAN_POINT('Ctrl Pts',(14.5179776269805,3.69708359950544,20.0006033982967));
#6869=CARTESIAN_POINT('Ctrl Pts',(14.4556712249268,3.66875380734174,20.0006537235788));
#6870=CARTESIAN_POINT('Ctrl Pts',(14.3969836594877,3.64303631149355,20.0006971119505));
#6871=CARTESIAN_POINT('Ctrl Pts',(14.3419418724916,3.6197396050466,20.0007271341347));
#6872=CARTESIAN_POINT('Ctrl Pts',(14.2779675747908,3.59266216961031,20.0007620284987));
#6873=CARTESIAN_POINT('Ctrl Pts',(14.218918469694,3.56885358942857,20.0007784580176));
#6874=CARTESIAN_POINT('Ctrl Pts',(14.1648660831329,3.54794052382715,20.0007689419183));
#6875=CARTESIAN_POINT('Ctrl Pts',(14.1011000217692,3.52326920199871,20.0007577156949));
#6876=CARTESIAN_POINT('Ctrl Pts',(14.0442886801385,3.50262241777359,20.0007092889101));
#6877=CARTESIAN_POINT('Ctrl Pts',(13.9945813638811,3.48534652056573,20.0006274123446));
#6878=CARTESIAN_POINT('Ctrl Pts',(13.9544447777347,3.47139695360562,20.0005613004305));
#6879=CARTESIAN_POINT('Ctrl Pts',(13.9189409503391,3.45964289747177,20.0004735548598));
#6880=CARTESIAN_POINT('Ctrl Pts',(13.8881531636762,3.44976661201079,20.000379568864));
#6881=CARTESIAN_POINT('Ctrl Pts',(13.8598566828337,3.44068950213595,20.0002931880871));
#6882=CARTESIAN_POINT('Ctrl Pts',(13.8355442201181,3.43319769923297,20.0002015488177));
#6883=CARTESIAN_POINT('Ctrl Pts',(13.8152771136435,3.42708778516318,20.0001282797795));
#6884=CARTESIAN_POINT('Ctrl Pts',(13.7964432920978,3.42140996275698,20.0000601923101));
#6885=CARTESIAN_POINT('Ctrl Pts',(13.7811030235445,3.41692522806777,20.0000080099136));
#6886=CARTESIAN_POINT('Ctrl Pts',(13.7692995100218,3.4135165103866,20.0000008275497));
#6887=CARTESIAN_POINT('Ctrl Pts',(13.768401243146,3.41325710134064,20.00000028096));
#6888=CARTESIAN_POINT('Ctrl Pts',(13.7675234556507,3.4130039485554,20.));
#6889=CARTESIAN_POINT('Ctrl Pts',(13.7666661647248,3.41275701285085,20.));
#6890=CARTESIAN_POINT('Origin',(0.,0.,1.11022302462516E-15));
#6891=CARTESIAN_POINT('Origin',(0.,0.,20.));
#6892=CARTESIAN_POINT('Origin',(38.765525849364,-1.40053595837007,2.76552584936398));
#6893=CARTESIAN_POINT('',(18.6628020885341,-0.674256954761907,20.));
#6894=CARTESIAN_POINT('',(18.6628020885341,-0.700267979185202,20.));
#6895=CARTESIAN_POINT('',(38.765525849364,-1.40053595837007,2.76552584936398));
#6896=CARTESIAN_POINT('Origin',(32.0871337204356,-3.41270603254236,-3.91286627956439));
#6897=CARTESIAN_POINT('',(14.1036662504859,-1.5015345532645,20.));
#6898=CARTESIAN_POINT('',(33.732235854116,-3.59127313382633,-2.26776414588395));
#6899=CARTESIAN_POINT('',(25.3003051369357,-2.70595633486028,20.));
#6900=CARTESIAN_POINT('Ctrl Pts',(33.6698248759219,-3.58462860334771,-2.19696158764335));
#6901=CARTESIAN_POINT('Ctrl Pts',(27.1477720007766,-2.89026391998664,5.20202560823777));
#6902=CARTESIAN_POINT('Ctrl Pts',(20.6257191256312,-2.19589923662557,12.6010128041189));
#6903=CARTESIAN_POINT('Ctrl Pts',(14.1036662504859,-1.5015345532645,20.));
#6904=CARTESIAN_POINT('Ctrl Pts',(34.1499318445949,-3.60165120308135,-1.71685461897008));
#6905=CARTESIAN_POINT('Ctrl Pts',(27.5349512718667,-2.90550756410483,5.5892048793282));
#6906=CARTESIAN_POINT('Ctrl Pts',(20.9197547433072,-2.20480864409943,12.895048421795));
#6907=CARTESIAN_POINT('Ctrl Pts',(14.304774170579,-1.50866500512291,20.2011079200932));
#6908=CARTESIAN_POINT('Ctrl Pts',(35.1218692213069,-3.38413676106926,-0.744917242258165));
#6909=CARTESIAN_POINT('Ctrl Pts',(28.3185522662514,-2.72868578947113,6.3728058737128));
#6910=CARTESIAN_POINT('Ctrl Pts',(21.515217697514,-2.07300320419833,13.4905113760018));
#6911=CARTESIAN_POINT('Ctrl Pts',(14.7119007424585,-1.41755223260021,20.6082344919728));
#6912=CARTESIAN_POINT('Ctrl Pts',(36.810132311121,-2.67824362392385,0.94334584755549));
#6913=CARTESIAN_POINT('Ctrl Pts',(29.6798174979053,-2.16021168049616,7.73407110536628));
#6914=CARTESIAN_POINT('Ctrl Pts',(22.5493977061457,-1.63989861034718,14.5246913846332));
#6915=CARTESIAN_POINT('Ctrl Pts',(15.41908289293,-1.1218666669195,21.315416642444));
#6916=CARTESIAN_POINT('Ctrl Pts',(37.9947115994522,-1.91928071241174,2.12792513588738));
#6917=CARTESIAN_POINT('Ctrl Pts',(30.634864717044,-1.54782663572857,8.68911832450562));
#6918=CARTESIAN_POINT('Ctrl Pts',(23.2751281069728,-1.17540523201595,15.2504217854607));
#6919=CARTESIAN_POINT('Ctrl Pts',(15.9152812245646,-0.803951155332782,21.8116149740789));
#6920=CARTESIAN_POINT('Ctrl Pts',(38.6938023383898,-1.39794470353788,2.82701587482446));
#6921=CARTESIAN_POINT('Ctrl Pts',(31.1985740227869,-1.12715418690755,9.25282763024804));
#6922=CARTESIAN_POINT('Ctrl Pts',(23.703345707184,-0.856363670277229,15.6786393856716));
#6923=CARTESIAN_POINT('Ctrl Pts',(16.2081173915811,-0.585573153646906,22.1044511410952));
#6924=CARTESIAN_POINT('Ctrl Pts',(18.6628020885341,-0.67425695476191,20.));
#6925=CARTESIAN_POINT('Ctrl Pts',(18.4798849594312,-0.733645510233421,20.0000020990418));
#6926=CARTESIAN_POINT('Ctrl Pts',(18.2946067752272,-0.791561826424287,19.9999567627897));
#6927=CARTESIAN_POINT('Ctrl Pts',(18.1077366278939,-0.847348667954347,19.9999095550761));
#6928=CARTESIAN_POINT('Ctrl Pts',(17.929586360738,-0.900532340489491,19.9998645502056));
#6929=CARTESIAN_POINT('Ctrl Pts',(17.7499893768343,-0.951780205549112,19.9998179863557));
#6930=CARTESIAN_POINT('Ctrl Pts',(17.5695956876793,-1.00056126919784,19.9997929796327));
#6931=CARTESIAN_POINT('Ctrl Pts',(17.3988489034675,-1.04673367016968,19.9997693101931));
#6932=CARTESIAN_POINT('Ctrl Pts',(17.2273884017032,-1.09069589020427,19.9997650092749));
#6933=CARTESIAN_POINT('Ctrl Pts',(17.0557490518619,-1.13203689389469,19.999783341846));
#6934=CARTESIAN_POINT('Ctrl Pts',(16.8948973723191,-1.17077958246661,19.9998005222004));
#6935=CARTESIAN_POINT('Ctrl Pts',(16.7338886000374,-1.20722024889846,19.9998375607243));
#6936=CARTESIAN_POINT('Ctrl Pts',(16.5731480396816,-1.24105650637378,19.9998822249942));
#6937=CARTESIAN_POINT('Ctrl Pts',(16.4131377485101,-1.27473904050699,19.9999266863475));
#6938=CARTESIAN_POINT('Ctrl Pts',(16.2533932832416,-1.30584012720677,19.9999787498119));
#6939=CARTESIAN_POINT('Ctrl Pts',(16.0943271542164,-1.33413919009787,20.0000193249834));
#6940=CARTESIAN_POINT('Ctrl Pts',(15.9832434418261,-1.35390181952989,20.0000476606241));
#6941=CARTESIAN_POINT('Ctrl Pts',(15.8724902309028,-1.37229883832628,20.0000700760454));
#6942=CARTESIAN_POINT('Ctrl Pts',(15.7622030881691,-1.3892685732081,20.0000751437684));
#6943=CARTESIAN_POINT('Ctrl Pts',(15.6260513411864,-1.41021806009049,20.0000813999766));
#6944=CARTESIAN_POINT('Ctrl Pts',(15.4984631703824,-1.42776539751648,20.0001582358965));
#6945=CARTESIAN_POINT('Ctrl Pts',(15.379286133294,-1.44258178467979,20.000243210058));
#6946=CARTESIAN_POINT('Ctrl Pts',(15.3494767560897,-1.44628776096973,20.0002644643776));
#6947=CARTESIAN_POINT('Ctrl Pts',(15.3201936711179,-1.44982264489308,20.0002862906059));
#6948=CARTESIAN_POINT('Ctrl Pts',(15.291434629696,-1.45319644596951,20.0003078484675));
#6949=CARTESIAN_POINT('Ctrl Pts',(15.2233262269724,-1.46118642724364,20.0003589027256));
#6950=CARTESIAN_POINT('Ctrl Pts',(15.158157246342,-1.46826828350773,20.0004087360569));
#6951=CARTESIAN_POINT('Ctrl Pts',(15.0959085616321,-1.47445861634392,20.0004569294166));
#6952=CARTESIAN_POINT('Ctrl Pts',(15.0296720973231,-1.48104551471576,20.0005082101427));
#6953=CARTESIAN_POINT('Ctrl Pts',(14.9667419883851,-1.48662342663769,20.0005575483492));
#6954=CARTESIAN_POINT('Ctrl Pts',(14.9070924564639,-1.49127115456147,20.0006017032997));
#6955=CARTESIAN_POINT('Ctrl Pts',(14.8388986096934,-1.49658463206342,20.0006521830911));
#6956=CARTESIAN_POINT('Ctrl Pts',(14.7749923330909,-1.50068254163469,20.0006957373421));
#6957=CARTESIAN_POINT('Ctrl Pts',(14.7153335240816,-1.50375336949948,20.0007259396298));
#6958=CARTESIAN_POINT('Ctrl Pts',(14.6460238345602,-1.50732095875271,20.0007610276783));
#6959=CARTESIAN_POINT('Ctrl Pts',(14.5824465659482,-1.50950363744805,20.0007776886098));
#6960=CARTESIAN_POINT('Ctrl Pts',(14.5245414406913,-1.51067516315107,20.0007684505431));
#6961=CARTESIAN_POINT('Ctrl Pts',(14.4560680840635,-1.51206050334169,20.000757526442));
#6962=CARTESIAN_POINT('Ctrl Pts',(14.395525147537,-1.51203703493003,20.0007092871368));
#6963=CARTESIAN_POINT('Ctrl Pts',(14.3428290471251,-1.51127254381663,20.0006274647592));
#6964=CARTESIAN_POINT('Ctrl Pts',(14.3003191160412,-1.51065582902576,20.0005614586676));
#6965=CARTESIAN_POINT('Ctrl Pts',(14.2629158049434,-1.50955937735421,20.0004737756017));
#6966=CARTESIAN_POINT('Ctrl Pts',(14.2305886692601,-1.50831067387437,20.0003798094682));
#6967=CARTESIAN_POINT('Ctrl Pts',(14.2008668001816,-1.50716260428635,20.0002934161316));
#6968=CARTESIAN_POINT('Ctrl Pts',(14.1754359026465,-1.50588676816498,20.0002017238007));
#6969=CARTESIAN_POINT('Ctrl Pts',(14.1542840168308,-1.50469583295029,20.000128397815));
#6970=CARTESIAN_POINT('Ctrl Pts',(14.1346414867157,-1.5035898804587,20.0000603042229));
#6971=CARTESIAN_POINT('Ctrl Pts',(14.1186891161364,-1.50255743095079,20.0000080917918));
#6972=CARTESIAN_POINT('Ctrl Pts',(14.1064274579212,-1.5017233460875,20.0000008433559));
#6973=CARTESIAN_POINT('Ctrl Pts',(14.1054852573179,-1.50165925400079,20.0000002863774));
#6974=CARTESIAN_POINT('Ctrl Pts',(14.1045648538955,-1.50159630840054,20.));
#6975=CARTESIAN_POINT('Ctrl Pts',(14.1036662504859,-1.5015345532645,20.));
#6976=CARTESIAN_POINT('Origin',(2.04939015319194,1.6,-4.00000005960464));
#6977=CARTESIAN_POINT('',(2.04939015319194,1.6,1.99999994039536));
#6978=CARTESIAN_POINT('',(2.04939015319194,1.6,-4.00000005960464));
#6979=CARTESIAN_POINT('',(-2.04939015319194,1.6,1.99999994039536));
#6980=CARTESIAN_POINT('',(2.04939015319194,1.6,1.99999994039536));
#6981=CARTESIAN_POINT('',(-2.04939015319194,1.6,-4.00000005960464));
#6982=CARTESIAN_POINT('Origin',(0.,0.,-4.00000005960464));
#6983=CARTESIAN_POINT('',(-2.04939015319194,-1.6,1.99999994039536));
#6984=CARTESIAN_POINT('Origin',(0.,0.,1.99999994039536));
#6985=CARTESIAN_POINT('',(-2.04939015319194,-1.6,-4.00000005960464));
#6986=CARTESIAN_POINT('Origin',(-2.04939015319194,-1.6,-4.00000005960464));
#6987=CARTESIAN_POINT('',(2.04939015319194,-1.6,1.99999994039536));
#6988=CARTESIAN_POINT('',(2.04939015319194,-1.6,1.99999994039536));
#6989=CARTESIAN_POINT('',(2.04939015319194,-1.6,-4.00000005960464));
#6990=CARTESIAN_POINT('Origin',(0.,0.,-4.00000005960464));
#6991=CARTESIAN_POINT('Origin',(0.,0.,1.99999994039536));
#6992=CARTESIAN_POINT('Origin',(0.,2.77555756156289E-16,1.99999994039536));
#6993=CARTESIAN_POINT('Origin',(0.,0.,25.));
#6994=CARTESIAN_POINT('',(-4.85,-5.93953697586466E-16,30.));
#6995=CARTESIAN_POINT('Origin',(0.,0.,30.));
#6996=CARTESIAN_POINT('',(-4.85,-5.93953697586466E-16,20.));
#6997=CARTESIAN_POINT('',(-4.85,-5.93953697586466E-16,25.));
#6998=CARTESIAN_POINT('Origin',(0.,0.,20.));
#6999=CARTESIAN_POINT('Origin',(0.,0.,30.));
#7000=CARTESIAN_POINT('Origin',(18.7285310929407,0.,20.));
#7001=CARTESIAN_POINT('',(0.,0.,0.));
#7002=UNCERTAINTY_MEASURE_WITH_UNIT(LENGTH_MEASURE(0.01),#7008,
'DISTANCE_ACCURACY_VALUE',
'Maximum model space distance between geometric entities at asserted c
onnectivities');
#7003=UNCERTAINTY_MEASURE_WITH_UNIT(LENGTH_MEASURE(0.01),#7008,
'DISTANCE_ACCURACY_VALUE',
'Maximum model space distance between geometric entities at asserted c
onnectivities');
#7004=UNCERTAINTY_MEASURE_WITH_UNIT(LENGTH_MEASURE(0.01),#7008,
'DISTANCE_ACCURACY_VALUE',
'Maximum model space distance between geometric entities at asserted c
onnectivities');
#7005=(
GEOMETRIC_REPRESENTATION_CONTEXT(3)
GLOBAL_UNCERTAINTY_ASSIGNED_CONTEXT((#7002))
GLOBAL_UNIT_ASSIGNED_CONTEXT((#7008,#7010,#7011))
REPRESENTATION_CONTEXT('','3D')
);
#7006=(
GEOMETRIC_REPRESENTATION_CONTEXT(3)
GLOBAL_UNCERTAINTY_ASSIGNED_CONTEXT((#7003))
GLOBAL_UNIT_ASSIGNED_CONTEXT((#7008,#7010,#7011))
REPRESENTATION_CONTEXT('','3D')
);
#7007=(
GEOMETRIC_REPRESENTATION_CONTEXT(3)
GLOBAL_UNCERTAINTY_ASSIGNED_CONTEXT((#7004))
GLOBAL_UNIT_ASSIGNED_CONTEXT((#7008,#7010,#7011))
REPRESENTATION_CONTEXT('','3D')
);
#7008=(
LENGTH_UNIT()
NAMED_UNIT(*)
SI_UNIT(.MILLI.,.METRE.)
);
#7009=(
LENGTH_UNIT()
NAMED_UNIT(*)
SI_UNIT($,.METRE.)
);
#7010=(
NAMED_UNIT(*)
PLANE_ANGLE_UNIT()
SI_UNIT($,.RADIAN.)
);
#7011=(
NAMED_UNIT(*)
SI_UNIT($,.STERADIAN.)
SOLID_ANGLE_UNIT()
);
#7012=SHAPE_DEFINITION_REPRESENTATION(#7014,#7017);
#7013=SHAPE_DEFINITION_REPRESENTATION(#7015,#7018);
#7014=PRODUCT_DEFINITION_SHAPE('',$,#7020);
#7015=PRODUCT_DEFINITION_SHAPE('',$,#7021);
#7016=PRODUCT_DEFINITION_SHAPE($,$,#14);
#7017=SHAPE_REPRESENTATION('',(#2636,#2818),#7005);
#7018=SHAPE_REPRESENTATION('',(#2637),#7006);
#7019=PRODUCT_DEFINITION_CONTEXT('part definition',#7027,'design');
#7020=PRODUCT_DEFINITION(
'01 - STANDARD EXTERNAL INVOLUTE MITER BEVEL GEAR',
'01 - STANDARD EXTERNAL INVOLUTE MITER BEVEL GEAR v13',#7022,#7019);
#7021=PRODUCT_DEFINITION(
'01 - STANDARD EXTERNAL INVOLUTE MITER BEVEL GEAR_1',
'01 - STANDARD EXTERNAL INVOLUTE MITER BEVEL GEAR',#7023,#7019);
#7022=PRODUCT_DEFINITION_FORMATION('',$,#7029);
#7023=PRODUCT_DEFINITION_FORMATION('',$,#7030);
#7024=PRODUCT_RELATED_PRODUCT_CATEGORY(
'01 - STANDARD EXTERNAL INVOLUTE MITER BEVEL GEAR v13',
'01 - STANDARD EXTERNAL INVOLUTE MITER BEVEL GEAR v13',(#7029));
#7025=PRODUCT_RELATED_PRODUCT_CATEGORY(
'01 - STANDARD EXTERNAL INVOLUTE MITER BEVEL GEAR',
'01 - STANDARD EXTERNAL INVOLUTE MITER BEVEL GEAR',(#7030));
#7026=APPLICATION_PROTOCOL_DEFINITION('international standard',
'automotive_design',2009,#7027);
#7027=APPLICATION_CONTEXT(
'Core Data for Automotive Mechanical Design Process');
#7028=PRODUCT_CONTEXT('part definition',#7027,'mechanical');
#7029=PRODUCT('01 - STANDARD EXTERNAL INVOLUTE MITER BEVEL GEAR',
'01 - STANDARD EXTERNAL INVOLUTE MITER BEVEL GEAR v13',$,(#7028));
#7030=PRODUCT('01 - STANDARD EXTERNAL INVOLUTE MITER BEVEL GEAR_1',
'01 - STANDARD EXTERNAL INVOLUTE MITER BEVEL GEAR',$,(#7028));
#7031=PRESENTATION_STYLE_ASSIGNMENT((#7032));
#7032=SURFACE_STYLE_USAGE(.BOTH.,#7033);
#7033=SURFACE_SIDE_STYLE('',(#7034));
#7034=SURFACE_STYLE_FILL_AREA(#7035);
#7035=FILL_AREA_STYLE('Steel - Satin',(#7036));
#7036=FILL_AREA_STYLE_COLOUR('Steel - Satin',#7037);
#7037=COLOUR_RGB('Steel - Satin',0.627450980392157,0.627450980392157,0.627450980392157);
ENDSEC;
END-ISO-10303-21;
